date Thu Feb 05 08:30:19.075 2026
base hex  timestamps absolute
no internal events logged
// version 8.1.0
   0.000042 CANFD   1 Rx        284                                   1 0 8  8 00 00 64 00 00 00 00 00        0    0     3000        0        0        0        0        0
   0.000493 CANFD   1 Rx        102                                   1 0 E 48 35 10 0F A9 4F F6 39 20 00 00 92 40 00 02 00 00 05 00 A0 00 A0 00 00 00 C8 00 A0 00 4E 20 01 00 5C 00 00 00 5E 00 00 AD 10 00 64 00 93 4C A0 00        0    0     3000        0        0        0        0        0
   0.000604 CANFD   1 Rx        119                                   1 0 8  8 01 00 2C C9 BF 00 00 00        0    0     3000        0        0        0        0        0
   0.000895 CANFD   1 Rx        20B                                   1 0 E 48 4F 07 9B F0 00 05 00 84 89 07 FF E0 05 32 0B 31 1E 07 01 90 16 40 00 00 00 07 9B F0 32 64 32 32 4A 07 99 00 00 00 23 A0 00 07 00 12 CC F9 BA F7        0    0     3000        0        0        0        0        0
   0.001039 CANFD   1 Rx        32B                                   1 0 A 16 99 09 14 0D 11 13 0D 06 00 09 30 00 1E F9 C4 00        0    0     3000        0        0        0        0        0
   0.001402 CANFD   1 Rx        555                                   1 0 F 64 12 A4 00 01 00 00 00 00 E9 E9 EA EA 00 00 00 00 00 00 00 00 5A A5 5A A5 17 17 17 17 17 17 17 17 FB FA FA F9 FC F9 FB FB FA FA 17 00 00 00 00 00 00 00 00 00 00 00 00 00 00 00 13 87 00 FF FF FF        0    0     3000        0        0        0        0        0
   0.001516 CANFD   1 Rx        181                                   1 0 8  8 C6 09 A0 00 00 00 03 E8        0    0     3000        0        0        0        0        0
   0.001626 CANFD   1 Rx        191                                   1 0 8  8 14 09 8A 13 88 00 00 00        0    0     3000        0        0        0        0        0
   0.001776 CANFD   1 Rx        171                                   1 0 A 16 A5 09 00 00 00 00 00 00 00 00 00 00 00 00 00 00        0    0     3000        0        0        0        0        0
   0.001887 CANFD   1 Rx        2AB                                   1 0 8  8 D6 03 00 00 00 00 00 3C        0    0     3000        0        0        0        0        0
   0.002976 CANFD   1 Rx        492                                   1 0 F 64 00 03 00 00 00 00 5E 00 00 03 00 00 00 00 00 00 00 03 00 18 02 01 00 00 00 03 00 03 BF 00 01 00 00 03 00 00 00 00 B3 28 00 03 00 80 00 00 00 00 00 00 00 00 00 00 00 00 00 00 00 00 00 00 00 00        0    0     3000        0        0        0        0        0
   0.006612 CANFD   1 Rx         21                                   1 0 8  8 22 0A 07 D9 00 00 00 00        0    0     3000        0        0        0        0        0
   0.006952 CANFD   1 Rx        35B                                   1 0 8  8 00 00 06 00 00 00 00 00        0    0     3000        0        0        0        0        0
   0.007084 CANFD   1 Rx        2FF                                   1 0 8  8 00 00 00 00 00 00 00 00        0    0     3000        0        0        0        0        0
   0.010492 CANFD   1 Rx        102                                   1 0 E 48 D6 11 0F AA 4F F6 39 20 00 01 92 40 00 02 00 00 58 01 A0 00 A0 00 00 00 95 01 A0 00 4E 20 01 00 01 01 00 00 5E 00 00 AD 4D 01 64 00 93 4C A0 00        0    0     3000        0        0        0        0        0
   0.010603 CANFD   1 Rx        119                                   1 0 8  8 01 00 2C C9 BF 00 00 00        0    0     3000        0        0        0        0        0
   0.010900 CANFD   1 Rx        208                                   1 0 E 48 58 08 00 00 00 0D 9C 40 72 08 00 00 00 12 12 FC 8B 08 FC 15 15 14 02 00 56 08 00 00 00 00 00 02 A4 08 00 10 00 00 00 00 00 00 4E 20 4E 20 02 02        0    0     3000        0        0        0        0        0
   0.011118 CANFD   1 Rx        405                                   1 0 D 32 60 2B 00 98 10 C0 5F 79 36 FB 00 B6 01 D8 90 90 95 80 A6 00 14 10 F2 00 13 F7 B7 C0 10 10 14 13        0    0     3000        0        0        0        0        0
   0.011482 CANFD   1 Rx        555                                   1 0 F 64 12 A4 00 01 00 00 00 00 E9 E9 EA EA 00 00 00 00 00 00 00 00 5A A5 5A A5 17 17 17 17 17 17 17 17 FB FA FA F9 FC F9 FB FB FA FA 17 00 00 00 00 00 00 00 00 00 00 00 00 00 00 00 13 87 00 FF FF FF        0    0     3000        0        0        0        0        0
   0.011595 CANFD   1 Rx        181                                   1 0 8  8 21 0A A0 00 00 00 03 E8        0    0     3000        0        0        0        0        0
   0.011704 CANFD   1 Rx        191                                   1 0 8  8 F3 0A 8A 13 88 00 00 00        0    0     3000        0        0        0        0        0
   0.011817 CANFD   1 Rx        233                                   1 0 8  8 00 00 02 C4 00 00 00 00        0    0     3000        0        0        0        0        0
   0.011930 CANFD   1 Rx        414                                   1 0 8  8 00 00 14 01 00 00 00 95        0    0     3000        0        0        0        0        0
   0.012042 CANFD   1 Rx        2B4                                   1 0 8  8 00 00 FE FE FE FE 00 00        0    0     3000        0        0        0        0        0
   0.012192 CANFD   1 Rx        27E                                   1 0 A 16 A3 03 00 00 00 00 00 00 9A 03 00 03 C0 00 00 00        0    0     3000        0        0        0        0        0
   0.012303 CANFD   1 Rx        476                                   1 0 8  8 00 00 00 00 00 02 D4 56        0    0     3000        0        0        0        0        0
   0.012416 CANFD   1 Rx        531                                   1 0 8  8 00 00 00 00 00 00 00 00        0    0     3000        0        0        0        0        0
   0.012528 CANFD   1 Rx        40A                                   1 0 8  8 D9 03 80 B2 48 00 01 00        0    0     3000        0        0        0        0        0
   0.012639 CANFD   1 Rx        4B4                                   1 0 8  8 89 04 7D 00 00 00 00 18        0    0     3000        0        0        0        0        0
   0.012750 CANFD   1 Rx        4B9                                   1 0 8  8 AC 04 00 00 00 01 00 0B        0    0     3000        0        0        0        0        0
   0.012868 CANFD   1 Rx          0                                   1 0 8  8 00 00 00 00 00 00 00 00        0    0     3000        0        0        0        0        0
   0.012985 CANFD   1 Rx          0                                   1 0 8  8 00 00 00 00 00 00 00 00        0    0     3000        0        0        0        0        0
   0.013102 CANFD   1 Rx          0                                   1 0 8  8 00 00 00 00 00 00 00 00        0    0     3000        0        0        0        0        0
   0.013220 CANFD   1 Rx          0                                   1 0 8  8 00 00 00 00 00 00 00 00        0    0     3000        0        0        0        0        0
   0.013337 CANFD   1 Rx          0                                   1 0 8  8 00 00 00 00 00 00 00 00        0    0     3000        0        0        0        0        0
   0.013454 CANFD   1 Rx          0                                   1 0 8  8 00 00 00 00 00 00 00 00        0    0     3000        0        0        0        0        0
   0.013604 CANFD   1 Rx        171                                   1 0 A 16 42 0A 00 00 00 00 00 00 00 00 00 00 00 00 00 00        0    0     3000        0        0        0        0        0
   0.013756 CANFD   1 Rx        422                                   1 0 A 16 00 00 00 00 00 00 00 00 00 00 00 00 00 00 00 00        0    0     3000        0        0        0        0        0
   0.013909 CANFD   1 Rx        43E                                   1 0 A 16 0B 04 00 00 00 00 00 00 00 00 00 00 00 00 3E 80        0    0     3000        0        0        0        0        0
   0.014019 CANFD   1 Rx        494                                   1 0 8  8 00 00 2D 23 24 18 28 00        0    0     3000        0        0        0        0        0
   0.014214 CANFD   1 Rx        3DF                                   1 0 C 24 00 00 00 00 00 00 02 00 00 00 00 00 00 00 00 00 00 00 00 00 00 00 00 00        0    0     3000        0        0        0        0        0
   0.014328 CANFD   1 Rx        201                                   1 0 8  8 0E 02 00 00 00 00 00 00        0    0     3000        0        0        0        0        0
   0.014479 CANFD   1 Rx        4C3                                   1 0 A 16 00 00 3E 80 00 00 00 00 00 00 00 00 00 00 00 00        0    0     3000        0        0        0        0        0
   0.014708 CANFD   1 Rx        421                                   1 0 D 32 00 00 00 64 00 00 00 50 00 00 3E 83 E8 3E 83 E8 00 00 00 00 00 00 00 00 00 00 00 00 00 00 00 00        0    0     3000        0        0        0        0        0
   0.015088 CANFD   1 Rx        522                                   1 0 F 64 00 00 00 00 1D 80 00 00 00 00 00 00 00 00 00 00 00 00 07 FF 80 7D 00 20 00 00 00 80 00 00 3E 00 00 00 00 00 00 00 00 00 00 00 08 BD 00 00 00 00 00 00 00 00 00 00 00 00 00 00 00 00 00 00 00 00        0    0     3000        0        0        0        0        0
   0.015476 CANFD   1 Rx          0                                   1 0 F 64 00 00 00 00 00 00 00 00 00 00 00 00 00 00 00 00 00 00 00 00 00 00 00 00 00 00 00 00 00 00 00 00 00 00 00 00 00 00 00 00 00 00 00 00 00 00 00 00 00 00 00 00 00 00 00 00 00 00 00 00 00 00 00 00        0    0     3000        0        0        0        0        0
   0.015864 CANFD   1 Rx          0                                   1 0 F 64 00 00 00 00 00 00 00 00 00 00 00 00 00 00 00 00 00 00 00 00 00 00 00 00 00 00 00 00 00 00 00 00 00 00 00 00 00 00 00 00 00 00 00 00 00 00 00 00 00 00 00 00 00 00 00 00 00 00 00 00 00 00 00 00        0    0     3000        0        0        0        0        0
   0.016253 CANFD   1 Rx          0                                   1 0 F 64 00 00 00 00 00 00 00 00 00 00 00 00 00 00 00 00 00 00 00 00 00 00 00 00 00 00 00 00 00 00 00 00 00 00 00 00 00 00 00 00 00 00 00 00 00 00 00 00 00 00 00 00 00 00 00 00 00 00 00 00 00 00 00 00        0    0     3000        0        0        0        0        0
   0.016641 CANFD   1 Rx          0                                   1 0 F 64 00 00 00 00 00 00 00 00 00 00 00 00 00 00 00 00 00 00 00 00 00 00 00 00 00 00 00 00 00 00 00 00 00 00 00 00 00 00 00 00 00 00 00 00 00 00 00 00 00 00 00 00 00 00 00 00 00 00 00 00 00 00 00 00        0    0     3000        0        0        0        0        0
   0.016758 CANFD   1 Rx          0                                   1 0 8  8 00 00 00 00 00 00 00 00        0    0     3000        0        0        0        0        0
   0.016876 CANFD   1 Rx          0                                   1 0 8  8 00 00 00 00 00 00 00 00        0    0     3000        0        0        0        0        0
   0.016993 CANFD   1 Rx          0                                   1 0 8  8 00 00 00 00 00 00 00 00        0    0     3000        0        0        0        0        0
   0.017110 CANFD   1 Rx          0                                   1 0 8  8 00 00 00 00 00 00 00 00        0    0     3000        0        0        0        0        0
   0.017224 CANFD   1 Rx         21                                   1 0 8  8 7F 0B 07 D9 00 00 00 00        0    0     3000        0        0        0        0        0
   0.017334 CANFD   1 Rx        23B                                   1 0 8  8 96 03 03 81 7F 00 00 00        0    0     3000        0        0        0        0        0
   0.017449 CANFD   1 Rx        413                                   1 0 8  8 FF FF FF FF FF FF 00 00        0    0     3000        0        0        0        0        0
   0.017829 CANFD   1 Rx        4B2                                   1 0 8  8 00 00 21 00 00 02 08 00        0    0     3000        0        0        0        0        0
   0.017948 CANFD   1 Rx        4BD                                   1 0 8  8 00 00 00 27 00 00 00 00        0    0     3000        0        0        0        0        0
   0.018067 CANFD   1 Rx        4D9                                   1 0 8  8 00 00 00 00 00 00 40 00        0    0     3000        0        0        0        0        0
   0.020041 CANFD   1 Rx        284                                   1 0 8  8 00 00 64 00 00 00 00 00        0    0     3000        0        0        0        0        0
   0.020491 CANFD   1 Rx        102                                   1 0 E 48 31 12 0F AA 4F F6 39 20 00 02 92 40 00 02 00 00 BF 02 A0 00 A0 00 00 00 72 02 A0 00 4E 20 01 00 E6 02 00 00 5E 00 00 AD AA 02 64 00 93 4C A0 00        0    0     3000        0        0        0        0        0
   0.020602 CANFD   1 Rx        119                                   1 0 8  8 01 00 2C C9 BF 00 00 00        0    0     3000        0        0        0        0        0
   0.020890 CANFD   1 Rx        20B                                   1 0 E 48 13 08 9B F0 00 05 00 84 D5 08 FF E0 05 32 0B 31 72 08 01 90 16 60 00 00 00 08 9B F0 32 64 32 32 2D 08 98 E0 00 00 23 A0 00 08 00 12 CC F9 BA F7        0    0     3000        0        0        0        0        0
   0.021237 CANFD   1 Rx        33B                                   1 0 F 64 0D 07 0D 09 0D 0F 0D 0A 0D 07 0D 0A 0D 08 0D 0A 0D 10 0D 08 0D 08 0D 08 0D 07 0D 08 0D 07 0D 07 0D 11 0D 07 0D 07 0D 08 0D 08 0D 08 0D 08 0D 0A 0D 08 0D 09 0D 08 0D 08 0D 08 0D 09 00 1F 1E FF        0    0     3000        0        0        0        0        0
   0.021351 CANFD   1 Rx        181                                   1 0 8  8 7C 0B A0 00 00 00 03 E8        0    0     3000        0        0        0        0        0
   0.021461 CANFD   1 Rx        191                                   1 0 8  8 AE 0B 8A 13 88 00 00 00        0    0     3000        0        0        0        0        0
   0.021612 CANFD   1 Rx        171                                   1 0 A 16 1F 0B 00 00 00 00 00 00 00 00 00 00 00 00 00 00        0    0     3000        0        0        0        0        0
   0.021904 CANFD   1 Rx        40E                                   1 0 E 48 0C 03 00 B7 80 22 40 00 00 70 80 C3 50 92 40 04 00 00 13 34 00 01 1A C0 00 00 00 03 D8 47 2D 80 00 00 85 4D 03 E1 2A 00 00 00 78 FC E0 00 00 00        0    0     3000        0        0        0        0        0
   0.022016 CANFD   1 Rx        2AB                                   1 0 8  8 58 04 00 00 00 00 00 3C        0    0     3000        0        0        0        0        0
   0.022129 CANFD   1 Rx        4CF                                   1 0 8  8 00 00 00 00 00 00 00 00        0    0     3000        0        0        0        0        0
   0.022512 CANFD   1 Rx        4FB                                   1 0 F 64 00 00 40 00 00 00 00 00 00 00 00 00 00 00 00 00 00 00 00 00 0F A0 0F A0 00 00 00 00 0F A0 00 00 00 00 0F A0 00 00 00 00 00 00 00 64 00 00 00 00 00 00 00 00 00 00 00 00 00 00 00 00 00 00 00 00        0    0     3000        0        0        0        0        0
   0.022876 CANFD   1 Rx        555                                   1 0 F 64 12 A4 00 01 00 00 00 00 E9 E9 EA EA 00 00 00 00 00 00 00 00 5A A5 5A A5 17 17 17 17 17 17 17 17 FB FA FA F9 FC F9 FB FB FA FA 17 00 00 00 00 00 00 00 00 00 00 00 00 00 00 00 13 87 00 FF FF FF        0    0     3000        0        0        0        0        0
   0.026611 CANFD   1 Rx         21                                   1 0 8  8 4F 0C 07 DA 00 00 00 00        0    0     3000        0        0        0        0        0
   0.026974 CANFD   1 Rx        2FF                                   1 0 8  8 00 00 00 00 00 00 00 00        0    0     3000        0        0        0        0        0
   0.030492 CANFD   1 Rx        102                                   1 0 E 48 06 13 0F AB 4F F6 39 20 00 03 92 40 00 02 00 00 E2 03 A0 00 A0 00 00 00 2F 03 A0 00 4E 20 01 00 BB 03 00 00 5E 00 00 AD F7 03 64 00 93 4C A0 00        0    0     3000        0        0        0        0        0
   0.030603 CANFD   1 Rx        119                                   1 0 8  8 01 00 2C C9 BF 00 00 00        0    0     3000        0        0        0        0        0
   0.030899 CANFD   1 Rx        208                                   1 0 E 48 05 09 00 00 00 0D 9C 40 2F 09 00 00 00 12 12 FC D6 09 FC 15 15 14 02 00 0B 09 00 00 00 00 00 02 D5 09 00 0C 00 00 00 00 00 00 4E 20 4E 20 02 02        0    0     3000        0        0        0        0        0
   0.031129 CANFD   1 Rx        40F                                   1 0 D 32 00 00 00 00 10 40 08 00 00 00 14 02 02 01 00 02 00 00 00 00 00 00 00 00 00 00 00 00 00 00 00 00        0    0     3000        0        0        0        0        0
   0.031492 CANFD   1 Rx        555                                   1 0 F 64 12 A4 00 01 00 00 00 00 E9 E9 EA EA 00 00 00 00 00 00 00 00 5A A5 5A A5 17 17 17 17 17 17 17 17 FB FA FA F9 FC F9 FB FB FA FA 17 00 00 00 00 00 00 00 00 00 00 00 00 00 00 00 13 87 00 FF FF FF        0    0     3000        0        0        0        0        0
   0.031606 CANFD   1 Rx        181                                   1 0 8  8 F2 0C A0 00 00 00 03 E8        0    0     3000        0        0        0        0        0
   0.031716 CANFD   1 Rx        191                                   1 0 8  8 20 0C 8A 13 88 00 00 00        0    0     3000        0        0        0        0        0
   0.031828 CANFD   1 Rx        233                                   1 0 8  8 00 00 02 C4 00 00 00 00        0    0     3000        0        0        0        0        0
   0.031978 CANFD   1 Rx        171                                   1 0 A 16 91 0C 00 00 00 00 00 00 00 00 00 00 00 00 00 00        0    0     3000        0        0        0        0        0
   0.032090 CANFD   1 Rx        2B4                                   1 0 8  8 00 00 FE FE FE FE 00 00        0    0     3000        0        0        0        0        0
   0.032241 CANFD   1 Rx        27E                                   1 0 A 16 2D 04 00 00 00 00 00 00 14 04 00 03 C0 00 00 00        0    0     3000        0        0        0        0        0
   0.033947 CANFD   1 Rx        201                                   1 0 8  8 53 03 00 00 00 00 00 00        0    0     3000        0        0        0        0        0
   0.036471 CANFD   1 Rx        64F                                   0 0 8  8 4F 00 02 00 00 02 00 00        0    0   200000        0        0        0        0        0
   0.036709 CANFD   1 Rx         21                                   1 0 8  8 12 0D 07 DA 00 00 00 00        0    0     3000        0        0        0        0        0
   0.036872 CANFD   1 Rx        23B                                   1 0 8  8 18 04 03 81 7F 00 00 00        0    0     3000        0        0        0        0        0
   0.040039 CANFD   1 Rx        284                                   1 0 8  8 00 00 64 00 00 00 00 00        0    0     3000        0        0        0        0        0
   0.040507 CANFD   1 Rx        102                                   1 0 E 48 88 14 0F AB 4F F6 39 20 00 04 92 40 00 02 00 00 6C 04 A0 00 A0 00 00 00 A1 04 A0 00 4E 20 01 00 35 04 00 00 5E 00 00 AD 79 04 64 00 93 4C A0 00        0    0     3000        0        0        0        0        0
   0.040618 CANFD   1 Rx        119                                   1 0 8  8 01 00 2C C9 BF 00 00 00        0    0     3000        0        0        0        0        0
   0.040906 CANFD   1 Rx        20B                                   1 0 E 48 4E 09 9B F0 00 05 00 84 88 09 FF E0 05 32 0B 31 1F 09 01 90 16 40 00 00 00 09 9B F0 32 64 32 32 4B 09 99 00 00 00 23 A0 00 09 00 12 CC F9 BA F7        0    0     3000        0        0        0        0        0
   0.041055 CANFD   1 Rx        321                                   1 0 A 16 00 00 0B 32 71 10 00 00 00 00 00 00 00 00 00 00        0    0     3000        0        0        0        0        0
   0.041284 CANFD   1 Rx        416                                   1 0 D 32 E7 03 00 00 00 00 00 00 E7 03 00 00 00 00 00 00 E7 03 00 00 00 00 00 00 00 00 00 00 00 00 00 00        0    0     3000        0        0        0        0        0
   0.041397 CANFD   1 Rx        181                                   1 0 8  8 AF 0D A0 00 00 00 03 E8        0    0     3000        0        0        0        0        0
   0.041506 CANFD   1 Rx        191                                   1 0 8  8 7D 0D 8A 13 88 00 00 00        0    0     3000        0        0        0        0        0
   0.041657 CANFD   1 Rx        171                                   1 0 A 16 CC 0D 00 00 00 00 00 00 00 00 00 00 00 00 00 00        0    0     3000        0        0        0        0        0
   0.042020 CANFD   1 Rx        555                                   1 0 F 64 12 A5 00 01 00 00 00 00 E9 E9 EA EA 00 00 00 00 00 00 00 00 5A A5 5A A5 17 17 17 17 17 17 17 17 FB FA FA F9 FC F9 FB FB FA FA 17 00 00 00 00 00 00 00 00 00 00 00 00 00 00 00 13 87 00 FF FF FF        0    0     3000        0        0        0        0        0
   0.042132 CANFD   1 Rx        2AB                                   1 0 8  8 05 05 00 00 00 00 00 3C        0    0     3000        0        0        0        0        0
   0.042438 CANFD   1 Rx        4E0                                   1 0 E 48 BE 04 00 00 00 40 00 07 00 04 00 00 00 00 00 00 00 04 00 00 00 00 03 04 E8 04 00 00 00 00 00 00 00 00 00 00 00 00 10 01 00 00 00 00 00 00 00 00        0    0     3000        0        0        0        0        0
   0.042818 CANFD   1 Rx        4B7                                   1 0 F 64 00 04 6B 00 00 48 48 00 00 04 16 00 00 00 00 00 00 04 00 00 00 16 EA E0 00 04 08 00 00 00 00 00 00 04 34 80 00 00 00 00 00 04 00 00 00 00 00 00 00 04 01 01 02 00 00 00 00 00 00 00 00 00 00 00        0    0     3000        0        0        0        0        0
   0.046663 CANFD   1 Rx         21                                   1 0 8  8 F5 0E 07 DA 00 00 00 00        0    0     3000        0        0        0        0        0
   0.047052 CANFD   1 Rx        2FF                                   1 0 8  8 00 00 00 00 00 00 00 00        0    0     3000        0        0        0        0        0
   0.050491 CANFD   1 Rx        102                                   1 0 E 48 D5 15 0F AB 4F F6 39 20 00 05 92 40 00 02 00 00 31 05 A0 00 A0 00 00 00 FC 05 A0 00 4E 20 01 00 68 05 00 00 5E 00 00 AD 24 05 64 00 93 4C A0 00        0    0     3000        0        0        0        0        0
   0.050602 CANFD   1 Rx        119                                   1 0 8  8 01 00 2C C9 BF 00 00 00        0    0     3000        0        0        0        0        0
   0.050897 CANFD   1 Rx        208                                   1 0 E 48 E2 0A 00 00 00 0D 9C 40 C8 0A 00 00 00 12 12 FC 31 0A FC 15 15 14 02 00 EC 0A 00 00 00 00 00 02 87 0A 00 08 00 00 00 00 00 00 4E 20 4E 20 02 02        0    0     3000        0        0        0        0        0
   0.051041 CANFD   1 Rx        32B                                   1 0 A 16 74 0A 1C 0D 11 13 0D 06 00 0A 30 00 1E F9 C4 00        0    0     3000        0        0        0        0        0
   0.051193 CANFD   1 Rx        41F                                   1 0 A 16 00 05 00 00 01 00 00 00 DC 05 00 00 00 00 5E 00        0    0     3000        0        0        0        0        0
   0.051306 CANFD   1 Rx        181                                   1 0 8  8 48 0E A0 00 00 00 03 E8        0    0     3000        0        0        0        0        0
   0.051416 CANFD   1 Rx        191                                   1 0 8  8 9A 0E 8A 13 88 00 00 00        0    0     3000        0        0        0        0        0
   0.051528 CANFD   1 Rx        233                                   1 0 8  8 00 00 02 C4 00 00 00 00        0    0     3000        0        0        0        0        0
   0.051678 CANFD   1 Rx        171                                   1 0 A 16 2B 0E 00 00 00 00 00 00 00 00 00 00 00 00 00 00        0    0     3000        0        0        0        0        0
   0.051789 CANFD   1 Rx        513                                   1 0 8  8 00 04 0F AB 4F F6 00 00        0    0     3000        0        0        0        0        0
   0.051901 CANFD   1 Rx        2B4                                   1 0 8  8 00 00 FE FE FE FE 00 00        0    0     3000        0        0        0        0        0
   0.052265 CANFD   1 Rx        555                                   1 0 F 64 12 A4 00 01 00 00 00 00 E9 E9 EA EA 00 00 00 00 00 00 00 00 5A A5 5A A5 17 17 17 17 17 17 17 17 FB FA FA F9 FC F9 FB FB FA FA 17 00 00 00 00 00 00 00 00 00 00 00 00 00 00 00 13 87 00 FF FF FF        0    0     3000        0        0        0        0        0
   0.052415 CANFD   1 Rx        27E                                   1 0 A 16 70 05 00 00 00 00 00 00 49 05 00 03 C0 00 00 00        0    0     3000        0        0        0        0        0
   0.052770 CANFD   1 Rx        448                                   1 0 D 32 00 00 01 20 00 00 00 14 00 00 00 00 00 00 00 00 00 00 08 00 00 00 00 00 00 00 00 00 00 00 00 00        0    0     3000        0        0        0        0        0
   0.053402 CANFD   1 Rx        4A0                                   1 0 F 64 00 04 23 1F 00 00 00 00 00 04 28 06 0D 00 00 00 00 04 00 01 01 0A 00 00 00 04 00 00 64 00 00 00 00 04 1D 00 03 00 00 03 00 04 00 00 1B 00 3C 0A 00 04 04 00 00 00 00 00 00 04 F5 20 A5 20 A5 20        0    0     3000        0        0        0        0        0
   0.053946 CANFD   1 Rx        201                                   1 0 8  8 DD 04 00 00 00 00 00 00        0    0     3000        0        0        0        0        0
   0.056553 CANFD   1 Rx         21                                   1 0 8  8 4A 00 07 D9 00 00 00 00        0    0     3000        0        0        0        0        0
   0.056924 CANFD   1 Rx        23B                                   1 0 8  8 45 05 03 81 7F 00 00 00        0    0     3000        0        0        0        0        0
   0.057037 CANFD   1 Rx        35B                                   1 0 8  8 00 00 06 00 00 00 00 00        0    0     3000        0        0        0        0        0
   0.058295 CANFD   1 Rx        436                                   1 0 8  8 24 00 02 00 02 00 00 00        0    0     3000        0        0        0        0        0
   0.060040 CANFD   1 Rx        284                                   1 0 8  8 00 00 64 00 00 00 00 00        0    0     3000        0        0        0        0        0
   0.060489 CANFD   1 Rx        102                                   1 0 E 48 32 16 0F AB 4F F6 39 20 00 06 92 40 00 02 00 00 D6 06 A0 00 A0 00 00 00 1B 06 A0 00 4E 20 01 00 8F 06 00 00 5E 00 00 AD C3 06 64 00 93 4C A0 00        0    0     3000        0        0        0        0        0
   0.060601 CANFD   1 Rx        119                                   1 0 8  8 01 00 2C C9 BF 00 00 00        0    0     3000        0        0        0        0        0
   0.060889 CANFD   1 Rx        20B                                   1 0 E 48 A9 0A 9B F0 00 05 00 84 6F 0A FF E0 05 32 0B 31 F8 0A 01 90 16 40 00 00 00 0A 9B F0 32 64 32 32 AC 0A 99 00 00 00 23 A0 00 0A 00 12 CC F9 BA F7        0    0     3000        0        0        0        0        0
   0.061038 CANFD   1 Rx        4C8                                   1 0 A 16 00 00 1C 0D 11 13 0D 06 00 00 30 00 00 00 00 00        0    0     3000        0        0        0        0        0
   0.061147 CANFD   1 Rx        50B                                   1 0 8  8 F3 04 4E 20 04 15 14 5E        0    0     3000        0        0        0        0        0
   0.061259 CANFD   1 Rx        462                                   1 0 8  8 00 00 00 04 00 00 0A 00        0    0     3000        0        0        0        0        0
   0.061372 CANFD   1 Rx        181                                   1 0 8  8 49 00 A0 00 00 00 03 E8        0    0     3000        0        0        0        0        0
   0.061482 CANFD   1 Rx        191                                   1 0 8  8 9B 00 8A 13 88 00 00 00        0    0     3000        0        0        0        0        0
   0.061600 CANFD   1 Rx          0                                   1 0 8  8 00 00 00 00 00 00 00 00        0    0     3000        0        0        0        0        0
   0.061717 CANFD   1 Rx          0                                   1 0 8  8 00 00 00 00 00 00 00 00        0    0     3000        0        0        0        0        0
   0.061834 CANFD   1 Rx          0                                   1 0 8  8 00 00 00 00 00 00 00 00        0    0     3000        0        0        0        0        0
   0.061951 CANFD   1 Rx          0                                   1 0 8  8 00 00 00 00 00 00 00 00        0    0     3000        0        0        0        0        0
   0.062069 CANFD   1 Rx          0                                   1 0 8  8 00 00 00 00 00 00 00 00        0    0     3000        0        0        0        0        0
   0.062186 CANFD   1 Rx          0                                   1 0 8  8 00 00 00 00 00 00 00 00        0    0     3000        0        0        0        0        0
   0.062337 CANFD   1 Rx        171                                   1 0 A 16 2A 00 00 00 00 00 00 00 00 00 00 00 00 00 00 00        0    0     3000        0        0        0        0        0
   0.062725 CANFD   1 Rx          0                                   1 0 F 64 00 00 00 00 00 00 00 00 00 00 00 00 00 00 00 00 00 00 00 00 00 00 00 00 00 00 00 00 00 00 00 00 00 00 00 00 00 00 00 00 00 00 00 00 00 00 00 00 00 00 00 00 00 00 00 00 00 00 00 00 00 00 00 00        0    0     3000        0        0        0        0        0
   0.063113 CANFD   1 Rx          0                                   1 0 F 64 00 00 00 00 00 00 00 00 00 00 00 00 00 00 00 00 00 00 00 00 00 00 00 00 00 00 00 00 00 00 00 00 00 00 00 00 00 00 00 00 00 00 00 00 00 00 00 00 00 00 00 00 00 00 00 00 00 00 00 00 00 00 00 00        0    0     3000        0        0        0        0        0
   0.063502 CANFD   1 Rx          0                                   1 0 F 64 00 00 00 00 00 00 00 00 00 00 00 00 00 00 00 00 00 00 00 00 00 00 00 00 00 00 00 00 00 00 00 00 00 00 00 00 00 00 00 00 00 00 00 00 00 00 00 00 00 00 00 00 00 00 00 00 00 00 00 00 00 00 00 00        0    0     3000        0        0        0        0        0
   0.063890 CANFD   1 Rx          0                                   1 0 F 64 00 00 00 00 00 00 00 00 00 00 00 00 00 00 00 00 00 00 00 00 00 00 00 00 00 00 00 00 00 00 00 00 00 00 00 00 00 00 00 00 00 00 00 00 00 00 00 00 00 00 00 00 00 00 00 00 00 00 00 00 00 00 00 00        0    0     3000        0        0        0        0        0
   0.064007 CANFD   1 Rx          0                                   1 0 8  8 00 00 00 00 00 00 00 00        0    0     3000        0        0        0        0        0
   0.064125 CANFD   1 Rx          0                                   1 0 8  8 00 00 00 00 00 00 00 00        0    0     3000        0        0        0        0        0
   0.064242 CANFD   1 Rx          0                                   1 0 8  8 00 00 00 00 00 00 00 00        0    0     3000        0        0        0        0        0
   0.064359 CANFD   1 Rx          0                                   1 0 8  8 00 00 00 00 00 00 00 00        0    0     3000        0        0        0        0        0
   0.064470 CANFD   1 Rx        2AB                                   1 0 8  8 E2 06 00 00 00 00 00 3C        0    0     3000        0        0        0        0        0
   0.064665 CANFD   1 Rx        3DF                                   1 0 C 24 00 00 00 00 00 00 02 00 00 00 00 00 00 00 00 00 00 00 00 00 00 00 00 00        0    0     3000        0        0        0        0        0
   0.065029 CANFD   1 Rx        555                                   1 0 F 64 12 A2 00 01 00 00 00 00 EA E9 EA EA 00 00 00 00 00 00 00 00 5A A5 5A A5 17 17 17 17 17 17 17 17 FB FA FA F9 FC F9 FB FB FA FA 17 00 00 00 00 00 00 00 00 00 00 00 00 00 00 00 13 87 00 FF FF FF        0    0     3000        0        0        0        0        0
   0.066564 CANFD   1 Rx         21                                   1 0 8  8 7D 01 07 D8 00 00 00 00        0    0     3000        0        0        0        0        0
   0.066870 CANFD   1 Rx        49D                                   1 0 8  8 A1 04 80 00 00 00 00 00        0    0     3000        0        0        0        0        0
   0.066992 CANFD   1 Rx        2FF                                   1 0 8  8 00 00 00 00 00 00 00 00        0    0     3000        0        0        0        0        0
   0.070117 CANFD   1 Rx        457                                   1 0 A 16 00 00 00 00 13 00 11 11 00 00 00 08 00 13 00 08        0    0     3000        0        0        0        0        0
   0.070490 CANFD   1 Rx        102                                   1 0 E 48 6F 17 0F AB 4F F6 39 20 00 07 92 40 00 02 00 00 8B 07 A0 00 A0 00 00 00 46 07 A0 00 4E 20 01 00 D2 07 00 00 5E 00 00 AD 9E 07 64 00 93 4C A0 00        0    0     3000        0        0        0        0        0
   0.070602 CANFD   1 Rx        119                                   1 0 8  8 01 00 2C C9 BF 00 00 00        0    0     3000        0        0        0        0        0
   0.070897 CANFD   1 Rx        208                                   1 0 E 48 BF 0B 00 00 00 0D 9C 40 95 0B 00 00 00 12 12 FC 6C 0B FC 15 15 14 02 00 B1 0B 00 00 00 00 00 02 DA 0B 00 08 00 00 00 00 00 00 4E 20 4E 20 02 02        0    0     3000        0        0        0        0        0
   0.071243 CANFD   1 Rx        33B                                   1 0 F 64 0D 09 0D 09 0D 08 0D 0C 0D 08 0D 09 0D 09 0D 0A 0D 08 0D 08 0D 0A 0D 08 0D 08 0D 08 0D 08 0D 09 0D 07 0D 0A 0D 08 0D 08 0D 09 0D 08 0D 08 0D 07 0D 08 0D 09 0D 0B 0D 08 0D 07 0D 09 00 3D 1E FF        0    0     3000        0        0        0        0        0
   0.071356 CANFD   1 Rx        181                                   1 0 8  8 14 01 A0 00 00 00 03 E8        0    0     3000        0        0        0        0        0
   0.071466 CANFD   1 Rx        191                                   1 0 8  8 C6 01 8A 13 88 00 00 00        0    0     3000        0        0        0        0        0
   0.071578 CANFD   1 Rx        233                                   1 0 8  8 00 00 02 C4 00 00 00 00        0    0     3000        0        0        0        0        0
   0.071729 CANFD   1 Rx        171                                   1 0 A 16 77 01 00 00 00 00 00 00 00 00 00 00 00 00 00 00        0    0     3000        0        0        0        0        0
   0.072075 CANFD   1 Rx        4CE                                   1 0 F 64 0D 08 0D 09 0D 08 0D 08 0D 08 0D 08 0D 08 0D 0A 0D 08 0D 08 0D 07 0D 08 0D 08 0D 07 0D 07 0D 09 0D 07 0D 06 0D 08 0D 09 0D 09 0D 08 0D 09 0D 08 0D 09 0D 0A 0D 08 0D 0C 0D 08 0D 0A 00 5B 1E FF        0    0     3000        0        0        0        0        0
   0.072187 CANFD   1 Rx        2B4                                   1 0 8  8 00 00 FE FE FE FE 00 00        0    0     3000        0        0        0        0        0
   0.072338 CANFD   1 Rx        27E                                   1 0 A 16 97 06 00 00 00 00 00 00 AE 06 00 03 C0 00 00 00        0    0     3000        0        0        0        0        0
   0.072450 CANFD   1 Rx        50F                                   1 0 8  8 70 04 00 00 00 00 00 00        0    0     3000        0        0        0        0        0
   0.072814 CANFD   1 Rx        555                                   1 0 F 64 12 A3 00 01 00 00 00 00 E9 E9 EA EA 00 00 00 00 00 00 00 00 5A A5 5A A5 17 17 17 17 17 17 17 17 FB FA FA F9 FC F9 FB FB FA FA 17 00 00 00 00 00 00 00 00 00 00 00 00 00 00 00 13 87 00 FF FF FF        0    0     3000        0        0        0        0        0
   0.073936 CANFD   1 Rx        201                                   1 0 8  8 80 05 00 00 00 00 00 00        0    0     3000        0        0        0        0        0
   0.076574 CANFD   1 Rx         21                                   1 0 8  8 F0 02 07 D9 00 00 00 00        0    0     3000        0        0        0        0        0
   0.076757 CANFD   1 Rx        23B                                   1 0 8  8 A2 06 03 81 7F 00 00 00        0    0     3000        0        0        0        0        0
   0.077018 CANFD   1 Rx        40B                                   1 0 8  8 00 00 00 00 00 00 00 00        0    0     3000        0        0        0        0        0
   0.080019 CANFD   1 Rx        478                                   1 0 8  8 00 00 C0 00 00 00 00 00        0    0     3000        0        0        0        0        0
   0.080258 CANFD   1 Rx        284                                   1 0 8  8 00 00 64 00 00 00 00 00        0    0     3000        0        0        0        0        0
   0.080549 CANFD   1 Rx        102                                   1 0 E 48 E7 18 0F A9 4F F6 39 20 00 08 92 40 00 02 00 00 D7 08 A0 00 A0 00 00 00 1A 08 A0 00 4E 20 01 00 8E 08 00 00 5E 00 00 AD C2 08 64 00 93 4C A0 00        0    0     3000        0        0        0        0        0
   0.080660 CANFD   1 Rx        119                                   1 0 8  8 01 00 2C C9 BF 00 00 00        0    0     3000        0        0        0        0        0
   0.080948 CANFD   1 Rx        20B                                   1 0 E 48 F4 0B 9B F0 00 05 00 84 32 0B FF E0 05 32 0B 31 A5 0B 01 90 16 40 00 00 00 0B 9B F0 32 64 32 32 F1 0B 99 00 00 00 23 A0 00 0B 00 12 CC F9 BA F7        0    0     3000        0        0        0        0        0
   0.081325 CANFD   1 Rx        411                                   1 0 F 64 00 00 00 00 00 00 00 00 00 00 00 0C 40 00 03 EF 00 00 00 00 0F A4 00 00 00 00 27 10 01 EF 27 10 00 00 00 00 27 10 00 00 00 00 9C 40 00 00 00 00 00 00 00 00 00 00 00 00 00 00 C3 46 00 00 00 00        0    0     3000        0        0        0        0        0
   0.081438 CANFD   1 Rx        181                                   1 0 8  8 F3 02 A0 00 00 00 03 E8        0    0     3000        0        0        0        0        0
   0.081548 CANFD   1 Rx        191                                   1 0 8  8 21 02 8A 13 88 00 00 00        0    0     3000        0        0        0        0        0
   0.081699 CANFD   1 Rx        171                                   1 0 A 16 90 02 00 00 00 00 00 00 00 00 00 00 00 00 00 00        0    0     3000        0        0        0        0        0
   0.081928 CANFD   1 Rx        471                                   1 0 D 32 00 00 00 00 00 08 00 00 00 00 10 00 00 00 00 01 00 00 00 00 00 00 00 00 00 00 3F 00 FF E0 00 00        0    0     3000        0        0        0        0        0
   0.082040 CANFD   1 Rx        496                                   1 0 8  8 00 00 08 00 00 00 0D A8        0    0     3000        0        0        0        0        0
   0.082152 CANFD   1 Rx        2AB                                   1 0 8  8 BF 07 00 00 00 00 00 3C        0    0     3000        0        0        0        0        0
   0.082262 CANFD   1 Rx        50A                                   1 0 8  8 EB 04 00 00 00 00 1D 17        0    0     3000        0        0        0        0        0
   0.082626 CANFD   1 Rx        555                                   1 0 F 64 12 A3 00 01 00 00 00 00 E9 E9 EA EA 00 00 00 00 00 00 00 00 5A A5 5A A5 17 17 17 17 17 17 17 17 FB FA FA F9 FC F9 FB FB FA FA 17 00 00 00 00 00 00 00 00 00 00 00 00 00 00 00 13 87 00 FF FF FF        0    0     3000        0        0        0        0        0
   0.083044 CANFD   1 Rx        4D7                                   1 0 8  8 00 00 FF 00 00 00 00 00        0    0     3000        0        0        0        0        0
   0.083394 CANFD   1 Rx        4DE                                   1 0 D 32 00 00 00 00 00 00 F8 F8 00 00 00 00 00 00 00 00 00 FE 01 00 00 00 00 00 00 00 00 00 00 00 00 00        0    0     3000        0        0        0        0        0
   0.083711 CANFD   1 Rx        4E2                                   1 0 8  8 00 00 00 00 00 00 00 00        0    0     3000        0        0        0        0        0
   0.083829 CANFD   1 Rx        4E4                                   1 0 8  8 00 00 00 10 0D 00 00 10        0    0     3000        0        0        0        0        0
   0.083939 CANFD   1 Rx        48A                                   1 0 8  8 CE 02 00 00 00 7A 12 02        0    0     3000        0        0        0        0        0
   0.085023 CANFD   1 Rx        4F1                                   1 0 C 24 00 00 00 00 00 00 00 00 00 00 00 00 00 00 00 00 00 00 00 00 00 3E 00 00        0    0     3000        0        0        0        0        0
   0.086229 CANFD   1 Rx        550                                   1 0 F 64 00 00 01 00 00 00 00 00 00 00 00 00 00 00 00 00 00 00 00 00 00 00 00 00 00 00 00 00 00 00 00 00 00 00 00 00 00 00 00 00 00 00 00 00 00 00 00 00 00 00 00 00 00 00 00 00 00 00 00 00 00 00 00 00        0    0     3000        0        0        0        0        0
   0.086977 CANFD   1 Rx         21                                   1 0 8  8 13 03 07 DA 00 00 00 00        0    0     3000        0        0        0        0        0
   0.087180 CANFD   1 Rx        2FF                                   1 0 8  8 00 00 00 00 00 00 00 00        0    0     3000        0        0        0        0        0
   0.090489 CANFD   1 Rx        102                                   1 0 E 48 04 19 0F AA 4F F6 39 20 00 09 92 40 00 02 00 00 8A 09 A0 00 A0 00 00 00 47 09 A0 00 4E 20 01 00 D3 09 00 00 5E 00 00 AD 9F 09 64 00 93 4C A0 00        0    0     3000        0        0        0        0        0
   0.090601 CANFD   1 Rx        119                                   1 0 8  8 01 00 2C C9 BF 00 00 00        0    0     3000        0        0        0        0        0
   0.090897 CANFD   1 Rx        208                                   1 0 E 48 31 0C 00 00 00 0D 9C 40 1B 0C 00 00 00 12 12 FC E2 0C FC 15 15 14 02 00 3F 0C 00 00 00 00 00 02 54 0C 00 08 00 00 00 00 00 00 4E 20 4E 20 02 02        0    0     3000        0        0        0        0        0
   0.091046 CANFD   1 Rx        321                                   1 0 A 16 00 00 0B 32 71 10 00 00 00 00 00 00 00 00 00 00        0    0     3000        0        0        0        0        0
   0.091238 CANFD   1 Rx        53C                                   1 0 C 24 FF FF FF FF FF FF FF FF FF FF FF FF FF FF FF FF FF FF FF FF FF FF FF FF        0    0     3000        0        0        0        0        0
   0.091351 CANFD   1 Rx        181                                   1 0 8  8 AE 03 A0 00 00 00 03 E8        0    0     3000        0        0        0        0        0
   0.091461 CANFD   1 Rx        191                                   1 0 8  8 7C 03 8A 13 88 00 00 00        0    0     3000        0        0        0        0        0
   0.091574 CANFD   1 Rx        233                                   1 0 8  8 00 00 02 C4 00 00 00 00        0    0     3000        0        0        0        0        0
   0.091724 CANFD   1 Rx        171                                   1 0 A 16 CD 03 00 00 00 00 00 00 00 00 00 00 00 00 00 00        0    0     3000        0        0        0        0        0
   0.092088 CANFD   1 Rx        555                                   1 0 F 64 12 A4 00 01 00 00 00 00 E9 E9 EA EA 00 00 00 00 00 00 00 00 5A A5 5A A5 17 17 17 17 17 17 17 17 FB FA FA F9 FC F9 FB FB FA FA 17 00 00 00 00 00 00 00 00 00 00 00 00 00 00 00 13 87 00 FF FF FF        0    0     3000        0        0        0        0        0
   0.092199 CANFD   1 Rx        2B4                                   1 0 8  8 00 00 FE FE FE FE 00 00        0    0     3000        0        0        0        0        0
   0.092349 CANFD   1 Rx        27E                                   1 0 A 16 CA 07 00 00 00 00 00 00 F3 07 00 03 C0 00 00 00        0    0     3000        0        0        0        0        0
   0.093947 CANFD   1 Rx        201                                   1 0 8  8 67 06 00 00 00 00 00 00        0    0     3000        0        0        0        0        0
   0.096588 CANFD   1 Rx         21                                   1 0 8  8 9D 04 07 DA 00 00 00 00        0    0     3000        0        0        0        0        0
   0.096772 CANFD   1 Rx        23B                                   1 0 8  8 FF 07 03 81 7F 00 00 00        0    0     3000        0        0        0        0        0
   0.097820 CANFD   1 Rx        467                                   1 0 C 24 00 03 00 00 00 02 00 00 7B 03 00 00 0F 40 0D F0 00 00 00 00 00 00 00 00        0    0     3000        0        0        0        0        0
   0.097934 CANFD   1 Rx        403                                   1 0 8  8 00 03 00 00 01 00 00 00        0    0     3000        0        0        0        0        0
   0.098046 CANFD   1 Rx        477                                   1 0 8  8 FF 03 0F 10 00 00 00 00        0    0     3000        0        0        0        0        0
   0.098428 CANFD   1 Rx        48C                                   1 0 F 64 00 03 00 00 00 00 00 00 00 03 00 00 00 00 00 00 00 03 00 00 00 00 00 00 00 00 16 00 00 00 00 00 00 00 00 00 00 00 00 00 00 00 00 00 00 00 00 00 00 00 00 00 00 00 00 00 00 00 00 00 00 00 00 00        0    0     3000        0        0        0        0        0
   0.098727 CANFD   1 Rx        49E                                   1 0 E 48 98 03 00 00 00 00 00 00 00 03 00 11 0E 00 00 00 00 03 01 00 00 00 00 98 08 03 00 00 00 00 00 09 00 03 BB 80 00 00 16 00 00 03 00 00 00 00 00 00        0    0     3000        0        0        0        0        0
   0.099024 CANFD   1 Rx        5F4                                   1 0 D 32 00 60 00 00 00 00 00 00 00 00 00 00 00 00 00 00 00 00 00 00 00 00 00 00 00 00 00 00 00 00 00 00        0    0     3000        0        0        0        0        0
   0.100041 CANFD   1 Rx        284                                   1 0 8  8 00 00 64 00 00 00 00 00        0    0     3000        0        0        0        0        0
   0.100490 CANFD   1 Rx        102                                   1 0 E 48 E3 1A 0F AA 4F F6 39 20 00 0A 92 40 00 02 00 00 6D 0A A0 00 A0 00 00 00 A0 0A A0 00 4E 20 01 00 34 0A 00 00 5E 00 00 AD 78 0A 64 00 93 4C A0 00        0    0     3000        0        0        0        0        0
   0.100601 CANFD   1 Rx        119                                   1 0 8  8 01 00 2C C9 BF 00 00 00        0    0     3000        0        0        0        0        0
   0.100889 CANFD   1 Rx        20B                                   1 0 E 48 7A 0C 9B F0 00 05 00 84 BC 0C FF E0 05 32 0B 31 2B 0C 01 90 16 40 00 00 00 0C 9B F0 32 64 32 32 7F 0C 99 00 00 00 23 A0 00 0C 00 12 CC F9 BA F7        0    0     3000        0        0        0        0        0
   0.101033 CANFD   1 Rx        32B                                   1 0 A 16 29 0B 1C 0D 11 13 0D 06 00 0B 30 00 1E F9 C4 00        0    0     3000        0        0        0        0        0
   0.101397 CANFD   1 Rx        555                                   1 0 F 64 12 A4 00 01 00 00 00 00 E9 E9 EA EA 00 00 00 00 00 00 00 00 5A A5 5A A5 17 17 17 17 17 17 17 17 FB FA FA F9 FC F9 FB FB FA FA 17 00 00 00 00 00 00 00 00 00 00 00 00 00 00 00 13 87 00 FF FF FF        0    0     3000        0        0        0        0        0
   0.101511 CANFD   1 Rx        181                                   1 0 8  8 20 04 A0 00 00 00 03 E8        0    0     3000        0        0        0        0        0
   0.101621 CANFD   1 Rx        191                                   1 0 8  8 F2 04 8A 13 88 00 00 00        0    0     3000        0        0        0        0        0
   0.101771 CANFD   1 Rx        171                                   1 0 A 16 43 04 00 00 00 00 00 00 00 00 00 00 00 00 00 00        0    0     3000        0        0        0        0        0
   0.101883 CANFD   1 Rx        2AB                                   1 0 8  8 E3 08 00 00 00 00 00 3C        0    0     3000        0        0        0        0        0
   0.102116 CANFD   1 Rx        5F6                                   1 0 D 32 00 00 00 00 00 00 00 00 00 00 00 00 00 00 00 00 00 00 00 00 00 00 00 00 00 00 00 00 00 00 00 00        0    0     3000        0        0        0        0        0
   0.103103 CANFD   1 Rx        492                                   1 0 F 64 00 04 00 00 00 00 5E 00 00 04 00 00 00 00 00 00 00 04 00 18 02 01 00 00 00 04 00 03 C0 00 01 00 00 04 00 00 00 00 B3 28 00 04 00 80 00 00 00 00 00 00 00 00 00 00 00 00 00 00 00 00 00 00 00 00        0    0     3000        0        0        0        0        0
   0.106629 CANFD   1 Rx         21                                   1 0 8  8 C0 05 07 DA 00 00 00 00        0    0     3000        0        0        0        0        0
   0.106954 CANFD   1 Rx        35B                                   1 0 8  8 00 00 06 00 00 00 00 00        0    0     3000        0        0        0        0        0
   0.107075 CANFD   1 Rx        2FF                                   1 0 8  8 00 00 00 00 00 00 00 00        0    0     3000        0        0        0        0        0
   0.110490 CANFD   1 Rx        102                                   1 0 E 48 BE 1B 0F AA 4F F6 39 20 00 0B 92 40 00 02 00 00 30 0B A0 00 A0 00 00 00 FD 0B A0 00 4E 20 01 00 69 0B 00 00 5E 00 00 AD 25 0B 64 00 93 4C A0 00        0    0     3000        0        0        0        0        0
   0.110601 CANFD   1 Rx        119                                   1 0 8  8 01 00 2C C9 BF 00 00 00        0    0     3000        0        0        0        0        0
   0.110898 CANFD   1 Rx        208                                   1 0 E 48 6C 0D 00 00 00 0D 9C 40 46 0D 00 00 00 12 12 FC BF 0D FC 15 15 14 02 00 62 0D 00 00 00 00 00 02 09 0D 00 08 00 00 00 00 00 00 4E 20 4E 20 02 02        0    0     3000        0        0        0        0        0
   0.111115 CANFD   1 Rx        405                                   1 0 D 32 60 2B 00 98 10 C0 6F 79 37 93 00 B6 01 F8 90 90 95 80 AE 00 14 10 F2 00 13 F7 B7 C0 10 10 14 13        0    0     3000        0        0        0        0        0
   0.111226 CANFD   1 Rx        45D                                   1 0 8  8 00 00 1B 00 00 20 3C 00        0    0     3000        0        0        0        0        0
   0.111340 CANFD   1 Rx        181                                   1 0 8  8 7D 05 A0 00 00 00 03 E8        0    0     3000        0        0        0        0        0
   0.111449 CANFD   1 Rx        191                                   1 0 8  8 AF 05 8A 13 88 00 00 00        0    0     3000        0        0        0        0        0
   0.111562 CANFD   1 Rx        233                                   1 0 8  8 00 00 02 C4 00 00 00 00        0    0     3000        0        0        0        0        0
   0.111675 CANFD   1 Rx        414                                   1 0 8  8 00 00 14 01 00 00 00 95        0    0     3000        0        0        0        0        0
   0.111786 CANFD   1 Rx        476                                   1 0 8  8 00 00 00 00 00 02 D4 56        0    0     3000        0        0        0        0        0
   0.111898 CANFD   1 Rx        2B4                                   1 0 8  8 00 00 FE FE FE FE 00 00        0    0     3000        0        0        0        0        0
   0.112011 CANFD   1 Rx        531                                   1 0 8  8 00 00 00 00 00 00 00 00        0    0     3000        0        0        0        0        0
   0.112162 CANFD   1 Rx        27E                                   1 0 A 16 96 08 00 00 00 00 00 00 AF 08 00 03 C0 00 00 00        0    0     3000        0        0        0        0        0
   0.112274 CANFD   1 Rx        40A                                   1 0 8  8 57 04 80 B2 48 00 01 00        0    0     3000        0        0        0        0        0
   0.112385 CANFD   1 Rx        4B4                                   1 0 8  8 D4 05 7D 00 00 00 00 18        0    0     3000        0        0        0        0        0
   0.112496 CANFD   1 Rx        4B9                                   1 0 8  8 F1 05 00 00 00 01 00 0B        0    0     3000        0        0        0        0        0
   0.112613 CANFD   1 Rx          0                                   1 0 8  8 00 00 00 00 00 00 00 00        0    0     3000        0        0        0        0        0
   0.112731 CANFD   1 Rx          0                                   1 0 8  8 00 00 00 00 00 00 00 00        0    0     3000        0        0        0        0        0
   0.112848 CANFD   1 Rx          0                                   1 0 8  8 00 00 00 00 00 00 00 00        0    0     3000        0        0        0        0        0
   0.112965 CANFD   1 Rx          0                                   1 0 8  8 00 00 00 00 00 00 00 00        0    0     3000        0        0        0        0        0
   0.113083 CANFD   1 Rx          0                                   1 0 8  8 00 00 00 00 00 00 00 00        0    0     3000        0        0        0        0        0
   0.113200 CANFD   1 Rx          0                                   1 0 8  8 00 00 00 00 00 00 00 00        0    0     3000        0        0        0        0        0
   0.113350 CANFD   1 Rx        171                                   1 0 A 16 1E 05 00 00 00 00 00 00 00 00 00 00 00 00 00 00        0    0     3000        0        0        0        0        0
   0.113502 CANFD   1 Rx        422                                   1 0 A 16 00 00 00 00 00 00 00 00 00 00 00 00 00 00 00 00        0    0     3000        0        0        0        0        0
   0.113653 CANFD   1 Rx        43E                                   1 0 A 16 56 05 00 00 00 00 00 00 00 00 00 00 00 00 3E 80        0    0     3000        0        0        0        0        0
   0.113764 CANFD   1 Rx        494                                   1 0 8  8 00 00 2D 23 24 18 28 00        0    0     3000        0        0        0        0        0
   0.113958 CANFD   1 Rx        3DF                                   1 0 C 24 00 00 00 00 00 00 02 00 00 00 00 00 00 00 00 00 00 00 00 00 00 00 00 00        0    0     3000        0        0        0        0        0
   0.114073 CANFD   1 Rx        201                                   1 0 8  8 3A 07 00 00 00 00 00 00        0    0     3000        0        0        0        0        0
   0.114224 CANFD   1 Rx        4C3                                   1 0 A 16 00 00 3E 80 00 00 00 00 00 00 00 00 00 00 00 00        0    0     3000        0        0        0        0        0
   0.114452 CANFD   1 Rx        421                                   1 0 D 32 00 00 00 64 00 00 00 50 00 00 3E 83 E8 3E 83 E8 00 00 00 00 00 00 00 00 00 00 00 00 00 00 00 00        0    0     3000        0        0        0        0        0
   0.114833 CANFD   1 Rx        522                                   1 0 F 64 00 00 00 00 1D 80 00 00 00 00 00 00 00 00 00 00 00 00 07 FF 80 7D 00 20 00 00 00 80 00 00 3E 00 00 00 00 00 00 00 00 00 00 00 08 BD 00 00 00 00 00 00 00 00 00 00 00 00 00 00 00 00 00 00 00 00        0    0     3000        0        0        0        0        0
   0.115221 CANFD   1 Rx          0                                   1 0 F 64 00 00 00 00 00 00 00 00 00 00 00 00 00 00 00 00 00 00 00 00 00 00 00 00 00 00 00 00 00 00 00 00 00 00 00 00 00 00 00 00 00 00 00 00 00 00 00 00 00 00 00 00 00 00 00 00 00 00 00 00 00 00 00 00        0    0     3000        0        0        0        0        0
   0.115609 CANFD   1 Rx          0                                   1 0 F 64 00 00 00 00 00 00 00 00 00 00 00 00 00 00 00 00 00 00 00 00 00 00 00 00 00 00 00 00 00 00 00 00 00 00 00 00 00 00 00 00 00 00 00 00 00 00 00 00 00 00 00 00 00 00 00 00 00 00 00 00 00 00 00 00        0    0     3000        0        0        0        0        0
   0.115997 CANFD   1 Rx          0                                   1 0 F 64 00 00 00 00 00 00 00 00 00 00 00 00 00 00 00 00 00 00 00 00 00 00 00 00 00 00 00 00 00 00 00 00 00 00 00 00 00 00 00 00 00 00 00 00 00 00 00 00 00 00 00 00 00 00 00 00 00 00 00 00 00 00 00 00        0    0     3000        0        0        0        0        0
   0.116386 CANFD   1 Rx          0                                   1 0 F 64 00 00 00 00 00 00 00 00 00 00 00 00 00 00 00 00 00 00 00 00 00 00 00 00 00 00 00 00 00 00 00 00 00 00 00 00 00 00 00 00 00 00 00 00 00 00 00 00 00 00 00 00 00 00 00 00 00 00 00 00 00 00 00 00        0    0     3000        0        0        0        0        0
   0.116503 CANFD   1 Rx          0                                   1 0 8  8 00 00 00 00 00 00 00 00        0    0     3000        0        0        0        0        0
   0.116620 CANFD   1 Rx          0                                   1 0 8  8 00 00 00 00 00 00 00 00        0    0     3000        0        0        0        0        0
   0.116738 CANFD   1 Rx          0                                   1 0 8  8 00 00 00 00 00 00 00 00        0    0     3000        0        0        0        0        0
   0.116855 CANFD   1 Rx          0                                   1 0 8  8 00 00 00 00 00 00 00 00        0    0     3000        0        0        0        0        0
   0.116969 CANFD   1 Rx         21                                   1 0 8  8 27 06 07 DA 00 00 00 00        0    0     3000        0        0        0        0        0
   0.117079 CANFD   1 Rx        23B                                   1 0 8  8 A3 08 03 81 7F 00 00 00        0    0     3000        0        0        0        0        0
   0.117194 CANFD   1 Rx        413                                   1 0 8  8 FF FF FF FF FF FF 00 00        0    0     3000        0        0        0        0        0
   0.117558 CANFD   1 Rx        555                                   1 0 F 64 12 A3 00 01 00 00 00 00 E9 E9 EA EA 00 00 00 00 00 00 00 00 5A A5 5A A5 17 17 17 17 17 17 17 17 FB FA FA F9 FC F9 FB FB FA FA 17 00 00 00 00 00 00 00 00 00 00 00 00 00 00 00 13 87 00 FF FF FF        0    0     3000        0        0        0        0        0
   0.118322 CANFD   1 Rx        4B2                                   1 0 8  8 00 00 21 00 00 02 08 00        0    0     3000        0        0        0        0        0
   0.118440 CANFD   1 Rx        4BD                                   1 0 8  8 00 00 00 27 00 00 00 00        0    0     3000        0        0        0        0        0
   0.118559 CANFD   1 Rx        4D9                                   1 0 8  8 00 00 00 00 00 00 40 00        0    0     3000        0        0        0        0        0
   0.120038 CANFD   1 Rx        284                                   1 0 8  8 00 00 64 00 00 00 00 00        0    0     3000        0        0        0        0        0
   0.120489 CANFD   1 Rx        102                                   1 0 E 48 30 1C 0F AA 4F F6 39 20 00 0C 92 40 00 02 00 00 BE 0C A0 00 A0 00 00 00 73 0C A0 00 4E 20 01 00 E7 0C 00 00 5E 00 00 AD AB 0C 64 00 93 4C A0 00        0    0     3000        0        0        0        0        0
   0.120600 CANFD   1 Rx        119                                   1 0 8  8 01 00 2C C9 BF 00 00 00        0    0     3000        0        0        0        0        0
   0.120888 CANFD   1 Rx        20B                                   1 0 E 48 27 0D 9B F0 00 05 00 84 E1 0D FF E0 05 32 0B 31 46 0D 01 90 16 60 00 00 00 0D 9B F0 32 64 32 32 22 0D 99 00 00 00 23 A0 00 0D 00 12 CC F9 BA F7        0    0     3000        0        0        0        0        0
   0.121233 CANFD   1 Rx        33B                                   1 0 F 64 0D 08 0D 09 0D 08 0D 08 0D 09 0D 08 0D 08 0D 0A 0D 08 0D 08 0D 07 0D 07 0D 08 0D 07 0D 07 0D 09 0D 07 0D 07 0D 07 0D 08 0D 09 0D 08 0D 09 0D 08 0D 09 0D 0A 0D 08 0D 0C 0D 08 0D 0B 00 5B 1E FF        0    0     3000        0        0        0        0        0
   0.121347 CANFD   1 Rx        181                                   1 0 8  8 9A 06 A0 00 00 00 03 E8        0    0     3000        0        0        0        0        0
   0.121456 CANFD   1 Rx        191                                   1 0 8  8 48 06 8A 13 88 00 00 00        0    0     3000        0        0        0        0        0
   0.121607 CANFD   1 Rx        171                                   1 0 A 16 F9 06 00 00 00 00 00 00 00 00 00 00 00 00 00 00        0    0     3000        0        0        0        0        0
   0.121900 CANFD   1 Rx        40E                                   1 0 E 48 82 04 00 B7 80 22 40 00 00 70 80 C3 50 92 40 04 00 00 13 34 00 01 1A C0 00 00 00 03 D8 47 2D 80 00 00 85 4D 03 E1 2A 00 00 00 78 FC E0 00 00 00        0    0     3000        0        0        0        0        0
   0.122012 CANFD   1 Rx        2AB                                   1 0 8  8 BE 09 00 00 00 00 00 3C        0    0     3000        0        0        0        0        0
   0.122125 CANFD   1 Rx        4CF                                   1 0 8  8 00 00 00 00 00 00 00 00        0    0     3000        0        0        0        0        0
   0.122509 CANFD   1 Rx        4FB                                   1 0 F 64 00 00 40 00 00 00 00 00 00 00 00 00 00 00 00 00 00 00 00 00 0F A0 0F A0 00 00 00 00 0F A0 00 00 00 00 0F A0 00 00 00 00 00 00 00 64 00 00 00 00 00 00 00 00 00 00 00 00 00 00 00 00 00 00 00 00        0    0     3000        0        0        0        0        0
   0.122873 CANFD   1 Rx        555                                   1 0 F 64 12 A4 00 01 00 00 00 00 E9 E9 EA EA 00 00 00 00 00 00 00 00 5A A5 5A A5 17 17 17 17 17 17 17 17 FB FA FA F9 FC F9 FB FB FA FA 17 00 00 00 00 00 00 00 00 00 00 00 00 00 00 00 13 87 00 FF FF FF        0    0     3000        0        0        0        0        0
   0.126610 CANFD   1 Rx         21                                   1 0 8  8 7A 07 07 DA 00 00 00 00        0    0     3000        0        0        0        0        0
   0.126981 CANFD   1 Rx        2FF                                   1 0 8  8 00 00 00 00 00 00 00 00        0    0     3000        0        0        0        0        0
   0.130490 CANFD   1 Rx        102                                   1 0 E 48 6D 1D 0F AA 4F F6 39 20 00 0D 92 40 00 02 00 00 E3 0D A0 00 A0 00 00 00 2E 0D A0 00 4E 20 01 00 BA 0D 00 00 5E 00 00 AD F6 0D 64 00 93 4C A0 00        0    0     3000        0        0        0        0        0
   0.130601 CANFD   1 Rx        119                                   1 0 8  8 01 00 2C C9 BF 00 00 00        0    0     3000        0        0        0        0        0
   0.130896 CANFD   1 Rx        208                                   1 0 E 48 8B 0E 00 00 00 0D 9C 40 A1 0E 00 00 00 12 12 FC 58 0E FC 15 15 14 02 00 85 0E 00 00 00 00 00 02 EE 0E 00 08 00 00 00 00 00 00 4E 20 4E 20 02 02        0    0     3000        0        0        0        0        0
   0.131126 CANFD   1 Rx        40F                                   1 0 D 32 00 00 00 00 10 40 08 00 00 00 14 02 02 01 00 02 00 00 00 00 00 00 00 00 00 00 00 00 00 00 00 00        0    0     3000        0        0        0        0        0
   0.131490 CANFD   1 Rx        555                                   1 0 F 64 12 A4 00 01 00 00 00 00 E9 E9 EA EA 00 00 00 00 00 00 00 00 5A A5 5A A5 17 17 17 17 17 17 17 17 FB FA FA F9 FC F9 FB FB FA FA 17 00 00 00 00 00 00 00 00 00 00 00 00 00 00 00 13 87 00 FF FF FF        0    0     3000        0        0        0        0        0
   0.131604 CANFD   1 Rx        181                                   1 0 8  8 C7 07 A0 00 00 00 03 E8        0    0     3000        0        0        0        0        0
   0.131714 CANFD   1 Rx        191                                   1 0 8  8 15 07 8A 13 88 00 00 00        0    0     3000        0        0        0        0        0
   0.131827 CANFD   1 Rx        233                                   1 0 8  8 00 00 02 C4 00 00 00 00        0    0     3000        0        0        0        0        0
   0.131977 CANFD   1 Rx        171                                   1 0 A 16 A4 07 00 00 00 00 00 00 00 00 00 00 00 00 00 00        0    0     3000        0        0        0        0        0
   0.132089 CANFD   1 Rx        2B4                                   1 0 8  8 00 00 FE FE FE FE 00 00        0    0     3000        0        0        0        0        0
   0.132238 CANFD   1 Rx        27E                                   1 0 A 16 CB 09 00 00 00 00 00 00 F2 09 00 03 C0 00 00 00        0    0     3000        0        0        0        0        0
   0.133942 CANFD   1 Rx        201                                   1 0 8  8 66 08 00 00 00 00 00 00        0    0     3000        0        0        0        0        0
   0.136588 CANFD   1 Rx         21                                   1 0 8  8 26 08 07 DA 00 00 00 00        0    0     3000        0        0        0        0        0
   0.136782 CANFD   1 Rx        23B                                   1 0 8  8 FE 09 03 81 7F 00 00 00        0    0     3000        0        0        0        0        0
   0.140040 CANFD   1 Rx        284                                   1 0 8  8 00 00 64 00 00 00 00 00        0    0     3000        0        0        0        0        0
   0.140489 CANFD   1 Rx        102                                   1 0 E 48 E0 1E 0F AB 4F F6 39 20 00 0E 92 40 00 02 00 00 04 0E A0 00 A0 00 00 00 C9 0E A0 00 4E 20 01 00 5D 0E 00 00 5E 00 00 AD 11 0E 64 00 93 4C A0 00        0    0     3000        0        0        0        0        0
   0.140600 CANFD   1 Rx        119                                   1 0 8  8 01 00 2C C9 BF 00 00 00        0    0     3000        0        0        0        0        0
   0.140889 CANFD   1 Rx        20B                                   1 0 E 48 C0 0E 9B F0 00 05 00 84 06 0E FF E0 05 32 0B 31 A1 0E 01 90 16 60 00 00 00 0E 9B F0 32 64 32 32 C5 0E 99 00 00 00 23 A0 00 0E 00 12 CC F9 BA F7        0    0     3000        0        0        0        0        0
   0.141037 CANFD   1 Rx        321                                   1 0 A 16 00 00 0B 32 71 10 00 00 00 00 00 00 00 00 00 00        0    0     3000        0        0        0        0        0
   0.141267 CANFD   1 Rx        416                                   1 0 D 32 69 04 00 00 00 00 00 00 69 04 00 00 00 00 00 00 69 04 00 00 00 00 00 00 00 00 00 00 00 00 00 00        0    0     3000        0        0        0        0        0
   0.141380 CANFD   1 Rx        181                                   1 0 8  8 9B 08 A0 00 00 00 03 E8        0    0     3000        0        0        0        0        0
   0.141489 CANFD   1 Rx        191                                   1 0 8  8 49 08 8A 13 88 00 00 00        0    0     3000        0        0        0        0        0
   0.141640 CANFD   1 Rx        171                                   1 0 A 16 F8 08 00 00 00 00 00 00 00 00 00 00 00 00 00 00        0    0     3000        0        0        0        0        0
   0.142003 CANFD   1 Rx        555                                   1 0 F 64 12 A4 00 01 00 00 00 00 E9 E9 EA EA 00 00 00 00 00 00 00 00 5A A5 5A A5 17 17 17 17 17 17 17 17 FB FA FA F9 FC F9 FB FB FA FA 17 00 00 00 00 00 00 00 00 00 00 00 00 00 00 00 13 87 00 FF FF FF        0    0     3000        0        0        0        0        0
   0.142114 CANFD   1 Rx        2AB                                   1 0 8  8 59 0A 00 00 00 00 00 3C        0    0     3000        0        0        0        0        0
   0.142426 CANFD   1 Rx        4E0                                   1 0 E 48 E3 05 00 00 00 40 00 07 00 05 00 00 00 00 00 00 00 05 00 00 00 00 03 04 B5 05 00 00 00 00 00 00 00 00 00 00 00 00 10 01 00 00 00 00 00 00 00 00        0    0     3000        0        0        0        0        0
   0.142870 CANFD   1 Rx        4B7                                   1 0 F 64 00 05 6B 00 00 48 48 00 00 05 16 00 00 00 00 00 00 05 00 00 00 16 EA E0 00 05 08 00 00 00 00 00 00 05 34 00 00 00 00 00 00 05 00 00 00 00 00 00 00 05 01 01 02 00 00 00 00 00 00 00 00 00 00 00        0    0     3000        0        0        0        0        0
   0.146673 CANFD   1 Rx         21                                   1 0 8  8 C5 09 07 D9 00 00 00 00        0    0     3000        0        0        0        0        0
   0.147064 CANFD   1 Rx        2FF                                   1 0 8  8 00 00 00 00 00 00 00 00        0    0     3000        0        0        0        0        0
   0.150491 CANFD   1 Rx        102                                   1 0 E 48 E1 10 0F AB 4F F6 39 20 00 00 92 40 00 02 00 00 05 00 A0 00 A0 00 00 00 C8 00 A0 00 4E 20 01 00 5C 00 00 00 5E 00 00 AD 10 00 64 00 93 4C A0 00        0    0     3000        0        0        0        0        0
   0.150602 CANFD   1 Rx        119                                   1 0 8  8 01 00 2C C9 BF 00 00 00        0    0     3000        0        0        0        0        0
   0.150901 CANFD   1 Rx        208                                   1 0 E 48 8A 00 00 00 00 0D 9C 40 A0 00 00 00 00 12 12 FC 59 00 FC 15 15 14 02 00 84 00 00 00 00 00 00 02 2D 00 00 04 00 00 00 00 00 00 4E 20 4E 20 02 02        0    0     3000        0        0        0        0        0
   0.151045 CANFD   1 Rx        32B                                   1 0 A 16 A7 0C 1C 0D 11 13 0D 06 00 0C 30 00 1E F9 C4 00        0    0     3000        0        0        0        0        0
   0.151198 CANFD   1 Rx        41F                                   1 0 A 16 00 06 00 00 01 00 00 00 3B 06 00 00 00 00 5E 00        0    0     3000        0        0        0        0        0
   0.151311 CANFD   1 Rx        181                                   1 0 8  8 C6 09 A0 00 00 00 03 E8        0    0     3000        0        0        0        0        0
   0.151421 CANFD   1 Rx        191                                   1 0 8  8 14 09 8A 13 88 00 00 00        0    0     3000        0        0        0        0        0
   0.151533 CANFD   1 Rx        233                                   1 0 8  8 00 00 02 C4 00 00 00 00        0    0     3000        0        0        0        0        0
   0.151683 CANFD   1 Rx        171                                   1 0 A 16 A5 09 00 00 00 00 00 00 00 00 00 00 00 00 00 00        0    0     3000        0        0        0        0        0
   0.152047 CANFD   1 Rx        555                                   1 0 F 64 12 A5 00 01 00 00 00 00 E9 E9 EA EA 00 00 00 00 00 00 00 00 5A A5 5A A5 17 17 17 17 17 17 17 17 FB FA FA F9 FC F9 FB FB FA FA 17 00 00 00 00 00 00 00 00 00 00 00 00 00 00 00 13 87 00 FF FF FF        0    0     3000        0        0        0        0        0
   0.152159 CANFD   1 Rx        2B4                                   1 0 8  8 00 00 FE FE FE FE 00 00        0    0     3000        0        0        0        0        0
   0.152310 CANFD   1 Rx        27E                                   1 0 A 16 2C 0A 00 00 00 00 00 00 15 0A 00 03 C0 00 00 00        0    0     3000        0        0        0        0        0
   0.152875 CANFD   1 Rx        448                                   1 0 D 32 00 00 01 20 00 00 00 14 00 00 00 00 00 00 00 00 00 00 08 00 00 00 00 00 00 00 00 00 00 00 00 00        0    0     3000        0        0        0        0        0
   0.153506 CANFD   1 Rx        4A0                                   1 0 F 64 00 05 23 1F 00 00 00 00 00 05 28 06 0D 00 00 00 00 05 00 01 01 0A 00 00 00 05 00 00 64 00 00 00 00 05 1D 00 03 00 00 03 00 05 00 00 1B 00 3C 0A 00 05 04 00 00 00 00 00 00 05 F5 20 A5 20 A5 20        0    0     3000        0        0        0        0        0
   0.153946 CANFD   1 Rx        201                                   1 0 8  8 3B 09 00 00 00 00 00 00        0    0     3000        0        0        0        0        0
   0.156546 CANFD   1 Rx         21                                   1 0 8  8 22 0A 07 D9 00 00 00 00        0    0     3000        0        0        0        0        0
   0.156935 CANFD   1 Rx        23B                                   1 0 8  8 19 0A 03 81 7F 00 00 00        0    0     3000        0        0        0        0        0
   0.157047 CANFD   1 Rx        35B                                   1 0 8  8 00 00 06 00 00 00 00 00        0    0     3000        0        0        0        0        0
   0.160040 CANFD   1 Rx        284                                   1 0 8  8 00 00 64 00 00 00 00 00        0    0     3000        0        0        0        0        0
   0.160488 CANFD   1 Rx        102                                   1 0 E 48 D6 11 0F AA 4F F6 39 20 00 01 92 40 00 02 00 00 58 01 A0 00 A0 00 00 00 95 01 A0 00 4E 20 01 00 01 01 00 00 5E 00 00 AD 4D 01 64 00 93 4C A0 00        0    0     3000        0        0        0        0        0
   0.160600 CANFD   1 Rx        119                                   1 0 8  8 01 00 2C C9 BF 00 00 00        0    0     3000        0        0        0        0        0
   0.160891 CANFD   1 Rx        20B                                   1 0 E 48 C1 00 9B F0 00 05 00 84 07 00 FF E0 05 32 0B 31 90 00 01 90 16 40 00 00 00 00 9B F0 32 64 32 32 C4 00 99 00 00 00 23 A0 00 00 00 12 CC F9 BA F7        0    0     3000        0        0        0        0        0
   0.161041 CANFD   1 Rx        4C8                                   1 0 A 16 00 00 1C 0D 11 13 0D 06 00 00 30 00 00 00 00 00        0    0     3000        0        0        0        0        0
   0.161404 CANFD   1 Rx        555                                   1 0 F 64 12 A4 00 01 00 00 00 00 E9 E9 EA EA 00 00 00 00 00 00 00 00 5A A5 5A A5 17 17 17 17 17 17 17 17 FB FA FA F9 FC F9 FB FB FA FA 17 00 00 00 00 00 00 00 00 00 00 00 00 00 00 00 13 87 00 FF FF FF        0    0     3000        0        0        0        0        0
   0.161518 CANFD   1 Rx        181                                   1 0 8  8 21 0A A0 00 00 00 03 E8        0    0     3000        0        0        0        0        0
   0.161627 CANFD   1 Rx        191                                   1 0 8  8 F3 0A 8A 13 88 00 00 00        0    0     3000        0        0        0        0        0
   0.161744 CANFD   1 Rx          0                                   1 0 8  8 00 00 00 00 00 00 00 00        0    0     3000        0        0        0        0        0
   0.161861 CANFD   1 Rx          0                                   1 0 8  8 00 00 00 00 00 00 00 00        0    0     3000        0        0        0        0        0
   0.161979 CANFD   1 Rx          0                                   1 0 8  8 00 00 00 00 00 00 00 00        0    0     3000        0        0        0        0        0
   0.162096 CANFD   1 Rx          0                                   1 0 8  8 00 00 00 00 00 00 00 00        0    0     3000        0        0        0        0        0
   0.162213 CANFD   1 Rx          0                                   1 0 8  8 00 00 00 00 00 00 00 00        0    0     3000        0        0        0        0        0
   0.162331 CANFD   1 Rx          0                                   1 0 8  8 00 00 00 00 00 00 00 00        0    0     3000        0        0        0        0        0
   0.162481 CANFD   1 Rx        171                                   1 0 A 16 42 0A 00 00 00 00 00 00 00 00 00 00 00 00 00 00        0    0     3000        0        0        0        0        0
   0.162869 CANFD   1 Rx          0                                   1 0 F 64 00 00 00 00 00 00 00 00 00 00 00 00 00 00 00 00 00 00 00 00 00 00 00 00 00 00 00 00 00 00 00 00 00 00 00 00 00 00 00 00 00 00 00 00 00 00 00 00 00 00 00 00 00 00 00 00 00 00 00 00 00 00 00 00        0    0     3000        0        0        0        0        0
   0.163257 CANFD   1 Rx          0                                   1 0 F 64 00 00 00 00 00 00 00 00 00 00 00 00 00 00 00 00 00 00 00 00 00 00 00 00 00 00 00 00 00 00 00 00 00 00 00 00 00 00 00 00 00 00 00 00 00 00 00 00 00 00 00 00 00 00 00 00 00 00 00 00 00 00 00 00        0    0     3000        0        0        0        0        0
   0.163646 CANFD   1 Rx          0                                   1 0 F 64 00 00 00 00 00 00 00 00 00 00 00 00 00 00 00 00 00 00 00 00 00 00 00 00 00 00 00 00 00 00 00 00 00 00 00 00 00 00 00 00 00 00 00 00 00 00 00 00 00 00 00 00 00 00 00 00 00 00 00 00 00 00 00 00        0    0     3000        0        0        0        0        0
   0.164034 CANFD   1 Rx          0                                   1 0 F 64 00 00 00 00 00 00 00 00 00 00 00 00 00 00 00 00 00 00 00 00 00 00 00 00 00 00 00 00 00 00 00 00 00 00 00 00 00 00 00 00 00 00 00 00 00 00 00 00 00 00 00 00 00 00 00 00 00 00 00 00 00 00 00 00        0    0     3000        0        0        0        0        0
   0.164151 CANFD   1 Rx          0                                   1 0 8  8 00 00 00 00 00 00 00 00        0    0     3000        0        0        0        0        0
   0.164269 CANFD   1 Rx          0                                   1 0 8  8 00 00 00 00 00 00 00 00        0    0     3000        0        0        0        0        0
   0.164386 CANFD   1 Rx          0                                   1 0 8  8 00 00 00 00 00 00 00 00        0    0     3000        0        0        0        0        0
   0.164503 CANFD   1 Rx          0                                   1 0 8  8 00 00 00 00 00 00 00 00        0    0     3000        0        0        0        0        0
   0.164616 CANFD   1 Rx        462                                   1 0 8  8 00 00 00 04 00 00 0A 00        0    0     3000        0        0        0        0        0
   0.164727 CANFD   1 Rx        2AB                                   1 0 8  8 04 0B 00 00 00 00 00 3C        0    0     3000        0        0        0        0        0
   0.164922 CANFD   1 Rx        3DF                                   1 0 C 24 00 00 00 00 00 00 02 00 00 00 00 00 00 00 00 00 00 00 00 00 00 00 00 00        0    0     3000        0        0        0        0        0
   0.165034 CANFD   1 Rx        436                                   1 0 8  8 24 00 02 00 02 00 00 00        0    0     3000        0        0        0        0        0
   0.166627 CANFD   1 Rx         21                                   1 0 8  8 7F 0B 07 D9 00 00 00 00        0    0     3000        0        0        0        0        0
   0.166942 CANFD   1 Rx        49D                                   1 0 8  8 FC 05 80 00 00 00 00 00        0    0     3000        0        0        0        0        0
   0.167063 CANFD   1 Rx        2FF                                   1 0 8  8 00 00 00 00 00 00 00 00        0    0     3000        0        0        0        0        0
   0.170099 CANFD   1 Rx        457                                   1 0 A 16 00 00 00 00 13 00 11 11 00 00 00 08 00 13 00 08        0    0     3000        0        0        0        0        0
   0.170329 CANFD   1 Rx        5A9                                   1 0 D 32 00 34 00 00 00 00 00 00 00 00 00 00 00 00 00 00 00 00 00 00 00 00 00 00 00 00 00 00 00 00 00 00        0    0     3000        0        0        0        0        0
   0.170621 CANFD   1 Rx        102                                   1 0 E 48 31 12 0F AA 4F F6 39 20 00 02 92 40 00 02 00 00 BF 02 A0 00 A0 00 00 00 72 02 A0 00 4E 20 01 00 E6 02 00 00 5E 00 00 AD AA 02 64 00 93 4C A0 00        0    0     3000        0        0        0        0        0
   0.170732 CANFD   1 Rx        119                                   1 0 8  8 01 00 2C C9 BF 00 00 00        0    0     3000        0        0        0        0        0
   0.171030 CANFD   1 Rx        208                                   1 0 E 48 D7 01 00 00 00 0D 9C 40 FD 01 00 00 00 12 12 FC 04 01 FC 15 15 14 02 00 D9 01 00 00 00 00 00 02 70 01 00 04 00 00 00 00 00 00 4E 20 4E 20 02 02        0    0     3000        0        0        0        0        0
   0.171376 CANFD   1 Rx        33B                                   1 0 F 64 0D 09 0D 09 0D 09 0D 08 0D 07 0D 08 0D 09 0D 07 0D 07 0D 0E 0D 08 0D 08 0D 09 0D 08 0D 09 0D 08 0D 08 0D 07 0D 06 0D 10 0D 09 0D 07 0D 06 0D 07 0D 07 0D 09 0D 08 0D 11 0D 08 0D 08 00 01 1E FF        0    0     3000        0        0        0        0        0
   0.171489 CANFD   1 Rx        181                                   1 0 8  8 7C 0B A0 00 00 00 03 E8        0    0     3000        0        0        0        0        0
   0.171599 CANFD   1 Rx        191                                   1 0 8  8 AE 0B 8A 13 88 00 00 00        0    0     3000        0        0        0        0        0
   0.171712 CANFD   1 Rx        233                                   1 0 8  8 00 00 02 C4 00 00 00 00        0    0     3000        0        0        0        0        0
   0.171862 CANFD   1 Rx        171                                   1 0 A 16 1F 0B 00 00 00 00 00 00 00 00 00 00 00 00 00 00        0    0     3000        0        0        0        0        0
   0.171974 CANFD   1 Rx        2B4                                   1 0 8  8 00 00 FE FE FE FE 00 00        0    0     3000        0        0        0        0        0
   0.172320 CANFD   1 Rx        4CE                                   1 0 F 64 0D 09 0D 09 0D 09 0D 08 0D 07 0D 08 0D 09 0D 07 0D 07 0D 0E 0D 08 0D 08 0D 09 0D 08 0D 09 0D 08 0D 08 0D 07 0D 06 0D 10 0D 09 0D 07 0D 06 0D 07 0D 07 0D 09 0D 08 0D 11 0D 08 0D 08 00 01 1E FF        0    0     3000        0        0        0        0        0
   0.172470 CANFD   1 Rx        27E                                   1 0 A 16 71 0B 00 00 00 00 00 00 48 0B 00 03 C0 00 00 00        0    0     3000        0        0        0        0        0
   0.172833 CANFD   1 Rx        555                                   1 0 F 64 12 A5 00 01 00 00 00 00 E9 E9 EA EA 00 00 00 00 00 00 00 00 5A A5 5A A5 17 17 17 17 17 17 17 17 FB FA FA F9 FC F9 FB FB FA FA 17 00 00 00 00 00 00 00 00 00 00 00 00 00 00 00 13 87 00 FF FF FF        0    0     3000        0        0        0        0        0
   0.173945 CANFD   1 Rx        201                                   1 0 8  8 DC 0A 00 00 00 00 00 00        0    0     3000        0        0        0        0        0
   0.176588 CANFD   1 Rx         21                                   1 0 8  8 F1 0C 07 D9 00 00 00 00        0    0     3000        0        0        0        0        0
   0.176773 CANFD   1 Rx        23B                                   1 0 8  8 44 0B 03 81 7F 00 00 00        0    0     3000        0        0        0        0        0
   0.177034 CANFD   1 Rx        40B                                   1 0 8  8 00 00 00 00 00 00 00 00        0    0     3000        0        0        0        0        0
   0.180011 CANFD   1 Rx        478                                   1 0 8  8 00 00 C0 00 00 00 00 00        0    0     3000        0        0        0        0        0
   0.180256 CANFD   1 Rx        284                                   1 0 8  8 00 00 64 00 00 00 00 00        0    0     3000        0        0        0        0        0
   0.180548 CANFD   1 Rx        102                                   1 0 E 48 6C 13 0F AA 4F F6 39 20 00 03 92 40 00 02 00 00 E2 03 A0 00 A0 00 00 00 2F 03 A0 00 4E 20 01 00 BB 03 00 00 5E 00 00 AD F7 03 64 00 93 4C A0 00        0    0     3000        0        0        0        0        0
   0.180659 CANFD   1 Rx        119                                   1 0 8  8 01 00 2C C9 BF 00 00 00        0    0     3000        0        0        0        0        0
   0.180949 CANFD   1 Rx        20B                                   1 0 E 48 9C 01 9B F0 00 05 00 84 5A 01 FF E0 05 32 0B 31 CD 01 01 90 16 40 00 00 00 01 9B F0 32 64 32 32 99 01 99 00 00 00 23 A0 00 01 00 12 CC F9 BA F7        0    0     3000        0        0        0        0        0
   0.181325 CANFD   1 Rx        411                                   1 0 F 64 00 00 00 00 00 00 00 00 00 00 00 0C 40 00 03 EF 00 00 00 00 0F A4 00 00 00 00 27 10 01 EF 27 10 00 00 00 00 27 10 00 00 00 00 9C 40 00 00 00 00 00 00 00 00 00 00 00 00 00 00 C3 46 00 00 00 00        0    0     3000        0        0        0        0        0
   0.181438 CANFD   1 Rx        181                                   1 0 8  8 F2 0C A0 00 00 00 03 E8        0    0     3000        0        0        0        0        0
   0.181549 CANFD   1 Rx        191                                   1 0 8  8 20 0C 8A 13 88 00 00 00        0    0     3000        0        0        0        0        0
   0.181699 CANFD   1 Rx        171                                   1 0 A 16 91 0C 00 00 00 00 00 00 00 00 00 00 00 00 00 00        0    0     3000        0        0        0        0        0
   0.181927 CANFD   1 Rx        471                                   1 0 D 32 00 00 00 00 00 08 00 00 00 00 10 00 00 00 00 01 00 00 00 00 00 00 00 00 00 00 3F 00 FF E0 00 00        0    0     3000        0        0        0        0        0
   0.182039 CANFD   1 Rx        496                                   1 0 8  8 00 00 08 00 00 00 0D A8        0    0     3000        0        0        0        0        0
   0.182151 CANFD   1 Rx        2AB                                   1 0 8  8 8A 0C 00 00 00 00 00 3C        0    0     3000        0        0        0        0        0
   0.182514 CANFD   1 Rx        555                                   1 0 F 64 12 A7 00 01 00 00 00 00 E9 E9 EA EA 00 00 00 00 00 00 00 00 5A A5 5A A5 17 17 17 17 17 17 17 17 FB FA FA F9 FC F9 FB FB FA FA 17 00 00 00 00 00 00 00 00 00 00 00 00 00 00 00 13 87 00 FF FF FF        0    0     3000        0        0        0        0        0
   0.182929 CANFD   1 Rx        4D7                                   1 0 8  8 00 00 FF 00 00 00 00 00        0    0     3000        0        0        0        0        0
   0.183286 CANFD   1 Rx        4DE                                   1 0 D 32 00 00 00 00 00 00 F8 F8 00 00 00 00 00 00 00 00 00 FE 01 00 00 00 00 00 00 00 00 00 00 00 00 00        0    0     3000        0        0        0        0        0
   0.183581 CANFD   1 Rx        4E2                                   1 0 8  8 00 00 00 00 00 00 00 00        0    0     3000        0        0        0        0        0
   0.183741 CANFD   1 Rx        4E4                                   1 0 8  8 00 00 00 10 0D 00 00 10        0    0     3000        0        0        0        0        0
   0.183932 CANFD   1 Rx        48A                                   1 0 8  8 93 03 00 00 00 7A 12 02        0    0     3000        0        0        0        0        0
   0.184696 CANFD   1 Rx        4F1                                   1 0 C 24 00 00 00 00 00 00 00 00 00 00 00 00 00 00 00 00 00 00 00 00 00 3E 00 00        0    0     3000        0        0        0        0        0
   0.185448 CANFD   1 Rx        510                                   1 0 8  8 1A 20 28 40 78 28 00 00        0    0     3000        0        0        0        0        0
   0.186764 CANFD   1 Rx        550                                   1 0 F 64 00 00 01 00 00 00 00 00 00 00 00 00 00 00 00 00 00 00 00 00 00 00 00 00 00 00 00 00 00 00 00 00 00 00 00 00 00 00 00 00 00 00 00 00 00 00 00 00 00 00 00 00 00 00 00 00 00 00 00 00 00 00 00 00        0    0     3000        0        0        0        0        0
   0.187084 CANFD   1 Rx        2FF                                   1 0 8  8 00 00 00 00 00 00 00 00        0    0     3000        0        0        0        0        0
   0.187197 CANFD   1 Rx         21                                   1 0 8  8 AC 0D 07 D9 00 00 00 00        0    0     3000        0        0        0        0        0
   0.187520 CANFD   1 Rx        5AD                                   1 0 E 48 00 00 00 00 00 00 00 00 00 00 00 00 00 00 00 00 00 00 00 00 00 00 00 00 00 00 00 00 00 00 00 00 00 00 00 00 00 00 00 00 00 00 00 00 00 00 00 00        0    0     3000        0        0        0        0        0
   0.190487 CANFD   1 Rx        102                                   1 0 E 48 E2 14 0F AA 4F F6 39 20 00 04 92 40 00 02 00 00 6C 04 A0 00 A0 00 00 00 A1 04 A0 00 4E 20 01 00 35 04 00 00 5E 00 00 AD 79 04 64 00 93 4C A0 00        0    0     3000        0        0        0        0        0
   0.190599 CANFD   1 Rx        119                                   1 0 8  8 01 00 2C C9 BF 00 00 00        0    0     3000        0        0        0        0        0
   0.190896 CANFD   1 Rx        208                                   1 0 E 48 30 02 00 00 00 0D 9C 40 1A 02 00 00 00 12 12 FC E3 02 FC 15 15 14 02 00 3E 02 00 00 00 00 00 02 55 02 00 08 00 00 00 00 00 00 4E 20 4E 20 02 02        0    0     3000        0        0        0        0        0
   0.191045 CANFD   1 Rx        321                                   1 0 A 16 00 00 0B 32 71 10 00 00 00 00 00 00 00 00 00 00        0    0     3000        0        0        0        0        0
   0.191409 CANFD   1 Rx        555                                   1 0 F 64 12 A5 00 01 00 00 00 00 E9 E9 EA EA 00 00 00 00 00 00 00 00 5A A5 5A A5 17 17 17 17 17 17 17 17 FB FA FA F9 FC F9 FB FB FA FA 17 00 00 00 00 00 00 00 00 00 00 00 00 00 00 00 13 87 00 FF FF FF        0    0     3000        0        0        0        0        0
   0.191522 CANFD   1 Rx        181                                   1 0 8  8 AF 0D A0 00 00 00 03 E8        0    0     3000        0        0        0        0        0
   0.191631 CANFD   1 Rx        191                                   1 0 8  8 7D 0D 8A 13 88 00 00 00        0    0     3000        0        0        0        0        0
   0.191744 CANFD   1 Rx        233                                   1 0 8  8 00 00 02 C4 00 00 00 00        0    0     3000        0        0        0        0        0
   0.191894 CANFD   1 Rx        171                                   1 0 A 16 CC 0D 00 00 00 00 00 00 00 00 00 00 00 00 00 00        0    0     3000        0        0        0        0        0
   0.192006 CANFD   1 Rx        2B4                                   1 0 8  8 00 00 FE FE FE FE 00 00        0    0     3000        0        0        0        0        0
   0.192119 CANFD   1 Rx        524                                   1 0 8  8 FF FF FF FF FF FF FF FF        0    0     3000        0        0        0        0        0
   0.192275 CANFD   1 Rx        27E                                   1 0 A 16 FF 0C 00 00 00 00 00 00 C6 0C 00 03 C0 00 00 00        0    0     3000        0        0        0        0        0
   0.193939 CANFD   1 Rx        201                                   1 0 8  8 81 0B 00 00 00 00 00 00        0    0     3000        0        0        0        0        0
   0.196616 CANFD   1 Rx         21                                   1 0 8  8 4B 0E 07 D9 00 00 00 00        0    0     3000        0        0        0        0        0
   0.196805 CANFD   1 Rx        23B                                   1 0 8  8 CA 0C 03 81 7F 00 00 00        0    0     3000        0        0        0        0        0
   0.197929 CANFD   1 Rx        467                                   1 0 C 24 00 04 00 00 00 02 00 00 F5 04 00 00 0F 40 0D F0 00 00 00 00 00 00 00 00        0    0     3000        0        0        0        0        0
   0.198043 CANFD   1 Rx        403                                   1 0 8  8 00 04 00 00 01 00 00 00        0    0     3000        0        0        0        0        0
   0.198155 CANFD   1 Rx        477                                   1 0 8  8 71 04 0F 10 00 00 00 00        0    0     3000        0        0        0        0        0
   0.198537 CANFD   1 Rx        48C                                   1 0 F 64 00 04 00 00 00 00 00 00 00 04 00 00 00 00 00 00 00 04 00 00 00 00 00 00 00 00 16 00 00 00 00 00 00 00 00 00 00 00 00 00 00 00 00 00 00 00 00 00 00 00 00 00 00 00 00 00 00 00 00 00 00 00 00 00        0    0     3000        0        0        0        0        0
   0.198836 CANFD   1 Rx        49E                                   1 0 E 48 16 04 00 00 00 00 00 00 00 04 00 11 0E 00 00 00 00 04 01 00 00 00 00 98 86 04 00 00 00 00 00 09 00 04 BB 80 00 00 16 00 00 04 00 00 00 00 00 00        0    0     3000        0        0        0        0        0
   0.200038 CANFD   1 Rx        284                                   1 0 8  8 00 00 64 00 00 00 00 00        0    0     3000        0        0        0        0        0
   0.200488 CANFD   1 Rx        102                                   1 0 E 48 BF 15 0F AA 4F F6 39 20 00 05 92 40 00 02 00 00 31 05 A0 00 A0 00 00 00 FC 05 A0 00 4E 20 01 00 68 05 00 00 5E 00 00 AD 24 05 64 00 93 4C A0 00        0    0     3000        0        0        0        0        0
   0.200599 CANFD   1 Rx        119                                   1 0 8  8 01 00 2C C9 BF 00 00 00        0    0     3000        0        0        0        0        0
   0.200889 CANFD   1 Rx        20B                                   1 0 E 48 7B 02 9B F0 00 05 00 84 BD 02 FF E0 05 32 0B 31 2A 02 01 90 16 40 00 00 00 02 9B F0 32 64 32 32 7E 02 99 00 00 00 23 A0 00 02 00 12 CC F9 BA F7        0    0     3000        0        0        0        0        0
   0.201033 CANFD   1 Rx        32B                                   1 0 A 16 FA 0D 1C 0D 11 13 0D 06 00 0D 30 00 1E F9 C4 00        0    0     3000        0        0        0        0        0
   0.201397 CANFD   1 Rx        555                                   1 0 F 64 12 A5 00 01 00 00 00 00 E9 E9 EA EA 00 00 00 00 00 00 00 00 5A A5 5A A5 17 17 17 17 17 17 17 17 FB FA FA F9 FC F9 FB FB FA FA 17 00 00 00 00 00 00 00 00 00 00 00 00 00 00 00 13 87 00 FF FF FF        0    0     3000        0        0        0        0        0
   0.201510 CANFD   1 Rx        181                                   1 0 8  8 48 0E A0 00 00 00 03 E8        0    0     3000        0        0        0        0        0
   0.201620 CANFD   1 Rx        191                                   1 0 8  8 9A 0E 8A 13 88 00 00 00        0    0     3000        0        0        0        0        0
   0.201770 CANFD   1 Rx        171                                   1 0 A 16 2B 0E 00 00 00 00 00 00 00 00 00 00 00 00 00 00        0    0     3000        0        0        0        0        0
   0.201881 CANFD   1 Rx        2AB                                   1 0 8  8 D7 0D 00 00 00 00 00 3C        0    0     3000        0        0        0        0        0
   0.201991 CANFD   1 Rx        52C                                   1 0 8  8 16 04 36 B6 01 00 00 00        0    0     3000        0        0        0        0        0
   0.202221 CANFD   1 Rx        58C                                   1 0 D 32 00 20 00 00 00 00 00 00 00 00 00 00 00 00 00 00 00 00 00 00 00 00 00 00 00 00 00 00 00 00 00 00        0    0     3000        0        0        0        0        0
   0.203077 CANFD   1 Rx        492                                   1 0 F 64 00 05 00 00 00 00 5E 00 00 05 00 00 00 00 00 00 00 05 00 18 02 01 00 00 00 05 00 03 BF 00 01 00 00 05 00 00 00 00 B4 28 00 05 00 80 00 00 00 00 00 00 00 00 00 00 00 00 00 00 00 00 00 00 00 00        0    0     3000        0        0        0        0        0
   0.206623 CANFD   1 Rx         21                                   1 0 8  8 4A 00 07 D9 00 00 00 00        0    0     3000        0        0        0        0        0
   0.206987 CANFD   1 Rx        35B                                   1 0 8  8 00 00 06 00 00 00 00 00        0    0     3000        0        0        0        0        0
   0.207109 CANFD   1 Rx        2FF                                   1 0 8  8 00 00 00 00 00 00 00 00        0    0     3000        0        0        0        0        0
   0.210488 CANFD   1 Rx        102                                   1 0 E 48 58 16 0F AA 4F F6 39 20 00 06 92 40 00 02 00 00 D6 06 A0 00 A0 00 00 00 1B 06 A0 00 4E 20 01 00 8F 06 00 00 5E 00 00 AD C3 06 64 00 93 4C A0 00        0    0     3000        0        0        0        0        0
   0.210600 CANFD   1 Rx        119                                   1 0 8  8 01 00 2C C9 BF 00 00 00        0    0     3000        0        0        0        0        0
   0.210897 CANFD   1 Rx        208                                   1 0 E 48 6D 03 00 00 00 0D 9C 40 47 03 00 00 00 12 12 FC BE 03 FC 15 15 14 02 00 63 03 00 00 00 00 00 02 08 03 00 08 00 00 00 00 00 00 4E 20 4E 20 02 02        0    0     3000        0        0        0        0        0
   0.211115 CANFD   1 Rx        405                                   1 0 D 32 60 2B 00 D8 12 C0 6F 79 35 7B 00 C6 02 18 90 90 95 80 BE 00 14 10 F2 00 13 F7 B7 C0 10 10 14 13        0    0     3000        0        0        0        0        0
   0.211478 CANFD   1 Rx        555                                   1 0 F 64 12 A5 00 01 00 00 00 00 E9 E9 EA EA 00 00 00 00 00 00 00 00 5A A5 5A A5 17 17 17 17 17 17 17 17 FB FA FA F9 FC F9 FB FB FA FA 17 00 00 00 00 00 00 00 00 00 00 00 00 00 00 00 13 87 00 FF FF FF        0    0     3000        0        0        0        0        0
   0.211591 CANFD   1 Rx        181                                   1 0 8  8 49 00 A0 00 00 00 03 E8        0    0     3000        0        0        0        0        0
   0.211701 CANFD   1 Rx        191                                   1 0 8  8 9B 00 8A 13 88 00 00 00        0    0     3000        0        0        0        0        0
   0.211813 CANFD   1 Rx        233                                   1 0 8  8 00 00 02 C4 00 00 00 00        0    0     3000        0        0        0        0        0
   0.211925 CANFD   1 Rx        2B4                                   1 0 8  8 00 00 FE FE FE FE 00 00        0    0     3000        0        0        0        0        0
   0.212039 CANFD   1 Rx        414                                   1 0 8  8 00 00 14 01 00 00 00 95        0    0     3000        0        0        0        0        0
   0.212188 CANFD   1 Rx        27E                                   1 0 A 16 A2 0D 00 00 00 00 00 00 9B 0D 00 03 C0 00 00 00        0    0     3000        0        0        0        0        0
   0.212299 CANFD   1 Rx        476                                   1 0 8  8 00 00 00 00 00 02 D4 56        0    0     3000        0        0        0        0        0
   0.212413 CANFD   1 Rx        531                                   1 0 8  8 00 00 00 00 00 00 00 00        0    0     3000        0        0        0        0        0
   0.212525 CANFD   1 Rx        40A                                   1 0 8  8 0A 05 80 B2 48 00 01 00        0    0     3000        0        0        0        0        0
   0.212637 CANFD   1 Rx        4B4                                   1 0 8  8 33 06 7D 00 00 00 00 18        0    0     3000        0        0        0        0        0
   0.212748 CANFD   1 Rx        4B9                                   1 0 8  8 16 06 00 00 00 01 00 0B        0    0     3000        0        0        0        0        0
   0.212866 CANFD   1 Rx          0                                   1 0 8  8 00 00 00 00 00 00 00 00        0    0     3000        0        0        0        0        0
   0.212983 CANFD   1 Rx          0                                   1 0 8  8 00 00 00 00 00 00 00 00        0    0     3000        0        0        0        0        0
   0.213100 CANFD   1 Rx          0                                   1 0 8  8 00 00 00 00 00 00 00 00        0    0     3000        0        0        0        0        0
   0.213218 CANFD   1 Rx          0                                   1 0 8  8 00 00 00 00 00 00 00 00        0    0     3000        0        0        0        0        0
   0.213335 CANFD   1 Rx          0                                   1 0 8  8 00 00 00 00 00 00 00 00        0    0     3000        0        0        0        0        0
   0.213452 CANFD   1 Rx          0                                   1 0 8  8 00 00 00 00 00 00 00 00        0    0     3000        0        0        0        0        0
   0.213603 CANFD   1 Rx        171                                   1 0 A 16 2A 00 00 00 00 00 00 00 00 00 00 00 00 00 00 00        0    0     3000        0        0        0        0        0
   0.213754 CANFD   1 Rx        422                                   1 0 A 16 00 00 00 00 00 00 00 00 00 00 00 00 00 00 00 00        0    0     3000        0        0        0        0        0
   0.213906 CANFD   1 Rx        43E                                   1 0 A 16 B1 06 00 00 00 00 00 00 00 00 00 00 00 00 3E 80        0    0     3000        0        0        0        0        0
   0.214017 CANFD   1 Rx        494                                   1 0 8  8 00 00 2D 23 24 18 28 00        0    0     3000        0        0        0        0        0
   0.214211 CANFD   1 Rx        3DF                                   1 0 C 24 00 00 00 00 00 00 02 00 00 00 00 00 00 00 00 00 00 00 00 00 00 00 00 00        0    0     3000        0        0        0        0        0
   0.214325 CANFD   1 Rx        201                                   1 0 8  8 0F 0C 00 00 00 00 00 00        0    0     3000        0        0        0        0        0
   0.214476 CANFD   1 Rx        4C3                                   1 0 A 16 00 00 3E 80 00 00 00 00 00 00 00 00 00 00 00 00        0    0     3000        0        0        0        0        0
   0.214705 CANFD   1 Rx        421                                   1 0 D 32 00 00 00 64 00 00 00 50 00 00 3E 83 E8 3E 83 E8 00 00 00 00 00 00 00 00 00 00 00 00 00 00 00 00        0    0     3000        0        0        0        0        0
   0.215085 CANFD   1 Rx        522                                   1 0 F 64 00 00 00 00 1D 80 00 00 00 00 00 00 00 00 00 00 00 00 07 FF 80 7D 00 20 00 00 00 80 00 00 3E 00 00 00 00 00 00 00 00 00 00 00 08 BD 00 00 00 00 00 00 00 00 00 00 00 00 00 00 00 00 00 00 00 00        0    0     3000        0        0        0        0        0
   0.215473 CANFD   1 Rx          0                                   1 0 F 64 00 00 00 00 00 00 00 00 00 00 00 00 00 00 00 00 00 00 00 00 00 00 00 00 00 00 00 00 00 00 00 00 00 00 00 00 00 00 00 00 00 00 00 00 00 00 00 00 00 00 00 00 00 00 00 00 00 00 00 00 00 00 00 00        0    0     3000        0        0        0        0        0
   0.215861 CANFD   1 Rx          0                                   1 0 F 64 00 00 00 00 00 00 00 00 00 00 00 00 00 00 00 00 00 00 00 00 00 00 00 00 00 00 00 00 00 00 00 00 00 00 00 00 00 00 00 00 00 00 00 00 00 00 00 00 00 00 00 00 00 00 00 00 00 00 00 00 00 00 00 00        0    0     3000        0        0        0        0        0
   0.216250 CANFD   1 Rx          0                                   1 0 F 64 00 00 00 00 00 00 00 00 00 00 00 00 00 00 00 00 00 00 00 00 00 00 00 00 00 00 00 00 00 00 00 00 00 00 00 00 00 00 00 00 00 00 00 00 00 00 00 00 00 00 00 00 00 00 00 00 00 00 00 00 00 00 00 00        0    0     3000        0        0        0        0        0
   0.216638 CANFD   1 Rx          0                                   1 0 F 64 00 00 00 00 00 00 00 00 00 00 00 00 00 00 00 00 00 00 00 00 00 00 00 00 00 00 00 00 00 00 00 00 00 00 00 00 00 00 00 00 00 00 00 00 00 00 00 00 00 00 00 00 00 00 00 00 00 00 00 00 00 00 00 00        0    0     3000        0        0        0        0        0
   0.216755 CANFD   1 Rx          0                                   1 0 8  8 00 00 00 00 00 00 00 00        0    0     3000        0        0        0        0        0
   0.216873 CANFD   1 Rx          0                                   1 0 8  8 00 00 00 00 00 00 00 00        0    0     3000        0        0        0        0        0
   0.216990 CANFD   1 Rx          0                                   1 0 8  8 00 00 00 00 00 00 00 00        0    0     3000        0        0        0        0        0
   0.217107 CANFD   1 Rx          0                                   1 0 8  8 00 00 00 00 00 00 00 00        0    0     3000        0        0        0        0        0
   0.217221 CANFD   1 Rx         21                                   1 0 8  8 17 01 07 D9 00 00 00 00        0    0     3000        0        0        0        0        0
   0.217331 CANFD   1 Rx        23B                                   1 0 8  8 97 0D 03 81 7F 00 00 00        0    0     3000        0        0        0        0        0
   0.217446 CANFD   1 Rx        413                                   1 0 8  8 FF FF FF FF FF FF 00 00        0    0     3000        0        0        0        0        0
   0.217950 CANFD   1 Rx        4B2                                   1 0 8  8 00 00 21 00 00 02 08 00        0    0     3000        0        0        0        0        0
   0.218069 CANFD   1 Rx        4BD                                   1 0 8  8 00 00 00 27 00 00 00 00        0    0     3000        0        0        0        0        0
   0.218188 CANFD   1 Rx        4D9                                   1 0 8  8 00 00 00 00 00 00 40 00        0    0     3000        0        0        0        0        0
   0.220038 CANFD   1 Rx        284                                   1 0 8  8 00 00 64 00 00 00 00 00        0    0     3000        0        0        0        0        0
   0.220488 CANFD   1 Rx        102                                   1 0 E 48 64 17 0F AC 4F F6 39 20 00 07 92 40 00 02 00 00 8B 07 A0 00 A0 00 00 00 46 07 A0 00 4E 20 01 00 D2 07 00 00 5E 00 00 AD 9E 07 64 00 93 4C A0 00        0    0     3000        0        0        0        0        0
   0.220599 CANFD   1 Rx        119                                   1 0 8  8 01 00 2C C9 BF 00 00 00        0    0     3000        0        0        0        0        0
   0.220889 CANFD   1 Rx        20B                                   1 0 E 48 26 03 9B F0 00 05 00 84 E0 03 FF E0 05 32 0B 31 77 03 01 90 16 40 00 00 00 03 9B F0 32 64 32 32 23 03 99 00 00 00 23 A0 00 03 00 12 CC F9 BA F7        0    0     3000        0        0        0        0        0
   0.221237 CANFD   1 Rx        33B                                   1 0 F 64 0D 08 0D 09 0D 0F 0D 0A 0D 07 0D 0A 0D 07 0D 0A 0D 10 0D 08 0D 08 0D 07 0D 07 0D 08 0D 07 0D 07 0D 11 0D 07 0D 07 0D 08 0D 08 0D 08 0D 08 0D 0A 0D 08 0D 09 0D 08 0D 08 0D 08 0D 09 00 1F 1E FF        0    0     3000        0        0        0        0        0
   0.221350 CANFD   1 Rx        181                                   1 0 8  8 14 01 A0 00 00 00 03 E8        0    0     3000        0        0        0        0        0
   0.221460 CANFD   1 Rx        191                                   1 0 8  8 C6 01 8A 13 88 00 00 00        0    0     3000        0        0        0        0        0
   0.221611 CANFD   1 Rx        171                                   1 0 A 16 77 01 00 00 00 00 00 00 00 00 00 00 00 00 00 00        0    0     3000        0        0        0        0        0
   0.221903 CANFD   1 Rx        40E                                   1 0 E 48 DF 05 00 B7 80 22 40 00 00 70 80 C3 50 92 40 04 00 00 13 34 00 01 1A C0 00 00 00 03 D8 47 2D 80 00 00 85 4D 03 E1 2A 00 00 00 78 FC E0 00 00 00        0    0     3000        0        0        0        0        0
   0.222015 CANFD   1 Rx        2AB                                   1 0 8  8 30 0E 00 00 00 00 00 3C        0    0     3000        0        0        0        0        0
   0.222128 CANFD   1 Rx        4CF                                   1 0 8  8 00 00 00 00 00 00 00 00        0    0     3000        0        0        0        0        0
   0.222512 CANFD   1 Rx        4FB                                   1 0 F 64 00 00 40 00 00 00 00 00 00 00 00 00 00 00 00 00 00 00 00 00 0F A0 0F A0 00 00 00 00 0F A0 00 00 00 00 0F A0 00 00 00 00 00 00 00 64 00 00 00 00 00 00 00 00 00 00 00 00 00 00 00 00 00 00 00 00        0    0     3000        0        0        0        0        0
   0.222876 CANFD   1 Rx        555                                   1 0 F 64 12 A5 00 01 00 00 00 00 E9 E9 EA EA 00 00 00 00 00 00 00 00 5A A5 5A A5 17 17 17 17 17 17 17 17 FB FA FA F9 FC F9 FB FB FA FA 17 00 00 00 00 00 00 00 00 00 00 00 00 00 00 00 13 87 00 FF FF FF        0    0     3000        0        0        0        0        0
   0.226619 CANFD   1 Rx         21                                   1 0 8  8 4E 02 07 DA 00 00 00 00        0    0     3000        0        0        0        0        0
   0.226984 CANFD   1 Rx        2FF                                   1 0 8  8 00 00 00 00 00 00 00 00        0    0     3000        0        0        0        0        0
   0.230488 CANFD   1 Rx        102                                   1 0 E 48 38 18 0F AC 4F F6 39 20 00 08 92 40 00 02 00 00 D7 08 A0 00 A0 00 00 00 1A 08 A0 00 4E 20 01 00 8E 08 00 00 5E 00 00 AD C2 08 64 00 93 4C A0 00        0    0     3000        0        0        0        0        0
   0.230599 CANFD   1 Rx        119                                   1 0 8  8 01 00 2C C9 BF 00 00 00        0    0     3000        0        0        0        0        0
   0.230896 CANFD   1 Rx        208                                   1 0 E 48 E3 04 00 00 00 0D 9C 40 C9 04 00 00 00 12 12 FC 30 04 FC 15 15 14 02 00 ED 04 00 00 00 00 00 02 86 04 00 08 00 00 00 00 00 00 4E 20 4E 20 02 02        0    0     3000        0        0        0        0        0
   0.231126 CANFD   1 Rx        40F                                   1 0 D 32 00 00 00 00 10 40 08 00 00 00 14 02 02 01 00 02 00 00 00 00 00 00 00 00 00 00 00 00 00 00 00 00        0    0     3000        0        0        0        0        0
   0.231490 CANFD   1 Rx        555                                   1 0 F 64 12 A5 00 01 00 00 00 00 E9 E9 EA EA 00 00 00 00 00 00 00 00 5A A5 5A A5 17 17 17 17 17 17 17 17 FB FA FA F9 FC F9 FB FB FA FA 17 00 00 00 00 00 00 00 00 00 00 00 00 00 00 00 13 87 00 FF FF FF        0    0     3000        0        0        0        0        0
   0.231603 CANFD   1 Rx        181                                   1 0 8  8 F3 02 A0 00 00 00 03 E8        0    0     3000        0        0        0        0        0
   0.231713 CANFD   1 Rx        191                                   1 0 8  8 21 02 8A 13 88 00 00 00        0    0     3000        0        0        0        0        0
   0.231826 CANFD   1 Rx        233                                   1 0 8  8 00 00 02 C4 00 00 00 00        0    0     3000        0        0        0        0        0
   0.231976 CANFD   1 Rx        171                                   1 0 A 16 90 02 00 00 00 00 00 00 00 00 00 00 00 00 00 00        0    0     3000        0        0        0        0        0
   0.232088 CANFD   1 Rx        2B4                                   1 0 8  8 00 00 FE FE FE FE 00 00        0    0     3000        0        0        0        0        0
   0.232240 CANFD   1 Rx        27E                                   1 0 A 16 45 0E 00 00 00 00 00 00 7C 0E 00 03 C0 00 00 00        0    0     3000        0        0        0        0        0
   0.233944 CANFD   1 Rx        201                                   1 0 8  8 52 0D 00 00 00 00 00 00        0    0     3000        0        0        0        0        0
   0.236590 CANFD   1 Rx         21                                   1 0 8  8 13 03 07 DA 00 00 00 00        0    0     3000        0        0        0        0        0
   0.236773 CANFD   1 Rx        23B                                   1 0 8  8 70 0E 03 81 7F 00 00 00        0    0     3000        0        0        0        0        0
   0.240049 CANFD   1 Rx        284                                   1 0 8  8 00 00 64 00 00 00 00 00        0    0     3000        0        0        0        0        0
   0.240486 CANFD   1 Rx        102                                   1 0 E 48 BA 19 0F A9 4F F6 39 20 00 09 92 40 00 02 00 00 8A 09 A0 00 A0 00 00 00 47 09 A0 00 4E 20 01 00 D3 09 00 00 5E 00 00 AD 9F 09 64 00 93 4C A0 00        0    0     3000        0        0        0        0        0
   0.240597 CANFD   1 Rx        119                                   1 0 8  8 01 00 2C C9 BF 00 00 00        0    0     3000        0        0        0        0        0
   0.240887 CANFD   1 Rx        20B                                   1 0 E 48 A8 04 9B F0 00 05 00 84 6E 04 FF E0 05 32 0B 31 F9 04 01 90 16 40 00 00 00 04 9B F0 32 64 32 32 AD 04 99 00 00 00 23 A0 00 04 00 12 CC F9 BA F7        0    0     3000        0        0        0        0        0
   0.241035 CANFD   1 Rx        321                                   1 0 A 16 00 00 0B 32 71 10 00 00 00 00 00 00 00 00 00 00        0    0     3000        0        0        0        0        0
   0.241265 CANFD   1 Rx        416                                   1 0 D 32 34 05 00 00 00 00 00 00 34 05 00 00 00 00 00 00 34 05 00 00 00 00 00 00 00 00 00 00 00 00 00 00        0    0     3000        0        0        0        0        0
   0.241378 CANFD   1 Rx        181                                   1 0 8  8 AE 03 A0 00 00 00 03 E8        0    0     3000        0        0        0        0        0
   0.241488 CANFD   1 Rx        191                                   1 0 8  8 7C 03 8A 13 88 00 00 00        0    0     3000        0        0        0        0        0
   0.241639 CANFD   1 Rx        171                                   1 0 A 16 CD 03 00 00 00 00 00 00 00 00 00 00 00 00 00 00        0    0     3000        0        0        0        0        0
   0.242002 CANFD   1 Rx        555                                   1 0 F 64 12 A6 00 01 00 00 00 00 E9 E9 EA EA 00 00 00 00 00 00 00 00 5A A5 5A A5 17 17 17 17 17 17 17 17 FB FA FA F9 FC F9 FB FB FA FA 17 00 00 00 00 00 00 00 00 00 00 00 00 00 00 00 13 87 00 FF FF FF        0    0     3000        0        0        0        0        0
   0.242115 CANFD   1 Rx        2AB                                   1 0 8  8 31 00 00 00 00 00 00 3C        0    0     3000        0        0        0        0        0
   0.242420 CANFD   1 Rx        4E0                                   1 0 E 48 04 06 00 00 00 40 00 07 00 06 00 00 00 00 00 00 00 06 00 00 00 00 03 04 52 06 00 00 00 00 00 00 00 00 00 00 00 00 10 01 00 00 00 00 00 00 00 00        0    0     3000        0        0        0        0        0
   0.242800 CANFD   1 Rx        4B7                                   1 0 F 64 00 06 6B 00 00 48 48 00 00 06 16 00 00 00 00 00 00 06 00 00 00 16 EA E0 00 06 08 00 00 00 00 00 00 06 34 80 00 00 00 00 00 06 00 00 00 00 00 00 00 06 01 01 02 00 00 00 00 00 00 00 00 00 00 00        0    0     3000        0        0        0        0        0
   0.246681 CANFD   1 Rx         21                                   1 0 8  8 9D 04 07 DA 00 00 00 00        0    0     3000        0        0        0        0        0
   0.247069 CANFD   1 Rx        2FF                                   1 0 8  8 00 00 00 00 00 00 00 00        0    0     3000        0        0        0        0        0
   0.250499 CANFD   1 Rx        102                                   1 0 E 48 5D 1A 0F A9 4F F6 39 20 00 0A 92 40 00 02 00 00 6D 0A A0 00 A0 00 00 00 A0 0A A0 00 4E 20 01 00 34 0A 00 00 5E 00 00 AD 78 0A 64 00 93 4C A0 00        0    0     3000        0        0        0        0        0
   0.250610 CANFD   1 Rx        119                                   1 0 8  8 01 00 2C C9 BF 00 00 00        0    0     3000        0        0        0        0        0
   0.250907 CANFD   1 Rx        208                                   1 0 E 48 BE 05 00 00 00 0D 9C 40 94 05 00 00 00 12 12 FC 6D 05 FC 15 15 14 02 00 B0 05 00 00 00 00 00 02 DB 05 00 08 00 00 00 00 00 00 4E 20 4E 20 02 02        0    0     3000        0        0        0        0        0
   0.251051 CANFD   1 Rx        32B                                   1 0 A 16 17 0E 14 0D 11 13 0D 06 00 0E 30 00 1E F9 C4 00        0    0     3000        0        0        0        0        0
   0.251203 CANFD   1 Rx        41F                                   1 0 A 16 00 07 00 00 01 00 00 00 66 07 00 00 00 00 5E 00        0    0     3000        0        0        0        0        0
   0.251317 CANFD   1 Rx        181                                   1 0 8  8 20 04 A0 00 00 00 03 E8        0    0     3000        0        0        0        0        0
   0.251427 CANFD   1 Rx        191                                   1 0 8  8 F2 04 8A 13 88 00 00 00        0    0     3000        0        0        0        0        0
   0.251539 CANFD   1 Rx        233                                   1 0 8  8 00 00 02 C4 00 00 00 00        0    0     3000        0        0        0        0        0
   0.251690 CANFD   1 Rx        171                                   1 0 A 16 43 04 00 00 00 00 00 00 00 00 00 00 00 00 00 00        0    0     3000        0        0        0        0        0
   0.252053 CANFD   1 Rx        555                                   1 0 F 64 12 A6 00 01 00 00 00 00 E9 E9 EA EA 00 00 00 00 00 00 00 00 5A A5 5A A5 17 17 17 17 17 17 17 17 FB FA FA F9 FC F9 FB FB FA FA 17 00 00 00 00 00 00 00 00 00 00 00 00 00 00 00 13 87 00 FF FF FF        0    0     3000        0        0        0        0        0
   0.252165 CANFD   1 Rx        2B4                                   1 0 8  8 00 00 FE FE FE FE 00 00        0    0     3000        0        0        0        0        0
   0.252317 CANFD   1 Rx        27E                                   1 0 A 16 44 00 00 00 00 00 00 00 7D 00 00 03 C0 00 00 00        0    0     3000        0        0        0        0        0
   0.252766 CANFD   1 Rx        448                                   1 0 D 32 00 00 01 20 00 00 00 14 00 00 00 00 00 00 00 00 00 00 08 00 00 00 00 00 00 00 00 00 00 00 00 00        0    0     3000        0        0        0        0        0
   0.253394 CANFD   1 Rx        4A0                                   1 0 F 64 00 06 23 1F 00 00 00 00 00 06 28 06 0D 00 00 00 00 06 00 01 01 0A 00 00 00 06 00 00 64 00 00 00 00 06 1D 00 03 00 00 03 00 06 00 00 1B 00 3C 0A 00 06 04 00 00 00 00 00 00 06 F5 20 A5 20 A5 20        0    0     3000        0        0        0        0        0
   0.253941 CANFD   1 Rx        201                                   1 0 8  8 B5 0E 00 00 00 00 00 00        0    0     3000        0        0        0        0        0
   0.256543 CANFD   1 Rx         21                                   1 0 8  8 7E 05 07 D9 00 00 00 00        0    0     3000        0        0        0        0        0
   0.256930 CANFD   1 Rx        23B                                   1 0 8  8 71 00 03 81 7F 00 00 00        0    0     3000        0        0        0        0        0
   0.257042 CANFD   1 Rx        35B                                   1 0 8  8 00 00 06 00 00 00 00 00        0    0     3000        0        0        0        0        0
   0.260039 CANFD   1 Rx        284                                   1 0 8  8 00 00 64 00 00 00 00 00        0    0     3000        0        0        0        0        0
   0.260485 CANFD   1 Rx        102                                   1 0 E 48 D4 1B 0F AB 4F F6 39 20 00 0B 92 40 00 02 00 00 30 0B A0 00 A0 00 00 00 FD 0B A0 00 4E 20 01 00 69 0B 00 00 5E 00 00 AD 25 0B 64 00 93 4C A0 00        0    0     3000        0        0        0        0        0
   0.260596 CANFD   1 Rx        119                                   1 0 8  8 01 00 2C C9 BF 00 00 00        0    0     3000        0        0        0        0        0
   0.260885 CANFD   1 Rx        20B                                   1 0 E 48 F5 05 9B F0 00 05 00 84 33 05 FF E0 05 32 0B 31 94 05 01 90 16 60 00 00 00 05 9B F0 32 64 32 32 F0 05 99 00 00 00 23 A0 00 05 00 12 CC F9 BA F7        0    0     3000        0        0        0        0        0
   0.261034 CANFD   1 Rx        4C8                                   1 0 A 16 00 00 14 0D 11 13 0D 06 00 00 30 00 00 00 00 00        0    0     3000        0        0        0        0        0
   0.261398 CANFD   1 Rx        555                                   1 0 F 64 12 A5 00 01 00 00 00 00 E9 E9 EA EA 00 00 00 00 00 00 00 00 5A A5 5A A5 17 17 17 17 17 17 17 17 FB FA FA F9 FB F9 FB FB FA FA 17 00 00 00 00 00 00 00 00 00 00 00 00 00 00 00 13 87 00 FF FF FF        0    0     3000        0        0        0        0        0
   0.261512 CANFD   1 Rx        181                                   1 0 8  8 7D 05 A0 00 00 00 03 E8        0    0     3000        0        0        0        0        0
   0.261621 CANFD   1 Rx        191                                   1 0 8  8 AF 05 8A 13 88 00 00 00        0    0     3000        0        0        0        0        0
   0.261739 CANFD   1 Rx          0                                   1 0 8  8 00 00 00 00 00 00 00 00        0    0     3000        0        0        0        0        0
   0.261856 CANFD   1 Rx          0                                   1 0 8  8 00 00 00 00 00 00 00 00        0    0     3000        0        0        0        0        0
   0.261973 CANFD   1 Rx          0                                   1 0 8  8 00 00 00 00 00 00 00 00        0    0     3000        0        0        0        0        0
   0.262091 CANFD   1 Rx          0                                   1 0 8  8 00 00 00 00 00 00 00 00        0    0     3000        0        0        0        0        0
   0.262208 CANFD   1 Rx          0                                   1 0 8  8 00 00 00 00 00 00 00 00        0    0     3000        0        0        0        0        0
   0.262325 CANFD   1 Rx          0                                   1 0 8  8 00 00 00 00 00 00 00 00        0    0     3000        0        0        0        0        0
   0.262475 CANFD   1 Rx        171                                   1 0 A 16 1E 05 00 00 00 00 00 00 00 00 00 00 00 00 00 00        0    0     3000        0        0        0        0        0
   0.262864 CANFD   1 Rx          0                                   1 0 F 64 00 00 00 00 00 00 00 00 00 00 00 00 00 00 00 00 00 00 00 00 00 00 00 00 00 00 00 00 00 00 00 00 00 00 00 00 00 00 00 00 00 00 00 00 00 00 00 00 00 00 00 00 00 00 00 00 00 00 00 00 00 00 00 00        0    0     3000        0        0        0        0        0
   0.263252 CANFD   1 Rx          0                                   1 0 F 64 00 00 00 00 00 00 00 00 00 00 00 00 00 00 00 00 00 00 00 00 00 00 00 00 00 00 00 00 00 00 00 00 00 00 00 00 00 00 00 00 00 00 00 00 00 00 00 00 00 00 00 00 00 00 00 00 00 00 00 00 00 00 00 00        0    0     3000        0        0        0        0        0
   0.263640 CANFD   1 Rx          0                                   1 0 F 64 00 00 00 00 00 00 00 00 00 00 00 00 00 00 00 00 00 00 00 00 00 00 00 00 00 00 00 00 00 00 00 00 00 00 00 00 00 00 00 00 00 00 00 00 00 00 00 00 00 00 00 00 00 00 00 00 00 00 00 00 00 00 00 00        0    0     3000        0        0        0        0        0
   0.264029 CANFD   1 Rx          0                                   1 0 F 64 00 00 00 00 00 00 00 00 00 00 00 00 00 00 00 00 00 00 00 00 00 00 00 00 00 00 00 00 00 00 00 00 00 00 00 00 00 00 00 00 00 00 00 00 00 00 00 00 00 00 00 00 00 00 00 00 00 00 00 00 00 00 00 00        0    0     3000        0        0        0        0        0
   0.264146 CANFD   1 Rx          0                                   1 0 8  8 00 00 00 00 00 00 00 00        0    0     3000        0        0        0        0        0
   0.264263 CANFD   1 Rx          0                                   1 0 8  8 00 00 00 00 00 00 00 00        0    0     3000        0        0        0        0        0
   0.264380 CANFD   1 Rx          0                                   1 0 8  8 00 00 00 00 00 00 00 00        0    0     3000        0        0        0        0        0
   0.264498 CANFD   1 Rx          0                                   1 0 8  8 00 00 00 00 00 00 00 00        0    0     3000        0        0        0        0        0
   0.264610 CANFD   1 Rx        462                                   1 0 8  8 00 00 00 04 00 00 0A 00        0    0     3000        0        0        0        0        0
   0.264721 CANFD   1 Rx        2AB                                   1 0 8  8 6C 01 00 00 00 00 00 3C        0    0     3000        0        0        0        0        0
   0.264916 CANFD   1 Rx        3DF                                   1 0 C 24 00 00 00 00 00 00 02 00 00 00 00 00 00 00 00 00 00 00 00 00 00 00 00 00        0    0     3000        0        0        0        0        0
   0.266603 CANFD   1 Rx         21                                   1 0 8  8 99 06 07 D9 00 00 00 00        0    0     3000        0        0        0        0        0
   0.266915 CANFD   1 Rx        49D                                   1 0 8  8 1B 06 80 00 00 00 00 00        0    0     3000        0        0        0        0        0
   0.267037 CANFD   1 Rx        2FF                                   1 0 8  8 00 00 00 00 00 00 00 00        0    0     3000        0        0        0        0        0
   0.270082 CANFD   1 Rx        457                                   1 0 A 16 00 00 00 00 13 00 11 11 00 00 00 08 00 13 00 08        0    0     3000        0        0        0        0        0
   0.270195 CANFD   1 Rx        436                                   1 0 8  8 24 00 02 00 02 00 00 00        0    0     3000        0        0        0        0        0
   0.270487 CANFD   1 Rx        102                                   1 0 E 48 5A 1C 0F AB 4F F6 39 20 00 0C 92 40 00 02 00 00 BE 0C A0 00 A0 00 00 00 73 0C A0 00 4E 20 01 00 E7 0C 00 00 5E 00 00 AD AB 0C 64 00 93 4C A0 00        0    0     3000        0        0        0        0        0
   0.270598 CANFD   1 Rx        119                                   1 0 8  8 01 00 2C C9 BF 00 00 00        0    0     3000        0        0        0        0        0
   0.270895 CANFD   1 Rx        208                                   1 0 E 48 59 06 00 00 00 0D 9C 40 73 06 00 00 00 12 12 FC 8A 06 FC 15 15 14 02 00 57 06 00 00 00 00 00 02 FE 06 00 04 00 00 00 00 00 00 4E 20 4E 20 02 02        0    0     3000        0        0        0        0        0
   0.271241 CANFD   1 Rx        33B                                   1 0 F 64 0D 0A 0D 09 0D 08 0D 0D 0D 08 0D 09 0D 09 0D 0A 0D 08 0D 08 0D 0A 0D 08 0D 08 0D 08 0D 08 0D 09 0D 07 0D 0A 0D 08 0D 08 0D 09 0D 08 0D 08 0D 07 0D 08 0D 09 0D 0B 0D 08 0D 07 0D 09 00 3D 1E FF        0    0     3000        0        0        0        0        0
   0.271354 CANFD   1 Rx        181                                   1 0 8  8 9A 06 A0 00 00 00 03 E8        0    0     3000        0        0        0        0        0
   0.271464 CANFD   1 Rx        191                                   1 0 8  8 48 06 8A 13 88 00 00 00        0    0     3000        0        0        0        0        0
   0.271576 CANFD   1 Rx        233                                   1 0 8  8 00 00 02 C4 00 00 00 00        0    0     3000        0        0        0        0        0
   0.271727 CANFD   1 Rx        171                                   1 0 A 16 F9 06 00 00 00 00 00 00 00 00 00 00 00 00 00 00        0    0     3000        0        0        0        0        0
   0.272074 CANFD   1 Rx        4CE                                   1 0 F 64 0D 08 0D 09 0D 0F 0D 0A 0D 07 0D 0B 0D 07 0D 0A 0D 10 0D 08 0D 08 0D 07 0D 07 0D 08 0D 07 0D 07 0D 11 0D 07 0D 07 0D 08 0D 08 0D 08 0D 08 0D 0A 0D 08 0D 09 0D 08 0D 08 0D 08 0D 09 00 1F 1E FF        0    0     3000        0        0        0        0        0
   0.272186 CANFD   1 Rx        2B4                                   1 0 8  8 00 00 FE FE FE FE 00 00        0    0     3000        0        0        0        0        0
   0.272337 CANFD   1 Rx        27E                                   1 0 A 16 19 01 00 00 00 00 00 00 20 01 00 03 C0 00 00 00        0    0     3000        0        0        0        0        0
   0.272701 CANFD   1 Rx        555                                   1 0 F 64 12 A4 00 01 00 00 00 00 E9 E9 EA EA 00 00 00 00 00 00 00 00 5A A5 5A A5 17 17 17 17 17 17 17 17 FB FA FA F9 FB F9 FB FB FA FA 17 00 00 00 00 00 00 00 00 00 00 00 00 00 00 00 13 87 00 FF FF FF        0    0     3000        0        0        0        0        0
   0.273943 CANFD   1 Rx        201                                   1 0 8  8 B4 00 00 00 00 00 00 00        0    0     3000        0        0        0        0        0
   0.276580 CANFD   1 Rx         21                                   1 0 8  8 C4 07 07 D9 00 00 00 00        0    0     3000        0        0        0        0        0
   0.276764 CANFD   1 Rx        23B                                   1 0 8  8 2C 01 03 81 7F 00 00 00        0    0     3000        0        0        0        0        0
   0.277025 CANFD   1 Rx        40B                                   1 0 8  8 00 00 00 00 00 00 00 00        0    0     3000        0        0        0        0        0
   0.280008 CANFD   1 Rx        478                                   1 0 8  8 00 00 C0 00 00 00 00 00        0    0     3000        0        0        0        0        0
   0.280245 CANFD   1 Rx        284                                   1 0 8  8 00 00 64 00 00 00 00 00        0    0     3000        0        0        0        0        0
   0.280536 CANFD   1 Rx        102                                   1 0 E 48 07 1D 0F AB 4F F6 39 20 00 0D 92 40 00 02 00 00 E3 0D A0 00 A0 00 00 00 2E 0D A0 00 4E 20 01 00 BA 0D 00 00 5E 00 00 AD F6 0D 64 00 93 4C A0 00        0    0     3000        0        0        0        0        0
   0.280647 CANFD   1 Rx        119                                   1 0 8  8 01 00 2C C9 BF 00 00 00        0    0     3000        0        0        0        0        0
   0.280936 CANFD   1 Rx        20B                                   1 0 E 48 12 06 9B F0 00 05 00 84 D4 06 FF E0 05 32 0B 31 43 06 01 90 16 40 00 00 00 06 9B F0 32 64 32 32 17 06 99 00 00 00 23 A0 00 06 00 12 CC F9 BA F7        0    0     3000        0        0        0        0        0
   0.281313 CANFD   1 Rx        411                                   1 0 F 64 00 00 00 00 00 00 00 00 00 00 00 0C 40 00 03 EF 00 00 00 00 0F A4 00 00 00 00 27 10 01 EF 27 10 00 00 00 00 27 10 00 00 00 00 9C 40 00 00 00 00 00 00 00 00 00 00 00 00 00 00 C3 46 00 00 00 00        0    0     3000        0        0        0        0        0
   0.281427 CANFD   1 Rx        181                                   1 0 8  8 C7 07 A0 00 00 00 03 E8        0    0     3000        0        0        0        0        0
   0.281537 CANFD   1 Rx        191                                   1 0 8  8 15 07 8A 13 88 00 00 00        0    0     3000        0        0        0        0        0
   0.281688 CANFD   1 Rx        171                                   1 0 A 16 A4 07 00 00 00 00 00 00 00 00 00 00 00 00 00 00        0    0     3000        0        0        0        0        0
   0.281917 CANFD   1 Rx        471                                   1 0 D 32 00 00 00 00 00 08 00 00 00 00 10 00 00 00 00 01 00 00 00 00 00 00 00 00 00 00 3F 00 FF E0 00 00        0    0     3000        0        0        0        0        0
   0.282028 CANFD   1 Rx        2AB                                   1 0 8  8 8B 02 00 00 00 00 00 3C        0    0     3000        0        0        0        0        0
   0.282140 CANFD   1 Rx        496                                   1 0 8  8 00 00 08 00 00 00 0D A8        0    0     3000        0        0        0        0        0
   0.282503 CANFD   1 Rx        555                                   1 0 F 64 12 A5 00 01 00 00 00 00 E9 E9 EA EA 00 00 00 00 00 00 00 00 5A A5 5A A5 17 17 17 17 17 17 17 17 FB FA FA F9 FB F9 FB FB FA FA 17 00 00 00 00 00 00 00 00 00 00 00 00 00 00 00 13 87 00 FF FF FF        0    0     3000        0        0        0        0        0
   0.283024 CANFD   1 Rx        4D7                                   1 0 8  8 00 00 FF 00 00 00 00 00        0    0     3000        0        0        0        0        0
   0.283393 CANFD   1 Rx        4DE                                   1 0 D 32 00 00 00 00 00 00 F8 F8 00 00 00 00 00 00 00 00 00 FE 01 00 00 00 00 00 00 00 00 00 00 00 00 00        0    0     3000        0        0        0        0        0
   0.283670 CANFD   1 Rx        4E2                                   1 0 8  8 00 00 00 00 00 00 00 00        0    0     3000        0        0        0        0        0
   0.283787 CANFD   1 Rx        48A                                   1 0 8  8 1D 04 00 00 00 7A 12 02        0    0     3000        0        0        0        0        0
   0.283899 CANFD   1 Rx        4E4                                   1 0 8  8 00 00 00 10 0D 00 00 10        0    0     3000        0        0        0        0        0
   0.285003 CANFD   1 Rx        4F1                                   1 0 C 24 00 00 00 00 00 00 00 00 00 00 00 00 00 00 00 00 00 00 00 00 00 3E 00 00        0    0     3000        0        0        0        0        0
   0.286207 CANFD   1 Rx        550                                   1 0 F 64 00 00 01 00 00 00 00 00 00 00 00 00 00 00 00 00 00 00 00 00 00 00 00 00 00 00 00 00 00 00 00 00 00 00 00 00 00 00 00 00 00 00 00 00 00 00 00 00 00 00 00 00 00 00 00 00 00 00 00 00 00 00 00 00        0    0     3000        0        0        0        0        0
   0.286965 CANFD   1 Rx         21                                   1 0 8  8 26 08 07 DA 00 00 00 00        0    0     3000        0        0        0        0        0
   0.287224 CANFD   1 Rx        2FF                                   1 0 8  8 00 00 00 00 00 00 00 00        0    0     3000        0        0        0        0        0
   0.290486 CANFD   1 Rx        102                                   1 0 E 48 E0 1E 0F AB 4F F6 39 20 00 0E 92 40 00 02 00 00 04 0E A0 00 A0 00 00 00 C9 0E A0 00 4E 20 01 00 5D 0E 00 00 5E 00 00 AD 11 0E 64 00 93 4C A0 00        0    0     3000        0        0        0        0        0
   0.290598 CANFD   1 Rx        119                                   1 0 8  8 01 00 2C C9 BF 00 00 00        0    0     3000        0        0        0        0        0
   0.290895 CANFD   1 Rx        208                                   1 0 E 48 04 07 00 00 00 0D 9C 40 2E 07 00 00 00 12 12 FC D7 07 FC 15 15 14 02 00 0A 07 00 00 00 00 00 02 61 07 00 08 00 00 00 00 00 00 4E 20 4E 20 02 02        0    0     3000        0        0        0        0        0
   0.291044 CANFD   1 Rx        321                                   1 0 A 16 00 00 0B 32 71 10 00 00 00 00 00 00 00 00 00 00        0    0     3000        0        0        0        0        0
   0.291408 CANFD   1 Rx        555                                   1 0 F 64 12 A4 00 01 00 00 00 00 E9 E9 EA EA 00 00 00 00 00 00 00 00 5A A5 5A A5 17 17 17 17 17 17 17 17 FB FA FA F9 FB F9 FB FB FA FA 17 00 00 00 00 00 00 00 00 00 00 00 00 00 00 00 13 87 00 FF FF FF        0    0     3000        0        0        0        0        0
   0.291521 CANFD   1 Rx        181                                   1 0 8  8 9B 08 A0 00 00 00 03 E8        0    0     3000        0        0        0        0        0
   0.291630 CANFD   1 Rx        191                                   1 0 8  8 49 08 8A 13 88 00 00 00        0    0     3000        0        0        0        0        0
   0.291742 CANFD   1 Rx        233                                   1 0 8  8 00 00 02 C4 00 00 00 00        0    0     3000        0        0        0        0        0
   0.291893 CANFD   1 Rx        171                                   1 0 A 16 F8 08 00 00 00 00 00 00 00 00 00 00 00 00 00 00        0    0     3000        0        0        0        0        0
   0.292005 CANFD   1 Rx        2B4                                   1 0 8  8 00 00 FE FE FE FE 00 00        0    0     3000        0        0        0        0        0
   0.292163 CANFD   1 Rx        27E                                   1 0 A 16 FE 02 00 00 00 00 00 00 C7 02 00 03 C0 00 00 00        0    0     3000        0        0        0        0        0
   0.293845 CANFD   1 Rx        201                                   1 0 8  8 E9 01 00 00 00 00 00 00        0    0     3000        0        0        0        0        0
   0.296505 CANFD   1 Rx         21                                   1 0 8  8 C5 09 07 D9 00 00 00 00        0    0     3000        0        0        0        0        0
   0.296688 CANFD   1 Rx        23B                                   1 0 8  8 CB 02 03 81 7F 00 00 00        0    0     3000        0        0        0        0        0
   0.298188 CANFD   1 Rx        467                                   1 0 C 24 00 05 00 00 00 02 00 00 A8 05 00 00 0F 40 0D F0 00 00 00 00 00 00 00 00        0    0     3000        0        0        0        0        0
   0.298303 CANFD   1 Rx        403                                   1 0 8  8 00 05 00 00 01 00 00 00        0    0     3000        0        0        0        0        0
   0.298414 CANFD   1 Rx        477                                   1 0 8  8 2C 05 0F 10 00 00 00 00        0    0     3000        0        0        0        0        0
   0.298796 CANFD   1 Rx        48C                                   1 0 F 64 00 05 00 00 00 00 00 00 00 05 00 00 00 00 00 00 00 05 00 00 00 00 00 00 00 00 16 00 00 00 00 00 00 00 00 00 00 00 00 00 00 00 00 00 00 00 00 00 00 00 00 00 00 00 00 00 00 00 00 00 00 00 00 00        0    0     3000        0        0        0        0        0
   0.299095 CANFD   1 Rx        49E                                   1 0 E 48 4B 05 00 00 00 00 00 00 00 05 00 11 0E 00 00 00 00 05 01 00 00 00 00 98 DB 05 00 00 00 00 00 09 00 05 BB 80 00 00 16 00 00 05 00 00 00 00 00 00        0    0     3000        0        0        0        0        0
   0.299937 CANFD   1 Rx        284                                   1 0 8  8 00 00 64 00 00 00 00 00        0    0     3000        0        0        0        0        0
   0.300388 CANFD   1 Rx        102                                   1 0 E 48 E1 10 0F AB 4F F6 39 20 00 00 92 40 00 02 00 00 05 00 A0 00 A0 00 00 00 C8 00 A0 00 4E 20 01 00 5C 00 00 00 5E 00 00 AD 10 00 64 00 93 4C A0 00        0    0     3000        0        0        0        0        0
   0.300500 CANFD   1 Rx        119                                   1 0 8  8 01 00 2C C9 BF 00 00 00        0    0     3000        0        0        0        0        0
   0.300790 CANFD   1 Rx        20B                                   1 0 E 48 4F 07 9B F0 00 05 00 84 89 07 FF E0 05 32 0B 31 1E 07 01 90 16 40 00 00 00 07 9B F0 32 64 32 32 71 07 98 E0 00 00 23 A0 00 07 00 12 CC F9 BA F7        0    0     3000        0        0        0        0        0
   0.300936 CANFD   1 Rx        32B                                   1 0 A 16 16 00 14 0D 11 13 0D 06 00 00 30 00 1E F9 C4 00        0    0     3000        0        0        0        0        0
   0.301299 CANFD   1 Rx        555                                   1 0 F 64 12 A4 00 01 00 00 00 00 E9 E9 EA EA 00 00 00 00 00 00 00 00 5A A5 5A A5 17 17 17 17 17 17 17 17 FB FA FA F9 FB F9 FB FB FA FA 17 00 00 00 00 00 00 00 00 00 00 00 00 00 00 00 13 87 00 FF FF FF        0    0     3000        0        0        0        0        0
   0.301413 CANFD   1 Rx        181                                   1 0 8  8 C6 09 A0 00 00 00 03 E8        0    0     3000        0        0        0        0        0
   0.301523 CANFD   1 Rx        191                                   1 0 8  8 14 09 8A 13 88 00 00 00        0    0     3000        0        0        0        0        0
   0.301673 CANFD   1 Rx        171                                   1 0 A 16 A5 09 00 00 00 00 00 00 00 00 00 00 00 00 00 00        0    0     3000        0        0        0        0        0
   0.301784 CANFD   1 Rx        2AB                                   1 0 8  8 D6 03 00 00 00 00 00 3C        0    0     3000        0        0        0        0        0
   0.302871 CANFD   1 Rx        492                                   1 0 F 64 00 06 00 00 00 00 5E 00 00 06 00 00 00 00 00 00 00 06 00 18 02 01 00 00 00 06 00 03 BF 00 01 00 00 06 00 00 00 00 B3 28 00 06 00 80 00 00 00 00 00 00 00 00 00 00 00 00 00 00 00 00 00 00 00 00        0    0     3000        0        0        0        0        0
   0.306518 CANFD   1 Rx         21                                   1 0 8  8 22 0A 07 D9 00 00 00 00        0    0     3000        0        0        0        0        0
   0.306857 CANFD   1 Rx        35B                                   1 0 8  8 00 00 06 00 00 00 00 00        0    0     3000        0        0        0        0        0
   0.306986 CANFD   1 Rx        2FF                                   1 0 8  8 00 00 00 00 00 00 00 00        0    0     3000        0        0        0        0        0
   0.310386 CANFD   1 Rx        102                                   1 0 E 48 BC 11 0F AB 4F F6 39 20 00 01 92 40 00 02 00 00 58 01 A0 00 A0 00 00 00 95 01 A0 00 4E 20 01 00 01 01 00 00 5E 00 00 AD 4D 01 64 00 93 4C A0 00        0    0     3000        0        0        0        0        0
   0.310498 CANFD   1 Rx        119                                   1 0 8  8 01 00 2C C9 BF 00 00 00        0    0     3000        0        0        0        0        0
   0.310795 CANFD   1 Rx        208                                   1 0 E 48 58 08 00 00 00 0D 9C 40 72 08 00 00 00 12 12 FC 8B 08 FC 15 15 14 02 00 56 08 00 00 00 00 00 02 3D 08 00 08 00 00 00 00 00 00 4E 20 4E 20 02 02        0    0     3000        0        0        0        0        0
   0.311012 CANFD   1 Rx        405                                   1 0 D 32 60 2B 00 D8 10 C0 6F 79 36 3B 00 B6 01 D8 90 90 95 80 B6 00 14 10 F2 00 13 F7 B7 C0 10 10 14 13        0    0     3000        0        0        0        0        0
   0.311375 CANFD   1 Rx        555                                   1 0 F 64 12 A4 00 01 00 00 00 00 E9 E9 EA EA 00 00 00 00 00 00 00 00 5A A5 5A A5 17 17 17 17 17 17 17 17 FB FA FA F9 FB F9 FB FB FA FA 17 00 00 00 00 00 00 00 00 00 00 00 00 00 00 00 13 87 00 FF FF FF        0    0     3000        0        0        0        0        0
   0.311489 CANFD   1 Rx        181                                   1 0 8  8 21 0A A0 00 00 00 03 E8        0    0     3000        0        0        0        0        0
   0.311598 CANFD   1 Rx        191                                   1 0 8  8 F3 0A 8A 13 88 00 00 00        0    0     3000        0        0        0        0        0
   0.311710 CANFD   1 Rx        233                                   1 0 8  8 00 00 02 C4 00 00 00 00        0    0     3000        0        0        0        0        0
   0.311823 CANFD   1 Rx        414                                   1 0 8  8 00 00 14 01 00 00 00 95        0    0     3000        0        0        0        0        0
   0.311935 CANFD   1 Rx        2B4                                   1 0 8  8 00 00 FE FE FE FE 00 00        0    0     3000        0        0        0        0        0
   0.312085 CANFD   1 Rx        27E                                   1 0 A 16 A3 03 00 00 00 00 00 00 9A 03 00 03 C0 00 00 00        0    0     3000        0        0        0        0        0
   0.312196 CANFD   1 Rx        476                                   1 0 8  8 00 00 00 00 00 02 D4 56        0    0     3000        0        0        0        0        0
   0.312310 CANFD   1 Rx        531                                   1 0 8  8 00 00 00 00 00 00 00 00        0    0     3000        0        0        0        0        0
   0.312421 CANFD   1 Rx        40A                                   1 0 8  8 ED 06 80 B2 48 00 01 00        0    0     3000        0        0        0        0        0
   0.312533 CANFD   1 Rx        4B4                                   1 0 8  8 6E 07 7D 00 00 00 00 18        0    0     3000        0        0        0        0        0
   0.312644 CANFD   1 Rx        4B9                                   1 0 8  8 4B 07 00 00 00 01 00 0B        0    0     3000        0        0        0        0        0
   0.312761 CANFD   1 Rx          0                                   1 0 8  8 00 00 00 00 00 00 00 00        0    0     3000        0        0        0        0        0
   0.312879 CANFD   1 Rx          0                                   1 0 8  8 00 00 00 00 00 00 00 00        0    0     3000        0        0        0        0        0
   0.312996 CANFD   1 Rx          0                                   1 0 8  8 00 00 00 00 00 00 00 00        0    0     3000        0        0        0        0        0
   0.313113 CANFD   1 Rx          0                                   1 0 8  8 00 00 00 00 00 00 00 00        0    0     3000        0        0        0        0        0
   0.313230 CANFD   1 Rx          0                                   1 0 8  8 00 00 00 00 00 00 00 00        0    0     3000        0        0        0        0        0
   0.313348 CANFD   1 Rx          0                                   1 0 8  8 00 00 00 00 00 00 00 00        0    0     3000        0        0        0        0        0
   0.313498 CANFD   1 Rx        171                                   1 0 A 16 42 0A 00 00 00 00 00 00 00 00 00 00 00 00 00 00        0    0     3000        0        0        0        0        0
   0.313649 CANFD   1 Rx        422                                   1 0 A 16 00 00 00 00 00 00 00 00 00 00 00 00 00 00 00 00        0    0     3000        0        0        0        0        0
   0.313801 CANFD   1 Rx        43E                                   1 0 A 16 EC 07 00 00 00 00 00 00 00 00 00 00 00 00 3E 80        0    0     3000        0        0        0        0        0
   0.313912 CANFD   1 Rx        494                                   1 0 8  8 00 00 2D 23 24 18 28 00        0    0     3000        0        0        0        0        0
   0.314106 CANFD   1 Rx        3DF                                   1 0 C 24 00 00 00 00 00 00 02 00 00 00 00 00 00 00 00 00 00 00 00 00 00 00 00 00        0    0     3000        0        0        0        0        0
   0.314221 CANFD   1 Rx        201                                   1 0 8  8 0E 02 00 00 00 00 00 00        0    0     3000        0        0        0        0        0
   0.314371 CANFD   1 Rx        4C3                                   1 0 A 16 00 00 3E 80 00 00 00 00 00 00 00 00 00 00 00 00        0    0     3000        0        0        0        0        0
   0.314600 CANFD   1 Rx        421                                   1 0 D 32 00 00 00 64 00 00 00 50 00 00 3E 83 E8 3E 83 E8 00 00 00 00 00 00 00 00 00 00 00 00 00 00 00 00        0    0     3000        0        0        0        0        0
   0.314980 CANFD   1 Rx        522                                   1 0 F 64 00 00 00 00 1D 80 00 00 00 00 00 00 00 00 00 00 00 00 07 FF 80 7D 00 20 00 00 00 80 00 00 3E 00 00 00 00 00 00 00 00 00 00 00 08 BD 00 00 00 00 00 00 00 00 00 00 00 00 00 00 00 00 00 00 00 00        0    0     3000        0        0        0        0        0
   0.315369 CANFD   1 Rx          0                                   1 0 F 64 00 00 00 00 00 00 00 00 00 00 00 00 00 00 00 00 00 00 00 00 00 00 00 00 00 00 00 00 00 00 00 00 00 00 00 00 00 00 00 00 00 00 00 00 00 00 00 00 00 00 00 00 00 00 00 00 00 00 00 00 00 00 00 00        0    0     3000        0        0        0        0        0
   0.315757 CANFD   1 Rx          0                                   1 0 F 64 00 00 00 00 00 00 00 00 00 00 00 00 00 00 00 00 00 00 00 00 00 00 00 00 00 00 00 00 00 00 00 00 00 00 00 00 00 00 00 00 00 00 00 00 00 00 00 00 00 00 00 00 00 00 00 00 00 00 00 00 00 00 00 00        0    0     3000        0        0        0        0        0
   0.316145 CANFD   1 Rx          0                                   1 0 F 64 00 00 00 00 00 00 00 00 00 00 00 00 00 00 00 00 00 00 00 00 00 00 00 00 00 00 00 00 00 00 00 00 00 00 00 00 00 00 00 00 00 00 00 00 00 00 00 00 00 00 00 00 00 00 00 00 00 00 00 00 00 00 00 00        0    0     3000        0        0        0        0        0
   0.316534 CANFD   1 Rx          0                                   1 0 F 64 00 00 00 00 00 00 00 00 00 00 00 00 00 00 00 00 00 00 00 00 00 00 00 00 00 00 00 00 00 00 00 00 00 00 00 00 00 00 00 00 00 00 00 00 00 00 00 00 00 00 00 00 00 00 00 00 00 00 00 00 00 00 00 00        0    0     3000        0        0        0        0        0
   0.316651 CANFD   1 Rx          0                                   1 0 8  8 00 00 00 00 00 00 00 00        0    0     3000        0        0        0        0        0
   0.316768 CANFD   1 Rx          0                                   1 0 8  8 00 00 00 00 00 00 00 00        0    0     3000        0        0        0        0        0
   0.316885 CANFD   1 Rx          0                                   1 0 8  8 00 00 00 00 00 00 00 00        0    0     3000        0        0        0        0        0
   0.317003 CANFD   1 Rx          0                                   1 0 8  8 00 00 00 00 00 00 00 00        0    0     3000        0        0        0        0        0
   0.317116 CANFD   1 Rx         21                                   1 0 8  8 7F 0B 07 D9 00 00 00 00        0    0     3000        0        0        0        0        0
   0.317227 CANFD   1 Rx        23B                                   1 0 8  8 96 03 03 81 7F 00 00 00        0    0     3000        0        0        0        0        0
   0.317342 CANFD   1 Rx        413                                   1 0 8  8 FF FF FF FF FF FF 00 00        0    0     3000        0        0        0        0        0
   0.317840 CANFD   1 Rx        4B2                                   1 0 8  8 00 00 21 00 00 02 08 00        0    0     3000        0        0        0        0        0
   0.317958 CANFD   1 Rx        4BD                                   1 0 8  8 00 00 00 27 00 00 00 00        0    0     3000        0        0        0        0        0
   0.318077 CANFD   1 Rx        4D9                                   1 0 8  8 00 00 00 00 00 00 40 00        0    0     3000        0        0        0        0        0
   0.319938 CANFD   1 Rx        284                                   1 0 8  8 00 00 64 00 00 00 00 00        0    0     3000        0        0        0        0        0
   0.320386 CANFD   1 Rx        102                                   1 0 E 48 5B 12 0F AB 4F F6 39 20 00 02 92 40 00 02 00 00 BF 02 A0 00 A0 00 00 00 72 02 A0 00 4E 20 01 00 E6 02 00 00 5E 00 00 AD AA 02 64 00 93 4C A0 00        0    0     3000        0        0        0        0        0
   0.320497 CANFD   1 Rx        119                                   1 0 8  8 01 00 2C C9 BF 00 00 00        0    0     3000        0        0        0        0        0
   0.320785 CANFD   1 Rx        20B                                   1 0 E 48 13 08 9B F0 00 05 00 84 D5 08 FF E0 05 32 0B 31 42 08 01 90 16 40 00 00 00 08 9B F0 32 64 32 32 16 08 99 00 00 00 23 A0 00 08 00 12 CC F9 BA F7        0    0     3000        0        0        0        0        0
   0.321132 CANFD   1 Rx        33B                                   1 0 F 64 0D 08 0D 09 0D 08 0D 08 0D 08 0D 08 0D 08 0D 0A 0D 08 0D 08 0D 07 0D 07 0D 08 0D 07 0D 07 0D 09 0D 08 0D 07 0D 07 0D 08 0D 09 0D 08 0D 09 0D 08 0D 09 0D 0A 0D 08 0D 0C 0D 08 0D 0A 00 5B 1E FF        0    0     3000        0        0        0        0        0
   0.321246 CANFD   1 Rx        181                                   1 0 8  8 7C 0B A0 00 00 00 03 E8        0    0     3000        0        0        0        0        0
   0.321355 CANFD   1 Rx        191                                   1 0 8  8 AE 0B 8A 13 88 00 00 00        0    0     3000        0        0        0        0        0
   0.321506 CANFD   1 Rx        171                                   1 0 A 16 1F 0B 00 00 00 00 00 00 00 00 00 00 00 00 00 00        0    0     3000        0        0        0        0        0
   0.321798 CANFD   1 Rx        40E                                   1 0 E 48 38 06 00 B7 80 22 40 00 00 70 80 C3 50 92 40 04 00 00 13 34 00 01 1A C0 00 00 00 03 D8 47 2D 80 00 00 85 4D 03 E1 2A 00 00 00 78 FC E0 00 00 00        0    0     3000        0        0        0        0        0
   0.321910 CANFD   1 Rx        2AB                                   1 0 8  8 58 04 00 00 00 00 00 3C        0    0     3000        0        0        0        0        0
   0.322293 CANFD   1 Rx        4FB                                   1 0 F 64 00 00 40 00 00 00 00 00 00 00 00 00 00 00 00 00 00 00 00 00 0F A0 0F A0 00 00 00 00 0F A0 00 00 00 00 0F A0 00 00 00 00 00 00 00 64 00 00 00 00 00 00 00 00 00 00 00 00 00 00 00 00 00 00 00 00        0    0     3000        0        0        0        0        0
   0.322657 CANFD   1 Rx        555                                   1 0 F 64 12 A4 00 01 00 00 00 00 E9 E9 EA EA 00 00 00 00 00 00 00 00 5A A5 5A A5 17 17 17 17 17 17 17 17 FB FA FA F9 FB F9 FB FB FA FA 17 00 00 00 00 00 00 00 00 00 00 00 00 00 00 00 13 87 00 FF FF FF        0    0     3000        0        0        0        0        0
   0.324186 CANFD   1 Rx        4CF                                   1 0 8  8 00 00 00 00 00 00 00 00        0    0     3000        0        0        0        0        0
   0.326513 CANFD   1 Rx         21                                   1 0 8  8 4F 0C 07 DA 00 00 00 00        0    0     3000        0        0        0        0        0
   0.326875 CANFD   1 Rx        2FF                                   1 0 8  8 00 00 00 00 00 00 00 00        0    0     3000        0        0        0        0        0
   0.330386 CANFD   1 Rx        102                                   1 0 E 48 D2 13 0F A9 4F F6 39 20 00 03 92 40 00 02 00 00 E2 03 A0 00 A0 00 00 00 2F 03 A0 00 4E 20 01 00 BB 03 00 00 5E 00 00 AD F7 03 64 00 93 4C A0 00        0    0     3000        0        0        0        0        0
   0.330497 CANFD   1 Rx        119                                   1 0 8  8 01 00 2C C9 BF 00 00 00        0    0     3000        0        0        0        0        0
   0.330793 CANFD   1 Rx        208                                   1 0 E 48 05 09 00 00 00 0D 9C 40 2F 09 00 00 00 12 12 FC D6 09 FC 15 15 14 02 00 0B 09 00 00 00 00 00 02 A2 09 00 04 00 00 00 00 00 00 4E 20 4E 20 02 02        0    0     3000        0        0        0        0        0
   0.331023 CANFD   1 Rx        40F                                   1 0 D 32 00 00 00 00 10 40 08 00 00 00 14 02 02 01 00 02 00 00 00 00 00 00 00 00 00 00 00 00 00 00 00 00        0    0     3000        0        0        0        0        0
   0.331386 CANFD   1 Rx        555                                   1 0 F 64 12 A4 00 01 00 00 00 00 E9 E9 EA EA 00 00 00 00 00 00 00 00 5A A5 5A A5 17 17 17 17 17 17 17 17 FB FA FA F9 FB F9 FB FB FA FA 17 00 00 00 00 00 00 00 00 00 00 00 00 00 00 00 13 87 00 FF FF FF        0    0     3000        0        0        0        0        0
   0.331500 CANFD   1 Rx        181                                   1 0 8  8 F2 0C A0 00 00 00 03 E8        0    0     3000        0        0        0        0        0
   0.331610 CANFD   1 Rx        191                                   1 0 8  8 20 0C 8A 13 88 00 00 00        0    0     3000        0        0        0        0        0
   0.331722 CANFD   1 Rx        233                                   1 0 8  8 00 00 02 C4 00 00 00 00        0    0     3000        0        0        0        0        0
   0.331872 CANFD   1 Rx        171                                   1 0 A 16 91 0C 00 00 00 00 00 00 00 00 00 00 00 00 00 00        0    0     3000        0        0        0        0        0
   0.331984 CANFD   1 Rx        2B4                                   1 0 8  8 00 00 FE FE FE FE 00 00        0    0     3000        0        0        0        0        0
   0.332135 CANFD   1 Rx        27E                                   1 0 A 16 2D 04 00 00 00 00 00 00 14 04 00 03 C0 00 00 00        0    0     3000        0        0        0        0        0
   0.333841 CANFD   1 Rx        201                                   1 0 8  8 53 03 00 00 00 00 00 00        0    0     3000        0        0        0        0        0
   0.336510 CANFD   1 Rx         21                                   1 0 8  8 12 0D 07 DA 00 00 00 00        0    0     3000        0        0        0        0        0
   0.336696 CANFD   1 Rx        23B                                   1 0 8  8 18 04 03 81 7F 00 00 00        0    0     3000        0        0        0        0        0
   0.339945 CANFD   1 Rx        284                                   1 0 8  8 00 00 64 00 00 00 00 00        0    0     3000        0        0        0        0        0
   0.340384 CANFD   1 Rx        102                                   1 0 E 48 5C 14 0F A9 4F F6 39 20 00 04 92 40 00 02 00 00 6C 04 A0 00 A0 00 00 00 A1 04 A0 00 4E 20 01 00 35 04 00 00 5E 00 00 AD 79 04 64 00 93 4C A0 00        0    0     3000        0        0        0        0        0
   0.340496 CANFD   1 Rx        119                                   1 0 8  8 01 00 2C C9 BF 00 00 00        0    0     3000        0        0        0        0        0
   0.340783 CANFD   1 Rx        20B                                   1 0 E 48 4E 09 9B F0 00 05 00 84 88 09 FF E0 05 32 0B 31 2F 09 01 90 16 60 00 00 00 09 9B F0 32 64 32 32 70 09 98 E0 00 00 23 A0 00 09 00 12 CC F9 BA F7        0    0     3000        0        0        0        0        0
   0.340932 CANFD   1 Rx        321                                   1 0 A 16 00 00 0B 32 71 10 00 00 00 00 00 00 00 00 00 00        0    0     3000        0        0        0        0        0
   0.341161 CANFD   1 Rx        416                                   1 0 D 32 D3 06 00 00 00 00 00 00 D3 06 00 00 00 00 00 00 D3 06 00 00 00 00 00 00 00 00 00 00 00 00 00 00        0    0     3000        0        0        0        0        0
   0.341273 CANFD   1 Rx        181                                   1 0 8  8 AF 0D A0 00 00 00 03 E8        0    0     3000        0        0        0        0        0
   0.341383 CANFD   1 Rx        191                                   1 0 8  8 7D 0D 8A 13 88 00 00 00        0    0     3000        0        0        0        0        0
   0.341533 CANFD   1 Rx        171                                   1 0 A 16 CC 0D 00 00 00 00 00 00 00 00 00 00 00 00 00 00        0    0     3000        0        0        0        0        0
   0.341897 CANFD   1 Rx        555                                   1 0 F 64 12 A2 00 01 00 00 00 00 EA E9 EA EA 00 00 00 00 00 00 00 00 5A A5 5A A5 17 17 17 17 17 17 17 17 FB FA FA F9 FB F9 FB FB FA FA 17 00 00 00 00 00 00 00 00 00 00 00 00 00 00 00 13 87 00 FF FF FF        0    0     3000        0        0        0        0        0
   0.342009 CANFD   1 Rx        2AB                                   1 0 8  8 05 05 00 00 00 00 00 3C        0    0     3000        0        0        0        0        0
   0.342313 CANFD   1 Rx        4E0                                   1 0 E 48 59 07 00 00 00 40 00 07 00 07 00 00 00 00 00 00 00 07 00 00 00 00 03 04 0F 07 00 00 00 00 00 00 00 00 00 00 00 00 10 01 00 00 00 00 00 00 00 00        0    0     3000        0        0        0        0        0
   0.342693 CANFD   1 Rx        4B7                                   1 0 F 64 00 07 6B 00 00 48 48 00 00 07 16 00 00 00 00 00 00 07 00 00 00 16 EA E0 00 07 08 00 00 00 00 00 00 07 34 00 00 00 00 00 00 07 00 00 00 00 00 00 00 07 01 01 02 00 00 00 00 00 00 00 00 00 00 00        0    0     3000        0        0        0        0        0
   0.346638 CANFD   1 Rx         21                                   1 0 8  8 F5 0E 07 DA 00 00 00 00        0    0     3000        0        0        0        0        0
   0.347023 CANFD   1 Rx        2FF                                   1 0 8  8 00 00 00 00 00 00 00 00        0    0     3000        0        0        0        0        0
   0.350384 CANFD   1 Rx        102                                   1 0 E 48 BF 15 0F AA 4F F6 39 20 00 05 92 40 00 02 00 00 31 05 A0 00 A0 00 00 00 FC 05 A0 00 4E 20 01 00 68 05 00 00 5E 00 00 AD 24 05 64 00 93 4C A0 00        0    0     3000        0        0        0        0        0
   0.350496 CANFD   1 Rx        119                                   1 0 8  8 01 00 2C C9 BF 00 00 00        0    0     3000        0        0        0        0        0
   0.350791 CANFD   1 Rx        208                                   1 0 E 48 E2 0A 00 00 00 0D 9C 40 C8 0A 00 00 00 12 12 FC 31 0A FC 15 15 14 02 00 EC 0A 00 00 00 00 00 02 87 0A 00 08 00 00 00 00 00 00 4E 20 4E 20 02 02        0    0     3000        0        0        0        0        0
   0.350936 CANFD   1 Rx        32B                                   1 0 A 16 41 01 1C 0D 11 13 0D 06 00 01 30 00 1E F9 C4 00        0    0     3000        0        0        0        0        0
   0.351089 CANFD   1 Rx        41F                                   1 0 A 16 00 08 00 00 01 00 00 00 3A 08 00 00 00 00 5E 00        0    0     3000        0        0        0        0        0
   0.351203 CANFD   1 Rx        181                                   1 0 8  8 48 0E A0 00 00 00 03 E8        0    0     3000        0        0        0        0        0
   0.351312 CANFD   1 Rx        191                                   1 0 8  8 9A 0E 8A 13 88 00 00 00        0    0     3000        0        0        0        0        0
   0.351425 CANFD   1 Rx        233                                   1 0 8  8 00 00 02 C4 00 00 00 00        0    0     3000        0        0        0        0        0
   0.351574 CANFD   1 Rx        171                                   1 0 A 16 2B 0E 00 00 00 00 00 00 00 00 00 00 00 00 00 00        0    0     3000        0        0        0        0        0
   0.351938 CANFD   1 Rx        555                                   1 0 F 64 12 A3 00 01 00 00 00 00 E9 E9 EA EA 00 00 00 00 00 00 00 00 5A A5 5A A5 17 17 17 17 17 17 17 17 FB FA FA F9 FB F9 FB FB FA FA 17 00 00 00 00 00 00 00 00 00 00 00 00 00 00 00 13 87 00 FF FF FF        0    0     3000        0        0        0        0        0
   0.352050 CANFD   1 Rx        2B4                                   1 0 8  8 00 00 FE FE FE FE 00 00        0    0     3000        0        0        0        0        0
   0.352200 CANFD   1 Rx        27E                                   1 0 A 16 70 05 00 00 00 00 00 00 49 05 00 03 C0 00 00 00        0    0     3000        0        0        0        0        0
   0.352663 CANFD   1 Rx        448                                   1 0 D 32 00 00 01 20 00 00 00 14 00 00 00 00 00 00 00 00 00 00 08 00 00 00 00 00 00 00 00 00 00 00 00 00        0    0     3000        0        0        0        0        0
   0.353295 CANFD   1 Rx        4A0                                   1 0 F 64 00 07 23 1F 00 00 00 00 00 07 28 06 0D 00 00 00 00 07 00 01 01 0A 00 00 00 07 00 00 64 00 00 00 00 07 1D 00 03 00 00 03 00 07 00 00 1B 00 3C 0A 00 07 04 00 00 00 00 00 00 07 F5 20 A5 20 A5 20        0    0     3000        0        0        0        0        0
   0.353845 CANFD   1 Rx        201                                   1 0 8  8 DD 04 00 00 00 00 00 00        0    0     3000        0        0        0        0        0
   0.356453 CANFD   1 Rx         21                                   1 0 8  8 F4 00 07 DA 00 00 00 00        0    0     3000        0        0        0        0        0
   0.356851 CANFD   1 Rx        23B                                   1 0 8  8 45 05 03 81 7F 00 00 00        0    0     3000        0        0        0        0        0
   0.356964 CANFD   1 Rx        35B                                   1 0 8  8 00 00 06 00 00 00 00 00        0    0     3000        0        0        0        0        0
   0.359937 CANFD   1 Rx        284                                   1 0 8  8 00 00 64 00 00 00 00 00        0    0     3000        0        0        0        0        0
   0.360385 CANFD   1 Rx        102                                   1 0 E 48 58 16 0F AA 4F F6 39 20 00 06 92 40 00 02 00 00 D6 06 A0 00 A0 00 00 00 1B 06 A0 00 4E 20 01 00 8F 06 00 00 5E 00 00 AD C3 06 64 00 93 4C A0 00        0    0     3000        0        0        0        0        0
   0.360496 CANFD   1 Rx        119                                   1 0 8  8 01 00 2C C9 BF 00 00 00        0    0     3000        0        0        0        0        0
   0.360784 CANFD   1 Rx        20B                                   1 0 E 48 A9 0A 9B F0 00 05 00 84 6F 0A FF E0 05 32 0B 31 C8 0A 01 90 16 60 00 00 00 0A 9B F0 32 64 32 32 AC 0A 99 00 00 00 23 A0 00 0A 00 12 CC F9 BA F7        0    0     3000        0        0        0        0        0
   0.360933 CANFD   1 Rx        4C8                                   1 0 A 16 00 00 1C 0D 11 13 0D 06 00 00 30 00 00 00 00 00        0    0     3000        0        0        0        0        0
   0.361297 CANFD   1 Rx        555                                   1 0 F 64 12 A4 00 01 00 00 00 00 E9 E9 EA EA 00 00 00 00 00 00 00 00 5A A5 5A A5 17 17 17 17 17 17 17 17 FB FA FA F9 FB F9 FB FB FA FA 17 00 00 00 00 00 00 00 00 00 00 00 00 00 00 00 13 87 00 FF FF FF        0    0     3000        0        0        0        0        0
   0.361410 CANFD   1 Rx        181                                   1 0 8  8 49 00 A0 00 00 00 03 E8        0    0     3000        0        0        0        0        0
   0.361520 CANFD   1 Rx        191                                   1 0 8  8 9B 00 8A 13 88 00 00 00        0    0     3000        0        0        0        0        0
   0.361637 CANFD   1 Rx          0                                   1 0 8  8 00 00 00 00 00 00 00 00        0    0     3000        0        0        0        0        0
   0.361754 CANFD   1 Rx          0                                   1 0 8  8 00 00 00 00 00 00 00 00        0    0     3000        0        0        0        0        0
   0.361871 CANFD   1 Rx          0                                   1 0 8  8 00 00 00 00 00 00 00 00        0    0     3000        0        0        0        0        0
   0.361989 CANFD   1 Rx          0                                   1 0 8  8 00 00 00 00 00 00 00 00        0    0     3000        0        0        0        0        0
   0.362106 CANFD   1 Rx          0                                   1 0 8  8 00 00 00 00 00 00 00 00        0    0     3000        0        0        0        0        0
   0.362223 CANFD   1 Rx          0                                   1 0 8  8 00 00 00 00 00 00 00 00        0    0     3000        0        0        0        0        0
   0.362374 CANFD   1 Rx        171                                   1 0 A 16 2A 00 00 00 00 00 00 00 00 00 00 00 00 00 00 00        0    0     3000        0        0        0        0        0
   0.362762 CANFD   1 Rx          0                                   1 0 F 64 00 00 00 00 00 00 00 00 00 00 00 00 00 00 00 00 00 00 00 00 00 00 00 00 00 00 00 00 00 00 00 00 00 00 00 00 00 00 00 00 00 00 00 00 00 00 00 00 00 00 00 00 00 00 00 00 00 00 00 00 00 00 00 00        0    0     3000        0        0        0        0        0
   0.363151 CANFD   1 Rx          0                                   1 0 F 64 00 00 00 00 00 00 00 00 00 00 00 00 00 00 00 00 00 00 00 00 00 00 00 00 00 00 00 00 00 00 00 00 00 00 00 00 00 00 00 00 00 00 00 00 00 00 00 00 00 00 00 00 00 00 00 00 00 00 00 00 00 00 00 00        0    0     3000        0        0        0        0        0
   0.363539 CANFD   1 Rx          0                                   1 0 F 64 00 00 00 00 00 00 00 00 00 00 00 00 00 00 00 00 00 00 00 00 00 00 00 00 00 00 00 00 00 00 00 00 00 00 00 00 00 00 00 00 00 00 00 00 00 00 00 00 00 00 00 00 00 00 00 00 00 00 00 00 00 00 00 00        0    0     3000        0        0        0        0        0
   0.363927 CANFD   1 Rx          0                                   1 0 F 64 00 00 00 00 00 00 00 00 00 00 00 00 00 00 00 00 00 00 00 00 00 00 00 00 00 00 00 00 00 00 00 00 00 00 00 00 00 00 00 00 00 00 00 00 00 00 00 00 00 00 00 00 00 00 00 00 00 00 00 00 00 00 00 00        0    0     3000        0        0        0        0        0
   0.364045 CANFD   1 Rx          0                                   1 0 8  8 00 00 00 00 00 00 00 00        0    0     3000        0        0        0        0        0
   0.364162 CANFD   1 Rx          0                                   1 0 8  8 00 00 00 00 00 00 00 00        0    0     3000        0        0        0        0        0
   0.364279 CANFD   1 Rx          0                                   1 0 8  8 00 00 00 00 00 00 00 00        0    0     3000        0        0        0        0        0
   0.364396 CANFD   1 Rx          0                                   1 0 8  8 00 00 00 00 00 00 00 00        0    0     3000        0        0        0        0        0
   0.364509 CANFD   1 Rx        462                                   1 0 8  8 00 00 00 04 00 00 0A 00        0    0     3000        0        0        0        0        0
   0.364620 CANFD   1 Rx        2AB                                   1 0 8  8 E2 06 00 00 00 00 00 3C        0    0     3000        0        0        0        0        0
   0.364814 CANFD   1 Rx        3DF                                   1 0 C 24 00 00 00 00 00 00 02 00 00 00 00 00 00 00 00 00 00 00 00 00 00 00 00 00        0    0     3000        0        0        0        0        0
   0.366464 CANFD   1 Rx         21                                   1 0 8  8 17 01 07 D9 00 00 00 00        0    0     3000        0        0        0        0        0
   0.366802 CANFD   1 Rx        49D                                   1 0 8  8 46 07 80 00 00 00 00 00        0    0     3000        0        0        0        0        0
   0.366967 CANFD   1 Rx        2FF                                   1 0 8  8 00 00 00 00 00 00 00 00        0    0     3000        0        0        0        0        0
   0.369965 CANFD   1 Rx        457                                   1 0 A 16 00 00 00 00 13 00 11 11 00 00 00 08 00 13 00 08        0    0     3000        0        0        0        0        0
   0.370398 CANFD   1 Rx        102                                   1 0 E 48 D1 17 0F A8 4F F6 39 20 00 07 92 40 00 02 00 00 8B 07 A0 00 A0 00 00 00 46 07 A0 00 4E 20 01 00 D2 07 00 00 5E 00 00 AD 9E 07 64 00 93 4C A0 00        0    0     3000        0        0        0        0        0
   0.370509 CANFD   1 Rx        119                                   1 0 8  8 01 00 2C C9 BF 00 00 00        0    0     3000        0        0        0        0        0
   0.370805 CANFD   1 Rx        208                                   1 0 E 48 BF 0B 00 00 00 0D 9C 40 95 0B 00 00 00 12 12 FC 6C 0B FC 15 15 14 02 00 B1 0B 00 00 00 00 00 02 AD 0B 00 00 00 00 00 00 00 00 4E 20 4E 20 02 02        0    0     3000        0        0        0        0        0
   0.371151 CANFD   1 Rx        33B                                   1 0 F 64 0D 09 0D 09 0D 09 0D 08 0D 07 0D 08 0D 08 0D 07 0D 07 0D 0D 0D 07 0D 08 0D 09 0D 08 0D 09 0D 08 0D 08 0D 07 0D 06 0D 10 0D 09 0D 07 0D 06 0D 07 0D 07 0D 09 0D 08 0D 11 0D 08 0D 08 00 01 1E FF        0    0     3000        0        0        0        0        0
   0.371265 CANFD   1 Rx        181                                   1 0 8  8 14 01 A0 00 00 00 03 E8        0    0     3000        0        0        0        0        0
   0.371374 CANFD   1 Rx        191                                   1 0 8  8 C6 01 8A 13 88 00 00 00        0    0     3000        0        0        0        0        0
   0.371487 CANFD   1 Rx        233                                   1 0 8  8 00 00 02 C4 00 00 00 00        0    0     3000        0        0        0        0        0
   0.371637 CANFD   1 Rx        171                                   1 0 A 16 77 01 00 00 00 00 00 00 00 00 00 00 00 00 00 00        0    0     3000        0        0        0        0        0
   0.371984 CANFD   1 Rx        4CE                                   1 0 F 64 0D 0A 0D 09 0D 08 0D 0D 0D 08 0D 09 0D 09 0D 0A 0D 08 0D 08 0D 0A 0D 08 0D 07 0D 08 0D 08 0D 0A 0D 07 0D 0A 0D 08 0D 08 0D 08 0D 08 0D 08 0D 07 0D 08 0D 09 0D 0B 0D 08 0D 07 0D 09 00 3D 1E FF        0    0     3000        0        0        0        0        0
   0.372095 CANFD   1 Rx        2B4                                   1 0 8  8 00 00 FE FE FE FE 00 00        0    0     3000        0        0        0        0        0
   0.372247 CANFD   1 Rx        27E                                   1 0 A 16 97 06 00 00 00 00 00 00 AE 06 00 03 C0 00 00 00        0    0     3000        0        0        0        0        0
   0.372610 CANFD   1 Rx        555                                   1 0 F 64 12 A3 00 01 00 00 00 00 E9 E9 EA EA 00 00 00 00 00 00 00 00 5A A5 5A A5 17 17 17 17 17 17 17 17 FB FA FA F9 FB F9 FB FB FA FA 17 00 00 00 00 00 00 00 00 00 00 00 00 00 00 00 13 87 00 FF FF FF        0    0     3000        0        0        0        0        0
   0.373845 CANFD   1 Rx        201                                   1 0 8  8 80 05 00 00 00 00 00 00        0    0     3000        0        0        0        0        0
   0.376473 CANFD   1 Rx         21                                   1 0 8  8 F0 02 07 D9 00 00 00 00        0    0     3000        0        0        0        0        0
   0.376585 CANFD   1 Rx        436                                   1 0 8  8 24 00 02 00 02 00 00 00        0    0     3000        0        0        0        0        0
   0.376702 CANFD   1 Rx        23B                                   1 0 8  8 A2 06 03 81 7F 00 00 00        0    0     3000        0        0        0        0        0
   0.377033 CANFD   1 Rx        40B                                   1 0 8  8 00 00 00 00 00 00 00 00        0    0     3000        0        0        0        0        0
   0.379908 CANFD   1 Rx        478                                   1 0 8  8 00 00 C0 00 00 00 00 00        0    0     3000        0        0        0        0        0
   0.380145 CANFD   1 Rx        284                                   1 0 8  8 00 00 64 00 00 00 00 00        0    0     3000        0        0        0        0        0
   0.380436 CANFD   1 Rx        102                                   1 0 E 48 38 18 0F AC 4F F6 39 20 00 08 92 40 00 02 00 00 D7 08 A0 00 A0 00 00 00 1A 08 A0 00 4E 20 01 00 8E 08 00 00 5E 00 00 AD C2 08 64 00 93 4C A0 00        0    0     3000        0        0        0        0        0
   0.380548 CANFD   1 Rx        119                                   1 0 8  8 01 00 2C C9 BF 00 00 00        0    0     3000        0        0        0        0        0
   0.380835 CANFD   1 Rx        20B                                   1 0 E 48 F4 0B 9B F0 00 05 00 84 32 0B FF E0 05 32 0B 31 95 0B 01 90 16 60 00 00 00 0B 9B F0 32 64 32 32 F1 0B 99 00 00 00 23 A0 00 0B 00 12 CC F9 BA F7        0    0     3000        0        0        0        0        0
   0.381212 CANFD   1 Rx        411                                   1 0 F 64 00 00 00 00 00 00 00 00 00 00 00 0C 40 00 03 EF 00 00 00 00 0F A4 00 00 00 00 27 10 01 EF 27 10 00 00 00 00 27 10 00 00 00 00 9C 40 00 00 00 00 00 00 00 00 00 00 00 00 00 00 C3 46 00 00 00 00        0    0     3000        0        0        0        0        0
   0.381325 CANFD   1 Rx        181                                   1 0 8  8 F3 02 A0 00 00 00 03 E8        0    0     3000        0        0        0        0        0
   0.381436 CANFD   1 Rx        191                                   1 0 8  8 21 02 8A 13 88 00 00 00        0    0     3000        0        0        0        0        0
   0.381586 CANFD   1 Rx        171                                   1 0 A 16 90 02 00 00 00 00 00 00 00 00 00 00 00 00 00 00        0    0     3000        0        0        0        0        0
   0.381815 CANFD   1 Rx        471                                   1 0 D 32 00 00 00 00 00 08 00 00 00 00 10 00 00 00 00 01 00 00 00 00 00 00 00 00 00 00 3F 00 FF E0 00 00        0    0     3000        0        0        0        0        0
   0.381927 CANFD   1 Rx        496                                   1 0 8  8 00 00 08 00 00 00 0D A8        0    0     3000        0        0        0        0        0
   0.382039 CANFD   1 Rx        2AB                                   1 0 8  8 BF 07 00 00 00 00 00 3C        0    0     3000        0        0        0        0        0
   0.382403 CANFD   1 Rx        555                                   1 0 F 64 12 A4 00 01 00 00 00 00 E9 E9 EA EA 00 00 00 00 00 00 00 00 5A A5 5A A5 17 17 17 17 17 17 17 17 FB FA FA F9 FB F9 FB FB FA FA 17 00 00 00 00 00 00 00 00 00 00 00 00 00 00 00 13 87 00 FF FF FF        0    0     3000        0        0        0        0        0
   0.382825 CANFD   1 Rx        4D7                                   1 0 8  8 00 00 FF 00 00 00 00 00        0    0     3000        0        0        0        0        0
   0.383180 CANFD   1 Rx        4DE                                   1 0 D 32 00 00 00 00 00 00 F8 F8 00 00 00 00 00 00 00 00 00 FE 01 00 00 00 00 00 00 00 00 00 00 00 00 00        0    0     3000        0        0        0        0        0
   0.383342 CANFD   1 Rx        48A                                   1 0 8  8 40 05 00 00 00 7A 12 02        0    0     3000        0        0        0        0        0
   0.383485 CANFD   1 Rx        4E2                                   1 0 8  8 00 00 00 00 00 00 00 00        0    0     3000        0        0        0        0        0
   0.383707 CANFD   1 Rx        4E4                                   1 0 8  8 00 00 00 10 0D 00 00 10        0    0     3000        0        0        0        0        0
   0.384807 CANFD   1 Rx        4F1                                   1 0 C 24 00 00 00 00 00 00 00 00 00 00 00 00 00 00 00 00 00 00 00 00 00 3E 00 00        0    0     3000        0        0        0        0        0
   0.386005 CANFD   1 Rx        550                                   1 0 F 64 00 00 01 00 00 00 00 00 00 00 00 00 00 00 00 00 00 00 00 00 00 00 00 00 00 00 00 00 00 00 00 00 00 00 00 00 00 00 00 00 00 00 00 00 00 00 00 00 00 00 00 00 00 00 00 00 00 00 00 00 00 00 00 00        0    0     3000        0        0        0        0        0
   0.386736 CANFD   1 Rx         21                                   1 0 8  8 AD 03 07 D9 00 00 00 00        0    0     3000        0        0        0        0        0
   0.387125 CANFD   1 Rx        2FF                                   1 0 8  8 00 00 00 00 00 00 00 00        0    0     3000        0        0        0        0        0
   0.390384 CANFD   1 Rx        102                                   1 0 E 48 65 19 0F AC 4F F6 39 20 00 09 92 40 00 02 00 00 8A 09 A0 00 A0 00 00 00 47 09 A0 00 4E 20 01 00 D3 09 00 00 5E 00 00 AD 9F 09 64 00 93 4C A0 00        0    0     3000        0        0        0        0        0
   0.390495 CANFD   1 Rx        119                                   1 0 8  8 01 00 2C C9 BF 00 00 00        0    0     3000        0        0        0        0        0
   0.390791 CANFD   1 Rx        208                                   1 0 E 48 31 0C 00 00 00 0D 9C 40 1B 0C 00 00 00 12 12 FC E2 0C FC 15 15 14 02 00 3F 0C 00 00 00 00 00 02 E1 0C 00 0C 00 00 00 00 00 00 4E 20 4E 20 02 02        0    0     3000        0        0        0        0        0
   0.390939 CANFD   1 Rx        321                                   1 0 A 16 00 00 0B 32 71 10 00 00 00 00 00 00 00 00 00 00        0    0     3000        0        0        0        0        0
   0.391303 CANFD   1 Rx        555                                   1 0 F 64 12 A4 00 01 00 00 00 00 E9 E9 EA EA 00 00 00 00 00 00 00 00 5A A5 5A A5 17 17 17 17 17 17 17 17 FB FA FA F9 FB F9 FB FB FA FA 17 00 00 00 00 00 00 00 00 00 00 00 00 00 00 00 13 87 00 FF FF FF        0    0     3000        0        0        0        0        0
   0.391416 CANFD   1 Rx        181                                   1 0 8  8 AE 03 A0 00 00 00 03 E8        0    0     3000        0        0        0        0        0
   0.391526 CANFD   1 Rx        191                                   1 0 8  8 7C 03 8A 13 88 00 00 00        0    0     3000        0        0        0        0        0
   0.391639 CANFD   1 Rx        233                                   1 0 8  8 00 00 02 C4 00 00 00 00        0    0     3000        0        0        0        0        0
   0.391789 CANFD   1 Rx        171                                   1 0 A 16 CD 03 00 00 00 00 00 00 00 00 00 00 00 00 00 00        0    0     3000        0        0        0        0        0
   0.391901 CANFD   1 Rx        2B4                                   1 0 8  8 00 00 FE FE FE FE 00 00        0    0     3000        0        0        0        0        0
   0.392057 CANFD   1 Rx        27E                                   1 0 A 16 CA 07 00 00 00 00 00 00 F3 07 00 03 C0 00 00 00        0    0     3000        0        0        0        0        0
   0.393843 CANFD   1 Rx        201                                   1 0 8  8 67 06 00 00 00 00 00 00        0    0     3000        0        0        0        0        0
   0.396490 CANFD   1 Rx         21                                   1 0 8  8 23 04 07 D9 00 00 00 00        0    0     3000        0        0        0        0        0
   0.396674 CANFD   1 Rx        23B                                   1 0 8  8 FF 07 03 81 7F 00 00 00        0    0     3000        0        0        0        0        0
   0.398043 CANFD   1 Rx        467                                   1 0 C 24 00 06 00 00 00 02 00 00 4F 06 00 00 0F 40 0D F0 00 00 00 00 00 00 00 00        0    0     3000        0        0        0        0        0
   0.398158 CANFD   1 Rx        403                                   1 0 8  8 00 06 00 00 01 00 00 00        0    0     3000        0        0        0        0        0
   0.398269 CANFD   1 Rx        477                                   1 0 8  8 CB 06 0F 10 00 00 00 00        0    0     3000        0        0        0        0        0
   0.398652 CANFD   1 Rx        48C                                   1 0 F 64 00 06 00 00 00 00 00 00 00 06 00 00 00 00 00 00 00 06 00 00 00 00 00 00 00 00 16 00 00 00 00 00 00 00 00 00 00 00 00 00 00 00 00 00 00 00 00 00 00 00 00 00 00 00 00 00 00 00 00 00 00 00 00 00        0    0     3000        0        0        0        0        0
   0.398952 CANFD   1 Rx        49E                                   1 0 E 48 AC 06 00 00 00 00 00 00 00 06 00 11 0E 00 00 00 00 06 01 00 00 00 00 98 3C 06 00 00 00 00 00 09 00 06 BB 80 00 00 16 00 00 06 00 00 00 00 00 00        0    0     3000        0        0        0        0        0
   0.399934 CANFD   1 Rx        284                                   1 0 8  8 00 00 64 00 00 00 00 00        0    0     3000        0        0        0        0        0
   0.400383 CANFD   1 Rx        102                                   1 0 E 48 82 1A 0F AC 4F F6 39 20 00 0A 92 40 00 02 00 00 6D 0A A0 00 A0 00 00 00 A0 0A A0 00 4E 20 01 00 34 0A 00 00 5E 00 00 AD 78 0A 64 00 93 4C A0 00        0    0     3000        0        0        0        0        0
   0.400495 CANFD   1 Rx        119                                   1 0 8  8 01 00 2C C9 BF 00 00 00        0    0     3000        0        0        0        0        0
   0.400783 CANFD   1 Rx        20B                                   1 0 E 48 7A 0C 9B F0 00 05 00 84 BC 0C FF E0 05 32 0B 31 2B 0C 01 90 16 40 00 00 00 0C 9B F0 32 64 32 32 7F 0C 99 00 00 00 23 A0 00 0C 00 12 CC F9 BA F7        0    0     3000        0        0        0        0        0
   0.400928 CANFD   1 Rx        32B                                   1 0 A 16 A6 02 1C 0D 11 13 0D 06 00 02 30 00 1E F9 C4 00        0    0     3000        0        0        0        0        0
   0.401291 CANFD   1 Rx        555                                   1 0 F 64 12 A3 00 01 00 00 00 00 E9 E9 EA EA 00 00 00 00 00 00 00 00 5A A5 5A A5 17 17 17 17 17 17 17 17 FB FA FA F9 FB F9 FB FB FA FA 17 00 00 00 00 00 00 00 00 00 00 00 00 00 00 00 13 87 00 FF FF FF        0    0     3000        0        0        0        0        0
   0.401406 CANFD   1 Rx        181                                   1 0 8  8 20 04 A0 00 00 00 03 E8        0    0     3000        0        0        0        0        0
   0.401515 CANFD   1 Rx        191                                   1 0 8  8 F2 04 8A 13 88 00 00 00        0    0     3000        0        0        0        0        0
   0.401666 CANFD   1 Rx        171                                   1 0 A 16 43 04 00 00 00 00 00 00 00 00 00 00 00 00 00 00        0    0     3000        0        0        0        0        0
   0.401777 CANFD   1 Rx        2AB                                   1 0 8  8 E3 08 00 00 00 00 00 3C        0    0     3000        0        0        0        0        0
   0.402864 CANFD   1 Rx        492                                   1 0 F 64 00 07 00 00 00 00 5E 00 00 07 00 00 00 00 00 00 00 07 00 18 02 01 00 00 00 07 00 03 BF 00 01 00 00 07 00 00 00 00 B3 28 00 07 00 80 00 00 00 00 00 00 00 00 00 00 00 00 00 00 00 00 00 00 00 00        0    0     3000        0        0        0        0        0
   0.406512 CANFD   1 Rx         21                                   1 0 8  8 7E 05 07 D9 00 00 00 00        0    0     3000        0        0        0        0        0
   0.406850 CANFD   1 Rx        35B                                   1 0 8  8 00 00 06 00 00 00 00 00        0    0     3000        0        0        0        0        0
   0.406986 CANFD   1 Rx        2FF                                   1 0 8  8 00 00 00 00 00 00 00 00        0    0     3000        0        0        0        0        0
   0.410381 CANFD   1 Rx        102                                   1 0 E 48 D4 1B 0F AB 4F F6 39 20 00 0B 92 40 00 02 00 00 30 0B A0 00 A0 00 00 00 FD 0B A0 00 4E 20 01 00 69 0B 00 00 5E 00 00 AD 25 0B 64 00 93 4C A0 00        0    0     3000        0        0        0        0        0
   0.410493 CANFD   1 Rx        119                                   1 0 8  8 01 00 2C C9 BF 00 00 00        0    0     3000        0        0        0        0        0
   0.410789 CANFD   1 Rx        208                                   1 0 E 48 6C 0D 00 00 00 0D 9C 40 46 0D 00 00 00 12 12 FC BF 0D FC 15 15 14 02 00 62 0D 00 00 00 00 00 02 09 0D 00 08 00 00 00 00 00 00 4E 20 4E 20 02 02        0    0     3000        0        0        0        0        0
   0.411006 CANFD   1 Rx        405                                   1 0 D 32 60 2B 00 D8 10 C0 6F 79 37 33 00 B6 01 F8 90 90 95 80 B6 00 14 10 F2 00 13 F7 B8 C0 10 10 14 13        0    0     3000        0        0        0        0        0
   0.411369 CANFD   1 Rx        555                                   1 0 F 64 12 A4 00 01 00 00 00 00 E9 E9 EA EA 00 00 00 00 00 00 00 00 5A A5 5A A5 17 17 17 17 17 17 17 17 FB FA FA F9 FB F9 FB FB FA FA 17 00 00 00 00 00 00 00 00 00 00 00 00 00 00 00 13 87 00 FF FF FF        0    0     3000        0        0        0        0        0
   0.411483 CANFD   1 Rx        181                                   1 0 8  8 7D 05 A0 00 00 00 03 E8        0    0     3000        0        0        0        0        0
   0.411593 CANFD   1 Rx        191                                   1 0 8  8 AF 05 8A 13 88 00 00 00        0    0     3000        0        0        0        0        0
   0.411705 CANFD   1 Rx        233                                   1 0 8  8 00 00 02 C4 00 00 00 00        0    0     3000        0        0        0        0        0
   0.411817 CANFD   1 Rx        2B4                                   1 0 8  8 00 00 FE FE FE FE 00 00        0    0     3000        0        0        0        0        0
   0.411930 CANFD   1 Rx        414                                   1 0 8  8 00 00 14 01 00 00 00 95        0    0     3000        0        0        0        0        0
   0.412080 CANFD   1 Rx        27E                                   1 0 A 16 96 08 00 00 00 00 00 00 AF 08 00 03 C0 00 00 00        0    0     3000        0        0        0        0        0
   0.412192 CANFD   1 Rx        476                                   1 0 8  8 00 00 00 00 00 02 D4 56        0    0     3000        0        0        0        0        0
   0.412305 CANFD   1 Rx        531                                   1 0 8  8 00 00 00 00 00 00 00 00        0    0     3000        0        0        0        0        0
   0.412417 CANFD   1 Rx        40A                                   1 0 8  8 B0 07 80 B2 48 00 01 00        0    0     3000        0        0        0        0        0
   0.412529 CANFD   1 Rx        4B4                                   1 0 8  8 32 08 7D 00 00 00 00 18        0    0     3000        0        0        0        0        0
   0.412640 CANFD   1 Rx        4B9                                   1 0 8  8 17 08 00 00 00 01 00 0B        0    0     3000        0        0        0        0        0
   0.412757 CANFD   1 Rx          0                                   1 0 8  8 00 00 00 00 00 00 00 00        0    0     3000        0        0        0        0        0
   0.412874 CANFD   1 Rx          0                                   1 0 8  8 00 00 00 00 00 00 00 00        0    0     3000        0        0        0        0        0
   0.412992 CANFD   1 Rx          0                                   1 0 8  8 00 00 00 00 00 00 00 00        0    0     3000        0        0        0        0        0
   0.413109 CANFD   1 Rx          0                                   1 0 8  8 00 00 00 00 00 00 00 00        0    0     3000        0        0        0        0        0
   0.413226 CANFD   1 Rx          0                                   1 0 8  8 00 00 00 00 00 00 00 00        0    0     3000        0        0        0        0        0
   0.413344 CANFD   1 Rx          0                                   1 0 8  8 00 00 00 00 00 00 00 00        0    0     3000        0        0        0        0        0
   0.413494 CANFD   1 Rx        171                                   1 0 A 16 1E 05 00 00 00 00 00 00 00 00 00 00 00 00 00 00        0    0     3000        0        0        0        0        0
   0.413645 CANFD   1 Rx        422                                   1 0 A 16 00 00 00 00 00 00 00 00 00 00 00 00 00 00 00 00        0    0     3000        0        0        0        0        0
   0.413798 CANFD   1 Rx        43E                                   1 0 A 16 B0 08 00 00 00 00 00 00 00 00 00 00 00 00 3E 80        0    0     3000        0        0        0        0        0
   0.413908 CANFD   1 Rx        494                                   1 0 8  8 00 00 2D 23 24 18 28 00        0    0     3000        0        0        0        0        0
   0.414103 CANFD   1 Rx        3DF                                   1 0 C 24 00 00 00 00 00 00 02 00 00 00 00 00 00 00 00 00 00 00 00 00 00 00 00 00        0    0     3000        0        0        0        0        0
   0.414217 CANFD   1 Rx        201                                   1 0 8  8 3A 07 00 00 00 00 00 00        0    0     3000        0        0        0        0        0
   0.414368 CANFD   1 Rx        4C3                                   1 0 A 16 00 00 3E 80 00 00 00 00 00 00 00 00 00 00 00 00        0    0     3000        0        0        0        0        0
   0.414597 CANFD   1 Rx        421                                   1 0 D 32 00 00 00 64 00 00 00 50 00 00 3E 83 E8 3E 83 E8 00 00 00 00 00 00 00 00 00 00 00 00 00 00 00 00        0    0     3000        0        0        0        0        0
   0.414977 CANFD   1 Rx        522                                   1 0 F 64 00 00 00 00 1D 80 00 00 00 00 00 00 00 00 00 00 00 00 07 FF 80 7D 00 20 00 00 00 80 00 00 3E 00 00 00 00 00 00 00 00 00 00 00 08 BD 00 00 00 00 00 00 00 00 00 00 00 00 00 00 00 00 00 00 00 00        0    0     3000        0        0        0        0        0
   0.415365 CANFD   1 Rx          0                                   1 0 F 64 00 00 00 00 00 00 00 00 00 00 00 00 00 00 00 00 00 00 00 00 00 00 00 00 00 00 00 00 00 00 00 00 00 00 00 00 00 00 00 00 00 00 00 00 00 00 00 00 00 00 00 00 00 00 00 00 00 00 00 00 00 00 00 00        0    0     3000        0        0        0        0        0
   0.415753 CANFD   1 Rx          0                                   1 0 F 64 00 00 00 00 00 00 00 00 00 00 00 00 00 00 00 00 00 00 00 00 00 00 00 00 00 00 00 00 00 00 00 00 00 00 00 00 00 00 00 00 00 00 00 00 00 00 00 00 00 00 00 00 00 00 00 00 00 00 00 00 00 00 00 00        0    0     3000        0        0        0        0        0
   0.416142 CANFD   1 Rx          0                                   1 0 F 64 00 00 00 00 00 00 00 00 00 00 00 00 00 00 00 00 00 00 00 00 00 00 00 00 00 00 00 00 00 00 00 00 00 00 00 00 00 00 00 00 00 00 00 00 00 00 00 00 00 00 00 00 00 00 00 00 00 00 00 00 00 00 00 00        0    0     3000        0        0        0        0        0
   0.416530 CANFD   1 Rx          0                                   1 0 F 64 00 00 00 00 00 00 00 00 00 00 00 00 00 00 00 00 00 00 00 00 00 00 00 00 00 00 00 00 00 00 00 00 00 00 00 00 00 00 00 00 00 00 00 00 00 00 00 00 00 00 00 00 00 00 00 00 00 00 00 00 00 00 00 00        0    0     3000        0        0        0        0        0
   0.416647 CANFD   1 Rx          0                                   1 0 8  8 00 00 00 00 00 00 00 00        0    0     3000        0        0        0        0        0
   0.416765 CANFD   1 Rx          0                                   1 0 8  8 00 00 00 00 00 00 00 00        0    0     3000        0        0        0        0        0
   0.416882 CANFD   1 Rx          0                                   1 0 8  8 00 00 00 00 00 00 00 00        0    0     3000        0        0        0        0        0
   0.416999 CANFD   1 Rx          0                                   1 0 8  8 00 00 00 00 00 00 00 00        0    0     3000        0        0        0        0        0
   0.417113 CANFD   1 Rx         21                                   1 0 8  8 F3 06 07 D8 00 00 00 00        0    0     3000        0        0        0        0        0
   0.417223 CANFD   1 Rx        23B                                   1 0 8  8 A3 08 03 81 7F 00 00 00        0    0     3000        0        0        0        0        0
   0.417338 CANFD   1 Rx        413                                   1 0 8  8 FF FF FF FF FF FF 00 00        0    0     3000        0        0        0        0        0
   0.417732 CANFD   1 Rx        4B2                                   1 0 8  8 00 00 21 00 00 02 08 00        0    0     3000        0        0        0        0        0
   0.417850 CANFD   1 Rx        4BD                                   1 0 8  8 00 00 00 27 00 00 00 00        0    0     3000        0        0        0        0        0
   0.418049 CANFD   1 Rx        4D9                                   1 0 8  8 00 00 00 00 00 00 40 00        0    0     3000        0        0        0        0        0
   0.419938 CANFD   1 Rx        284                                   1 0 8  8 00 00 64 00 00 00 00 00        0    0     3000        0        0        0        0        0
   0.420382 CANFD   1 Rx        102                                   1 0 E 48 5A 1C 0F AB 4F F6 39 20 00 0C 92 40 00 02 00 00 BE 0C A0 00 A0 00 00 00 73 0C A0 00 4E 20 01 00 E7 0C 00 00 5E 00 00 AD AB 0C 64 00 93 4C A0 00        0    0     3000        0        0        0        0        0
   0.420493 CANFD   1 Rx        119                                   1 0 8  8 01 00 2C C9 BF 00 00 00        0    0     3000        0        0        0        0        0
   0.420781 CANFD   1 Rx        20B                                   1 0 E 48 27 0D 9B F0 00 05 00 84 E1 0D FF E0 05 32 0B 31 76 0D 01 90 16 40 00 00 00 0D 9B F0 32 64 32 32 22 0D 99 00 00 00 23 A0 00 0D 00 12 CC F9 BA F7        0    0     3000        0        0        0        0        0
   0.421129 CANFD   1 Rx        33B                                   1 0 F 64 0D 08 0D 09 0D 0F 0D 0A 0D 07 0D 0A 0D 08 0D 0A 0D 10 0D 08 0D 08 0D 08 0D 07 0D 08 0D 07 0D 07 0D 11 0D 07 0D 07 0D 08 0D 08 0D 08 0D 08 0D 0A 0D 08 0D 09 0D 08 0D 08 0D 08 0D 09 00 1F 1E FF        0    0     3000        0        0        0        0        0
   0.421242 CANFD   1 Rx        181                                   1 0 8  8 9A 06 A0 00 00 00 03 E8        0    0     3000        0        0        0        0        0
   0.421352 CANFD   1 Rx        191                                   1 0 8  8 48 06 8A 13 88 00 00 00        0    0     3000        0        0        0        0        0
   0.421503 CANFD   1 Rx        171                                   1 0 A 16 F9 06 00 00 00 00 00 00 00 00 00 00 00 00 00 00        0    0     3000        0        0        0        0        0
   0.421795 CANFD   1 Rx        40E                                   1 0 E 48 65 07 00 B7 80 22 40 00 00 70 80 C3 50 92 40 04 00 00 13 34 00 01 1A C0 00 00 00 03 D8 47 2D 80 00 00 85 4D 03 E1 2A 00 00 00 78 FC E0 00 00 00        0    0     3000        0        0        0        0        0
   0.421907 CANFD   1 Rx        2AB                                   1 0 8  8 BE 09 00 00 00 00 00 3C        0    0     3000        0        0        0        0        0
   0.422290 CANFD   1 Rx        4FB                                   1 0 F 64 00 00 40 00 00 00 00 00 00 00 00 00 00 00 00 00 00 00 00 00 0F A0 0F A0 00 00 00 00 0F A0 00 00 00 00 0F A0 00 00 00 00 00 00 00 64 00 00 00 00 00 00 00 00 00 00 00 00 00 00 00 00 00 00 00 00        0    0     3000        0        0        0        0        0
   0.422654 CANFD   1 Rx        555                                   1 0 F 64 12 A4 00 01 00 00 00 00 E9 E9 EA EA 00 00 00 00 00 00 00 00 5A A5 5A A5 17 17 17 17 17 17 17 17 FB FA FA F9 FB F9 FB FB FA FA 17 00 00 00 00 00 00 00 00 00 00 00 00 00 00 00 13 87 00 FF FF FF        0    0     3000        0        0        0        0        0
   0.424187 CANFD   1 Rx        4CF                                   1 0 8  8 00 00 00 00 00 00 00 00        0    0     3000        0        0        0        0        0
   0.426511 CANFD   1 Rx         21                                   1 0 8  8 C4 07 07 D9 00 00 00 00        0    0     3000        0        0        0        0        0
   0.426872 CANFD   1 Rx        2FF                                   1 0 8  8 00 00 00 00 00 00 00 00        0    0     3000        0        0        0        0        0
   0.430383 CANFD   1 Rx        102                                   1 0 E 48 07 1D 0F AB 4F F6 39 20 00 0D 92 40 00 02 00 00 E3 0D A0 00 A0 00 00 00 2E 0D A0 00 4E 20 01 00 BA 0D 00 00 5E 00 00 AD F6 0D 64 00 93 4C A0 00        0    0     3000        0        0        0        0        0
   0.430494 CANFD   1 Rx        119                                   1 0 8  8 01 00 2C C9 BF 00 00 00        0    0     3000        0        0        0        0        0
   0.430789 CANFD   1 Rx        208                                   1 0 E 48 8B 0E 00 00 00 0D 9C 40 A1 0E 00 00 00 12 12 FC 58 0E FC 15 15 14 02 00 85 0E 00 00 00 00 00 02 5B 0E 00 0C 00 00 00 00 00 00 4E 20 4E 20 02 02        0    0     3000        0        0        0        0        0
   0.431019 CANFD   1 Rx        40F                                   1 0 D 32 00 00 00 00 10 40 08 00 00 00 14 02 02 01 00 02 00 00 00 00 00 00 00 00 00 00 00 00 00 00 00 00        0    0     3000        0        0        0        0        0
   0.431382 CANFD   1 Rx        555                                   1 0 F 64 12 A3 00 01 00 00 00 00 E9 E9 EA EA 00 00 00 00 00 00 00 00 5A A5 5A A5 17 17 17 17 17 17 17 17 FB FA FA F9 FB F9 FB FB FA FA 17 00 00 00 00 00 00 00 00 00 00 00 00 00 00 00 13 87 00 FF FF FF        0    0     3000        0        0        0        0        0
   0.431496 CANFD   1 Rx        181                                   1 0 8  8 C7 07 A0 00 00 00 03 E8        0    0     3000        0        0        0        0        0
   0.431607 CANFD   1 Rx        191                                   1 0 8  8 15 07 8A 13 88 00 00 00        0    0     3000        0        0        0        0        0
   0.431719 CANFD   1 Rx        233                                   1 0 8  8 00 00 02 C4 00 00 00 00        0    0     3000        0        0        0        0        0
   0.431869 CANFD   1 Rx        171                                   1 0 A 16 A4 07 00 00 00 00 00 00 00 00 00 00 00 00 00 00        0    0     3000        0        0        0        0        0
   0.431981 CANFD   1 Rx        2B4                                   1 0 8  8 00 00 FE FE FE FE 00 00        0    0     3000        0        0        0        0        0
   0.432131 CANFD   1 Rx        27E                                   1 0 A 16 CB 09 00 00 00 00 00 00 F2 09 00 03 C0 00 00 00        0    0     3000        0        0        0        0        0
   0.433843 CANFD   1 Rx        201                                   1 0 8  8 66 08 00 00 00 00 00 00        0    0     3000        0        0        0        0        0
   0.436472 CANFD   1 Rx         21                                   1 0 8  8 98 08 07 D9 00 00 00 00        0    0     3000        0        0        0        0        0
   0.436666 CANFD   1 Rx        23B                                   1 0 8  8 FE 09 03 81 7F 00 00 00        0    0     3000        0        0        0        0        0
   0.439942 CANFD   1 Rx        284                                   1 0 8  8 00 00 64 00 00 00 00 00        0    0     3000        0        0        0        0        0
   0.440382 CANFD   1 Rx        102                                   1 0 E 48 E0 1E 0F AB 4F F6 39 20 00 0E 92 40 00 02 00 00 04 0E A0 00 A0 00 00 00 C9 0E A0 00 4E 20 01 00 5D 0E 00 00 5E 00 00 AD 11 0E 64 00 93 4C A0 00        0    0     3000        0        0        0        0        0
   0.440493 CANFD   1 Rx        119                                   1 0 8  8 01 00 2C C9 BF 00 00 00        0    0     3000        0        0        0        0        0
   0.440782 CANFD   1 Rx        20B                                   1 0 E 48 C0 0E 9B F0 00 05 00 84 06 0E FF E0 05 32 0B 31 91 0E 01 90 16 40 00 00 00 0E 9B F0 32 64 32 32 C5 0E 99 00 00 00 23 A0 00 0E 00 12 CC F9 BA F7        0    0     3000        0        0        0        0        0
   0.440930 CANFD   1 Rx        321                                   1 0 A 16 00 00 0B 32 71 10 00 00 00 00 00 00 00 00 00 00        0    0     3000        0        0        0        0        0
   0.441159 CANFD   1 Rx        416                                   1 0 D 32 8E 07 00 00 00 00 00 00 8E 07 00 00 00 00 00 00 8E 07 00 00 00 00 00 00 00 00 00 00 00 00 00 00        0    0     3000        0        0        0        0        0
   0.441272 CANFD   1 Rx        181                                   1 0 8  8 9B 08 A0 00 00 00 03 E8        0    0     3000        0        0        0        0        0
   0.441381 CANFD   1 Rx        191                                   1 0 8  8 49 08 8A 13 88 00 00 00        0    0     3000        0        0        0        0        0
   0.441532 CANFD   1 Rx        171                                   1 0 A 16 F8 08 00 00 00 00 00 00 00 00 00 00 00 00 00 00        0    0     3000        0        0        0        0        0
   0.441896 CANFD   1 Rx        555                                   1 0 F 64 12 A2 00 01 00 00 00 00 E9 E9 EA EA 00 00 00 00 00 00 00 00 5A A5 5A A5 17 17 17 17 17 17 17 17 FB FA FA F9 FB F9 FB FB FA FA 17 00 00 00 00 00 00 00 00 00 00 00 00 00 00 00 13 87 00 FF FF FF        0    0     3000        0        0        0        0        0
   0.442006 CANFD   1 Rx        2AB                                   1 0 8  8 59 0A 00 00 00 00 00 3C        0    0     3000        0        0        0        0        0
   0.442325 CANFD   1 Rx        4E0                                   1 0 E 48 05 08 00 00 00 40 00 07 00 08 00 00 00 00 00 00 00 08 00 00 00 00 03 04 53 08 00 00 00 00 00 00 00 00 00 00 00 00 10 01 00 00 00 00 00 00 00 00        0    0     3000        0        0        0        0        0
   0.442787 CANFD   1 Rx        4B7                                   1 0 F 64 00 08 6B 00 00 48 48 00 00 08 16 00 00 00 00 00 00 08 00 00 00 16 EA E0 00 08 08 00 00 00 00 00 00 08 34 00 00 00 00 00 00 08 00 00 00 00 00 00 00 08 01 01 02 00 00 00 00 00 00 00 00 00 00 00        0    0     3000        0        0        0        0        0
   0.446563 CANFD   1 Rx         21                                   1 0 8  8 C5 09 07 D9 00 00 00 00        0    0     3000        0        0        0        0        0
   0.446955 CANFD   1 Rx        2FF                                   1 0 8  8 00 00 00 00 00 00 00 00        0    0     3000        0        0        0        0        0
   0.450384 CANFD   1 Rx        102                                   1 0 E 48 E1 10 0F AB 4F F6 39 20 00 00 92 40 00 02 00 00 05 00 A0 00 A0 00 00 00 C8 00 A0 00 4E 20 01 00 5C 00 00 00 5E 00 00 AD 10 00 64 00 93 4C A0 00        0    0     3000        0        0        0        0        0
   0.450495 CANFD   1 Rx        119                                   1 0 8  8 01 00 2C C9 BF 00 00 00        0    0     3000        0        0        0        0        0
   0.450794 CANFD   1 Rx        208                                   1 0 E 48 8A 00 00 00 00 0D 9C 40 A0 00 00 00 00 12 12 FC 59 00 FC 15 15 14 02 00 84 00 00 00 00 00 00 02 5A 00 00 0C 00 00 00 00 00 00 4E 20 4E 20 02 02        0    0     3000        0        0        0        0        0
   0.450938 CANFD   1 Rx        32B                                   1 0 A 16 F1 03 14 0D 11 13 0D 06 00 03 30 00 1E F9 C4 00        0    0     3000        0        0        0        0        0
   0.451090 CANFD   1 Rx        41F                                   1 0 A 16 00 09 00 00 01 00 00 00 67 09 00 00 00 00 5E 00        0    0     3000        0        0        0        0        0
   0.451203 CANFD   1 Rx        181                                   1 0 8  8 C6 09 A0 00 00 00 03 E8        0    0     3000        0        0        0        0        0
   0.451314 CANFD   1 Rx        191                                   1 0 8  8 14 09 8A 13 88 00 00 00        0    0     3000        0        0        0        0        0
   0.451426 CANFD   1 Rx        233                                   1 0 8  8 00 00 02 C4 00 00 00 00        0    0     3000        0        0        0        0        0
   0.451576 CANFD   1 Rx        171                                   1 0 A 16 A5 09 00 00 00 00 00 00 00 00 00 00 00 00 00 00        0    0     3000        0        0        0        0        0
   0.451939 CANFD   1 Rx        555                                   1 0 F 64 12 A4 00 01 00 00 00 00 E9 E9 EA EA 00 00 00 00 00 00 00 00 5A A5 5A A5 17 17 17 17 17 17 17 17 FB FA FA F9 FB F9 FB FB FA FA 17 00 00 00 00 00 00 00 00 00 00 00 00 00 00 00 13 87 00 FF FF FF        0    0     3000        0        0        0        0        0
   0.452051 CANFD   1 Rx        2B4                                   1 0 8  8 00 00 FE FE FE FE 00 00        0    0     3000        0        0        0        0        0
   0.452203 CANFD   1 Rx        27E                                   1 0 A 16 2C 0A 00 00 00 00 00 00 15 0A 00 03 C0 00 00 00        0    0     3000        0        0        0        0        0
   0.452662 CANFD   1 Rx        448                                   1 0 D 32 00 00 01 20 00 00 00 14 00 00 00 00 00 00 00 00 00 00 08 00 00 00 00 00 00 00 00 00 00 00 00 00        0    0     3000        0        0        0        0        0
   0.453293 CANFD   1 Rx        4A0                                   1 0 F 64 00 08 23 1F 00 00 00 00 00 08 28 06 0D 00 00 00 00 08 00 01 01 09 00 00 00 08 00 00 64 00 00 00 00 08 1D 00 03 00 00 03 00 08 00 00 1B 00 3C 0A 00 08 04 00 00 00 00 00 00 08 F5 20 A5 20 A5 20        0    0     3000        0        0        0        0        0
   0.453843 CANFD   1 Rx        201                                   1 0 8  8 3B 09 00 00 00 00 00 00        0    0     3000        0        0        0        0        0
   0.456448 CANFD   1 Rx         21                                   1 0 8  8 22 0A 07 D9 00 00 00 00        0    0     3000        0        0        0        0        0
   0.456821 CANFD   1 Rx        23B                                   1 0 8  8 19 0A 03 81 7F 00 00 00        0    0     3000        0        0        0        0        0
   0.456934 CANFD   1 Rx        35B                                   1 0 8  8 00 00 06 00 00 00 00 00        0    0     3000        0        0        0        0        0
   0.459933 CANFD   1 Rx        284                                   1 0 8  8 00 00 64 00 00 00 00 00        0    0     3000        0        0        0        0        0
   0.460384 CANFD   1 Rx        102                                   1 0 E 48 68 11 0F A9 4F F6 39 20 00 01 92 40 00 02 00 00 58 01 A0 00 A0 00 00 00 95 01 A0 00 4E 20 01 00 01 01 00 00 5E 00 00 AD 4D 01 64 00 93 4C A0 00        0    0     3000        0        0        0        0        0
   0.460495 CANFD   1 Rx        119                                   1 0 8  8 01 00 2C C9 BF 00 00 00        0    0     3000        0        0        0        0        0
   0.460787 CANFD   1 Rx        20B                                   1 0 E 48 C1 00 9B F0 00 05 00 84 07 00 FF E0 05 32 0B 31 90 00 01 90 16 40 00 00 00 00 9B F0 32 64 32 32 C4 00 99 00 00 00 23 A0 00 00 00 12 CC F9 BA F7        0    0     3000        0        0        0        0        0
   0.460936 CANFD   1 Rx        4C8                                   1 0 A 16 00 00 14 0D 11 13 0D 06 00 00 30 00 00 00 00 00        0    0     3000        0        0        0        0        0
   0.461300 CANFD   1 Rx        555                                   1 0 F 64 12 A5 00 01 00 00 00 00 E9 E9 EA EA 00 00 00 00 00 00 00 00 5A A5 5A A5 17 17 17 17 17 17 17 17 FB FA FA F9 FB F9 FB FB FA FA 17 00 00 00 00 00 00 00 00 00 00 00 00 00 00 00 13 87 00 FF FF FF        0    0     3000        0        0        0        0        0
   0.461413 CANFD   1 Rx        181                                   1 0 8  8 21 0A A0 00 00 00 03 E8        0    0     3000        0        0        0        0        0
   0.461522 CANFD   1 Rx        191                                   1 0 8  8 F3 0A 8A 13 88 00 00 00        0    0     3000        0        0        0        0        0
   0.461639 CANFD   1 Rx          0                                   1 0 8  8 00 00 00 00 00 00 00 00        0    0     3000        0        0        0        0        0
   0.461757 CANFD   1 Rx          0                                   1 0 8  8 00 00 00 00 00 00 00 00        0    0     3000        0        0        0        0        0
   0.461874 CANFD   1 Rx          0                                   1 0 8  8 00 00 00 00 00 00 00 00        0    0     3000        0        0        0        0        0
   0.461991 CANFD   1 Rx          0                                   1 0 8  8 00 00 00 00 00 00 00 00        0    0     3000        0        0        0        0        0
   0.462108 CANFD   1 Rx          0                                   1 0 8  8 00 00 00 00 00 00 00 00        0    0     3000        0        0        0        0        0
   0.462226 CANFD   1 Rx          0                                   1 0 8  8 00 00 00 00 00 00 00 00        0    0     3000        0        0        0        0        0
   0.462376 CANFD   1 Rx        171                                   1 0 A 16 42 0A 00 00 00 00 00 00 00 00 00 00 00 00 00 00        0    0     3000        0        0        0        0        0
   0.462764 CANFD   1 Rx          0                                   1 0 F 64 00 00 00 00 00 00 00 00 00 00 00 00 00 00 00 00 00 00 00 00 00 00 00 00 00 00 00 00 00 00 00 00 00 00 00 00 00 00 00 00 00 00 00 00 00 00 00 00 00 00 00 00 00 00 00 00 00 00 00 00 00 00 00 00        0    0     3000        0        0        0        0        0
   0.463153 CANFD   1 Rx          0                                   1 0 F 64 00 00 00 00 00 00 00 00 00 00 00 00 00 00 00 00 00 00 00 00 00 00 00 00 00 00 00 00 00 00 00 00 00 00 00 00 00 00 00 00 00 00 00 00 00 00 00 00 00 00 00 00 00 00 00 00 00 00 00 00 00 00 00 00        0    0     3000        0        0        0        0        0
   0.463541 CANFD   1 Rx          0                                   1 0 F 64 00 00 00 00 00 00 00 00 00 00 00 00 00 00 00 00 00 00 00 00 00 00 00 00 00 00 00 00 00 00 00 00 00 00 00 00 00 00 00 00 00 00 00 00 00 00 00 00 00 00 00 00 00 00 00 00 00 00 00 00 00 00 00 00        0    0     3000        0        0        0        0        0
   0.463929 CANFD   1 Rx          0                                   1 0 F 64 00 00 00 00 00 00 00 00 00 00 00 00 00 00 00 00 00 00 00 00 00 00 00 00 00 00 00 00 00 00 00 00 00 00 00 00 00 00 00 00 00 00 00 00 00 00 00 00 00 00 00 00 00 00 00 00 00 00 00 00 00 00 00 00        0    0     3000        0        0        0        0        0
   0.464046 CANFD   1 Rx          0                                   1 0 8  8 00 00 00 00 00 00 00 00        0    0     3000        0        0        0        0        0
   0.464164 CANFD   1 Rx          0                                   1 0 8  8 00 00 00 00 00 00 00 00        0    0     3000        0        0        0        0        0
   0.464281 CANFD   1 Rx          0                                   1 0 8  8 00 00 00 00 00 00 00 00        0    0     3000        0        0        0        0        0
   0.464398 CANFD   1 Rx          0                                   1 0 8  8 00 00 00 00 00 00 00 00        0    0     3000        0        0        0        0        0
   0.464511 CANFD   1 Rx        462                                   1 0 8  8 00 00 00 04 00 00 0A 00        0    0     3000        0        0        0        0        0
   0.464623 CANFD   1 Rx        2AB                                   1 0 8  8 04 0B 00 00 00 00 00 3C        0    0     3000        0        0        0        0        0
   0.464817 CANFD   1 Rx        3DF                                   1 0 C 24 00 00 00 00 00 00 02 00 00 00 00 00 00 00 00 00 00 00 00 00 00 00 00 00        0    0     3000        0        0        0        0        0
   0.466494 CANFD   1 Rx         21                                   1 0 8  8 7F 0B 07 D9 00 00 00 00        0    0     3000        0        0        0        0        0
   0.466801 CANFD   1 Rx        49D                                   1 0 8  8 1A 08 80 00 00 00 00 00        0    0     3000        0        0        0        0        0
   0.466922 CANFD   1 Rx        2FF                                   1 0 8  8 00 00 00 00 00 00 00 00        0    0     3000        0        0        0        0        0
   0.469948 CANFD   1 Rx        457                                   1 0 A 16 00 00 00 00 13 00 11 11 00 00 00 08 00 13 00 08        0    0     3000        0        0        0        0        0
   0.470383 CANFD   1 Rx        102                                   1 0 E 48 31 12 0F AA 4F F6 39 20 00 02 92 40 00 02 00 00 BF 02 A0 00 A0 00 00 00 72 02 A0 00 4E 20 01 00 E6 02 00 00 5E 00 00 AD AA 02 64 00 93 4C A0 00        0    0     3000        0        0        0        0        0
   0.470494 CANFD   1 Rx        119                                   1 0 8  8 01 00 2C C9 BF 00 00 00        0    0     3000        0        0        0        0        0
   0.470792 CANFD   1 Rx        208                                   1 0 E 48 D7 01 00 00 00 0D 9C 40 FD 01 00 00 00 12 12 FC 04 01 FC 15 15 14 02 00 D9 01 00 00 00 00 00 02 C5 01 00 00 00 00 00 00 00 00 4E 20 4E 20 02 02        0    0     3000        0        0        0        0        0
   0.471137 CANFD   1 Rx        33B                                   1 0 F 64 0D 09 0D 09 0D 09 0D 0C 0D 09 0D 09 0D 09 0D 0A 0D 08 0D 08 0D 0A 0D 08 0D 08 0D 08 0D 08 0D 09 0D 07 0D 0A 0D 08 0D 08 0D 09 0D 08 0D 08 0D 07 0D 08 0D 09 0D 0B 0D 08 0D 07 0D 09 00 3D 1E FF        0    0     3000        0        0        0        0        0
   0.471251 CANFD   1 Rx        181                                   1 0 8  8 7C 0B A0 00 00 00 03 E8        0    0     3000        0        0        0        0        0
   0.471360 CANFD   1 Rx        191                                   1 0 8  8 AE 0B 8A 13 88 00 00 00        0    0     3000        0        0        0        0        0
   0.471473 CANFD   1 Rx        233                                   1 0 8  8 00 00 02 C4 00 00 00 00        0    0     3000        0        0        0        0        0
   0.471623 CANFD   1 Rx        171                                   1 0 A 16 1F 0B 00 00 00 00 00 00 00 00 00 00 00 00 00 00        0    0     3000        0        0        0        0        0
   0.471970 CANFD   1 Rx        4CE                                   1 0 F 64 0D 08 0D 09 0D 08 0D 08 0D 08 0D 08 0D 08 0D 0A 0D 08 0D 08 0D 07 0D 08 0D 08 0D 07 0D 07 0D 09 0D 08 0D 06 0D 08 0D 09 0D 09 0D 08 0D 09 0D 08 0D 09 0D 0A 0D 08 0D 0C 0D 08 0D 0B 00 5B 1E FF        0    0     3000        0        0        0        0        0
   0.472081 CANFD   1 Rx        2B4                                   1 0 8  8 00 00 FE FE FE FE 00 00        0    0     3000        0        0        0        0        0
   0.472231 CANFD   1 Rx        27E                                   1 0 A 16 71 0B 00 00 00 00 00 00 48 0B 00 03 C0 00 00 00        0    0     3000        0        0        0        0        0
   0.472594 CANFD   1 Rx        555                                   1 0 F 64 12 A4 00 01 00 00 00 00 E9 E9 EA EA 00 00 00 00 00 00 00 00 5A A5 5A A5 17 17 17 17 17 17 17 17 FB FA FA F9 FB F9 FB FB FA FA 17 00 00 00 00 00 00 00 00 00 00 00 00 00 00 00 13 87 00 FF FF FF        0    0     3000        0        0        0        0        0
   0.473838 CANFD   1 Rx        201                                   1 0 8  8 DC 0A 00 00 00 00 00 00        0    0     3000        0        0        0        0        0
   0.476473 CANFD   1 Rx         21                                   1 0 8  8 F1 0C 07 D9 00 00 00 00        0    0     3000        0        0        0        0        0
   0.476656 CANFD   1 Rx        23B                                   1 0 8  8 44 0B 03 81 7F 00 00 00        0    0     3000        0        0        0        0        0
   0.476917 CANFD   1 Rx        40B                                   1 0 8  8 00 00 00 00 00 00 00 00        0    0     3000        0        0        0        0        0
   0.479904 CANFD   1 Rx        478                                   1 0 8  8 00 00 C0 00 00 00 00 00        0    0     3000        0        0        0        0        0
   0.480033 CANFD   1 Rx        284                                   1 0 8  8 00 00 64 00 00 00 00 00        0    0     3000        0        0        0        0        0
   0.480383 CANFD   1 Rx        102                                   1 0 E 48 6C 13 0F AA 4F F6 39 20 00 03 92 40 00 02 00 00 E2 03 A0 00 A0 00 00 00 2F 03 A0 00 4E 20 01 00 BB 03 00 00 5E 00 00 AD F7 03 64 00 93 4C A0 00        0    0     3000        0        0        0        0        0
   0.480494 CANFD   1 Rx        119                                   1 0 8  8 01 00 2C C9 BF 00 00 00        0    0     3000        0        0        0        0        0
   0.480784 CANFD   1 Rx        20B                                   1 0 E 48 9C 01 9B F0 00 05 00 84 5A 01 FF E0 05 32 0B 31 FD 01 01 90 16 60 00 00 00 01 9B F0 32 64 32 32 99 01 99 00 00 00 23 A0 00 01 00 12 CC F9 BA F7        0    0     3000        0        0        0        0        0
   0.481161 CANFD   1 Rx        411                                   1 0 F 64 00 00 00 00 00 00 00 00 00 00 00 0C 40 00 03 EF 00 00 00 00 0F A4 00 00 00 00 27 10 01 EF 27 10 00 00 00 00 27 10 00 00 00 00 9C 40 00 00 00 00 00 00 00 00 00 00 00 00 00 00 C3 46 00 00 00 00        0    0     3000        0        0        0        0        0
   0.481274 CANFD   1 Rx        181                                   1 0 8  8 F2 0C A0 00 00 00 03 E8        0    0     3000        0        0        0        0        0
   0.481384 CANFD   1 Rx        191                                   1 0 8  8 20 0C 8A 13 88 00 00 00        0    0     3000        0        0        0        0        0
   0.481534 CANFD   1 Rx        171                                   1 0 A 16 91 0C 00 00 00 00 00 00 00 00 00 00 00 00 00 00        0    0     3000        0        0        0        0        0
   0.481763 CANFD   1 Rx        471                                   1 0 D 32 00 00 00 00 00 08 00 00 00 00 10 00 00 00 00 01 00 00 00 00 00 00 00 00 00 00 3F 00 FF E0 00 00        0    0     3000        0        0        0        0        0
   0.481875 CANFD   1 Rx        496                                   1 0 8  8 00 00 08 00 00 00 0D A8        0    0     3000        0        0        0        0        0
   0.481986 CANFD   1 Rx        2AB                                   1 0 8  8 8A 0C 00 00 00 00 00 3C        0    0     3000        0        0        0        0        0
   0.482350 CANFD   1 Rx        555                                   1 0 F 64 12 A4 00 01 00 00 00 00 E9 E9 EA EA 00 00 00 00 00 00 00 00 5A A5 5A A5 17 17 17 17 17 17 17 17 FB FA FA F9 FB F9 FB FB FA FA 17 00 00 00 00 00 00 00 00 00 00 00 00 00 00 00 13 87 00 FF FF FF        0    0     3000        0        0        0        0        0
   0.482822 CANFD   1 Rx        4D7                                   1 0 8  8 00 00 FF 00 00 00 00 00        0    0     3000        0        0        0        0        0
   0.483177 CANFD   1 Rx        4DE                                   1 0 D 32 00 00 00 00 00 00 F8 F8 00 00 00 00 00 00 00 00 00 FE 01 00 00 00 00 00 00 00 00 00 00 00 00 00        0    0     3000        0        0        0        0        0
   0.483467 CANFD   1 Rx        4E2                                   1 0 8  8 00 00 00 00 00 00 00 00        0    0     3000        0        0        0        0        0
   0.483621 CANFD   1 Rx        4E4                                   1 0 8  8 00 00 00 10 0D 00 00 10        0    0     3000        0        0        0        0        0
   0.483731 CANFD   1 Rx        48A                                   1 0 8  8 A7 06 00 00 00 7A 12 02        0    0     3000        0        0        0        0        0
   0.484099 CANFD   1 Rx        436                                   1 0 8  8 24 00 02 00 02 00 00 00        0    0     3000        0        0        0        0        0
   0.484917 CANFD   1 Rx        4F1                                   1 0 C 24 00 00 00 00 00 00 00 00 00 00 00 00 00 00 00 00 00 00 00 00 00 3E 00 00        0    0     3000        0        0        0        0        0
   0.486117 CANFD   1 Rx        550                                   1 0 F 64 00 00 01 00 00 00 00 00 00 00 00 00 00 00 00 00 00 00 00 00 00 00 00 00 00 00 00 00 00 00 00 00 00 00 00 00 00 00 00 00 00 00 00 00 00 00 00 00 00 00 00 00 00 00 00 00 00 00 00 00 00 00 00 00        0    0     3000        0        0        0        0        0
   0.486775 CANFD   1 Rx         21                                   1 0 8  8 12 0D 07 DA 00 00 00 00        0    0     3000        0        0        0        0        0
   0.487182 CANFD   1 Rx        2FF                                   1 0 8  8 00 00 00 00 00 00 00 00        0    0     3000        0        0        0        0        0
   0.490382 CANFD   1 Rx        102                                   1 0 E 48 83 14 0F AC 4F F6 39 20 00 04 92 40 00 02 00 00 6C 04 A0 00 A0 00 00 00 A1 04 A0 00 4E 20 01 00 35 04 00 00 5E 00 00 AD 79 04 64 00 93 4C A0 00        0    0     3000        0        0        0        0        0
   0.490493 CANFD   1 Rx        119                                   1 0 8  8 01 00 2C C9 BF 00 00 00        0    0     3000        0        0        0        0        0
   0.490792 CANFD   1 Rx        208                                   1 0 E 48 30 02 00 00 00 0D 9C 40 1A 02 00 00 00 12 12 FC E3 02 FC 15 15 14 02 00 3E 02 00 00 00 00 00 02 E0 02 00 0C 00 00 00 00 00 00 4E 20 4E 20 02 02        0    0     3000        0        0        0        0        0
   0.490940 CANFD   1 Rx        321                                   1 0 A 16 00 00 0B 32 71 10 00 00 00 00 00 00 00 00 00 00        0    0     3000        0        0        0        0        0
   0.491304 CANFD   1 Rx        555                                   1 0 F 64 12 A4 00 01 00 00 00 00 E9 E9 EA EA 00 00 00 00 00 00 00 00 5A A5 5A A5 17 17 17 17 17 17 17 17 FB FA FA F9 FB F9 FB FB FA FA 17 00 00 00 00 00 00 00 00 00 00 00 00 00 00 00 13 87 00 FF FF FF        0    0     3000        0        0        0        0        0
   0.491417 CANFD   1 Rx        181                                   1 0 8  8 AF 0D A0 00 00 00 03 E8        0    0     3000        0        0        0        0        0
   0.491526 CANFD   1 Rx        191                                   1 0 8  8 7D 0D 8A 13 88 00 00 00        0    0     3000        0        0        0        0        0
   0.491639 CANFD   1 Rx        233                                   1 0 8  8 00 00 02 C4 00 00 00 00        0    0     3000        0        0        0        0        0
   0.491789 CANFD   1 Rx        171                                   1 0 A 16 CC 0D 00 00 00 00 00 00 00 00 00 00 00 00 00 00        0    0     3000        0        0        0        0        0
   0.491901 CANFD   1 Rx        2B4                                   1 0 8  8 00 00 FE FE FE FE 00 00        0    0     3000        0        0        0        0        0
   0.492058 CANFD   1 Rx        27E                                   1 0 A 16 FF 0C 00 00 00 00 00 00 C6 0C 00 03 C0 00 00 00        0    0     3000        0        0        0        0        0
   0.493838 CANFD   1 Rx        201                                   1 0 8  8 81 0B 00 00 00 00 00 00        0    0     3000        0        0        0        0        0
   0.496488 CANFD   1 Rx         21                                   1 0 8  8 F5 0E 07 DA 00 00 00 00        0    0     3000        0        0        0        0        0
   0.496671 CANFD   1 Rx        23B                                   1 0 8  8 CA 0C 03 81 7F 00 00 00        0    0     3000        0        0        0        0        0
   0.497998 CANFD   1 Rx        467                                   1 0 C 24 00 07 00 00 00 02 00 00 12 07 00 00 0F 40 0D F0 00 00 00 00 00 00 00 00        0    0     3000        0        0        0        0        0
   0.498112 CANFD   1 Rx        403                                   1 0 8  8 00 07 00 00 01 00 00 00        0    0     3000        0        0        0        0        0
   0.498223 CANFD   1 Rx        477                                   1 0 8  8 96 07 0F 10 00 00 00 00        0    0     3000        0        0        0        0        0
   0.498605 CANFD   1 Rx        48C                                   1 0 F 64 00 07 00 00 00 00 00 00 00 07 00 00 00 00 00 00 00 07 00 00 00 00 00 00 00 00 16 00 00 00 00 00 00 00 00 00 00 00 00 00 00 00 00 00 00 00 00 00 00 00 00 00 00 00 00 00 00 00 00 00 00 00 00 00        0    0     3000        0        0        0        0        0
   0.498904 CANFD   1 Rx        49E                                   1 0 E 48 F1 07 00 00 00 00 00 00 00 07 00 11 0E 00 00 00 00 07 01 00 00 00 00 98 61 07 00 00 00 00 00 09 00 07 BB 80 00 00 16 00 00 07 00 00 00 00 00 00        0    0     3000        0        0        0        0        0
   0.499930 CANFD   1 Rx        284                                   1 0 8  8 00 00 64 00 00 00 00 00        0    0     3000        0        0        0        0        0
   0.500397 CANFD   1 Rx        102                                   1 0 E 48 DE 15 0F AC 4F F6 39 20 00 05 92 40 00 02 00 00 31 05 A0 00 A0 00 00 00 FC 05 A0 00 4E 20 01 00 68 05 00 00 5E 00 00 AD 24 05 64 00 93 4C A0 00        0    0     3000        0        0        0        0        0
   0.500508 CANFD   1 Rx        119                                   1 0 8  8 01 00 2C C9 BF 00 00 00        0    0     3000        0        0        0        0        0
   0.500798 CANFD   1 Rx        20B                                   1 0 E 48 7B 02 9B F0 00 05 00 84 BD 02 FF E0 05 32 0B 31 2A 02 01 90 16 40 00 00 00 02 9B F0 32 64 32 32 7E 02 99 00 00 00 23 A0 00 02 00 12 CC F9 BA F7        0    0     3000        0        0        0        0        0
   0.500943 CANFD   1 Rx        32B                                   1 0 A 16 7F 04 14 0D 11 13 0D 06 00 04 30 00 1E F9 C4 00        0    0     3000        0        0        0        0        0
   0.501307 CANFD   1 Rx        555                                   1 0 F 64 12 A4 00 01 00 00 00 00 E9 E9 EA EA 00 00 00 00 00 00 00 00 5A A5 5A A5 17 17 17 17 17 17 17 17 FB FA FA F9 FB F9 FB FB FA FA 17 00 00 00 00 00 00 00 00 00 00 00 00 00 00 00 13 87 00 FF FF FF        0    0     3000        0        0        0        0        0
   0.501420 CANFD   1 Rx        181                                   1 0 8  8 48 0E A0 00 00 00 03 E8        0    0     3000        0        0        0        0        0
   0.501530 CANFD   1 Rx        191                                   1 0 8  8 9A 0E 8A 13 88 00 00 00        0    0     3000        0        0        0        0        0
   0.501680 CANFD   1 Rx        171                                   1 0 A 16 2B 0E 00 00 00 00 00 00 00 00 00 00 00 00 00 00        0    0     3000        0        0        0        0        0
   0.501791 CANFD   1 Rx        2AB                                   1 0 8  8 D7 0D 00 00 00 00 00 3C        0    0     3000        0        0        0        0        0
   0.502879 CANFD   1 Rx        492                                   1 0 F 64 00 08 00 00 00 00 5E 00 00 08 00 00 00 00 00 00 00 08 00 18 02 01 00 00 00 08 00 03 BF 00 01 00 00 08 00 00 00 00 B3 28 00 08 00 80 00 00 00 00 00 00 00 00 00 00 00 00 00 00 00 00 00 00 00 00        0    0     3000        0        0        0        0        0
   0.506510 CANFD   1 Rx         21                                   1 0 8  8 9E 00 07 DB 00 00 00 00        0    0     3000        0        0        0        0        0
   0.506833 CANFD   1 Rx        35B                                   1 0 8  8 00 00 06 00 00 00 00 00        0    0     3000        0        0        0        0        0
   0.507004 CANFD   1 Rx        2FF                                   1 0 8  8 00 00 00 00 00 00 00 00        0    0     3000        0        0        0        0        0
   0.510382 CANFD   1 Rx        102                                   1 0 E 48 E6 16 0F A9 4F F6 39 20 00 06 92 40 00 02 00 00 D6 06 A0 00 A0 00 00 00 1B 06 A0 00 4E 20 01 00 8F 06 00 00 5E 00 00 AD C3 06 64 00 93 4C A0 00        0    0     3000        0        0        0        0        0
   0.510493 CANFD   1 Rx        119                                   1 0 8  8 01 00 2C C9 BF 00 00 00        0    0     3000        0        0        0        0        0
   0.510790 CANFD   1 Rx        208                                   1 0 E 48 6D 03 00 00 00 0D 9C 40 47 03 00 00 00 12 12 FC BE 03 FC 15 15 14 02 00 63 03 00 00 00 00 00 02 08 03 00 08 00 00 00 00 00 00 4E 20 4E 20 02 02        0    0     3000        0        0        0        0        0
   0.511006 CANFD   1 Rx        405                                   1 0 D 32 60 2B 00 98 10 C0 6F 79 36 6B 00 B6 01 D8 90 90 95 80 AE 00 14 10 F2 00 13 F7 B8 C0 10 10 14 13        0    0     3000        0        0        0        0        0
   0.511370 CANFD   1 Rx        555                                   1 0 F 64 12 A3 00 01 00 00 00 00 E9 E9 EA EA 00 00 00 00 00 00 00 00 5A A5 5A A5 17 17 17 17 17 17 17 17 FB FA FA F9 FB F9 FB FB FA FA 17 00 00 00 00 00 00 00 00 00 00 00 00 00 00 00 13 87 00 FF FF FF        0    0     3000        0        0        0        0        0
   0.511483 CANFD   1 Rx        181                                   1 0 8  8 49 00 A0 00 00 00 03 E8        0    0     3000        0        0        0        0        0
   0.511593 CANFD   1 Rx        191                                   1 0 8  8 9B 00 8A 13 88 00 00 00        0    0     3000        0        0        0        0        0
   0.511705 CANFD   1 Rx        233                                   1 0 8  8 00 00 02 C4 00 00 00 00        0    0     3000        0        0        0        0        0
   0.511817 CANFD   1 Rx        2B4                                   1 0 8  8 00 00 FE FE FE FE 00 00        0    0     3000        0        0        0        0        0
   0.511930 CANFD   1 Rx        414                                   1 0 8  8 00 00 14 01 00 00 00 95        0    0     3000        0        0        0        0        0
   0.512080 CANFD   1 Rx        27E                                   1 0 A 16 A2 0D 00 00 00 00 00 00 9B 0D 00 03 C0 00 00 00        0    0     3000        0        0        0        0        0
   0.512191 CANFD   1 Rx        476                                   1 0 8  8 00 00 00 00 00 02 D4 56        0    0     3000        0        0        0        0        0
   0.512304 CANFD   1 Rx        531                                   1 0 8  8 00 00 00 00 00 00 00 00        0    0     3000        0        0        0        0        0
   0.512416 CANFD   1 Rx        40A                                   1 0 8  8 EC 08 80 B2 48 00 01 00        0    0     3000        0        0        0        0        0
   0.512527 CANFD   1 Rx        4B4                                   1 0 8  8 6F 09 7D 00 00 00 00 18        0    0     3000        0        0        0        0        0
   0.512638 CANFD   1 Rx        4B9                                   1 0 8  8 4A 09 00 00 00 01 00 0B        0    0     3000        0        0        0        0        0
   0.512755 CANFD   1 Rx          0                                   1 0 8  8 00 00 00 00 00 00 00 00        0    0     3000        0        0        0        0        0
   0.512873 CANFD   1 Rx          0                                   1 0 8  8 00 00 00 00 00 00 00 00        0    0     3000        0        0        0        0        0
   0.512990 CANFD   1 Rx          0                                   1 0 8  8 00 00 00 00 00 00 00 00        0    0     3000        0        0        0        0        0
   0.513107 CANFD   1 Rx          0                                   1 0 8  8 00 00 00 00 00 00 00 00        0    0     3000        0        0        0        0        0
   0.513224 CANFD   1 Rx          0                                   1 0 8  8 00 00 00 00 00 00 00 00        0    0     3000        0        0        0        0        0
   0.513342 CANFD   1 Rx          0                                   1 0 8  8 00 00 00 00 00 00 00 00        0    0     3000        0        0        0        0        0
   0.513493 CANFD   1 Rx        171                                   1 0 A 16 2A 00 00 00 00 00 00 00 00 00 00 00 00 00 00 00        0    0     3000        0        0        0        0        0
   0.513644 CANFD   1 Rx        422                                   1 0 A 16 00 00 00 00 00 00 00 00 00 00 00 00 00 00 00 00        0    0     3000        0        0        0        0        0
   0.513795 CANFD   1 Rx        43E                                   1 0 A 16 ED 09 00 00 00 00 00 00 00 00 00 00 00 00 3E 80        0    0     3000        0        0        0        0        0
   0.513906 CANFD   1 Rx        494                                   1 0 8  8 00 00 2D 23 24 18 28 00        0    0     3000        0        0        0        0        0
   0.514100 CANFD   1 Rx        3DF                                   1 0 C 24 00 00 00 00 00 00 02 00 00 00 00 00 00 00 00 00 00 00 00 00 00 00 00 00        0    0     3000        0        0        0        0        0
   0.514214 CANFD   1 Rx        201                                   1 0 8  8 0F 0C 00 00 00 00 00 00        0    0     3000        0        0        0        0        0
   0.514365 CANFD   1 Rx        4C3                                   1 0 A 16 00 00 3E 80 00 00 00 00 00 00 00 00 00 00 00 00        0    0     3000        0        0        0        0        0
   0.514594 CANFD   1 Rx        421                                   1 0 D 32 00 00 00 64 00 00 00 50 00 00 3E 83 E8 3E 83 E8 00 00 00 00 00 00 00 00 00 00 00 00 00 00 00 00        0    0     3000        0        0        0        0        0
   0.514974 CANFD   1 Rx        522                                   1 0 F 64 00 00 00 00 1D 80 00 00 00 00 00 00 00 00 00 00 00 00 07 FF 80 7D 00 20 00 00 00 80 00 00 3E 00 00 00 00 00 00 00 00 00 00 00 08 BD 00 00 00 00 00 00 00 00 00 00 00 00 00 00 00 00 00 00 00 00        0    0     3000        0        0        0        0        0
   0.515362 CANFD   1 Rx          0                                   1 0 F 64 00 00 00 00 00 00 00 00 00 00 00 00 00 00 00 00 00 00 00 00 00 00 00 00 00 00 00 00 00 00 00 00 00 00 00 00 00 00 00 00 00 00 00 00 00 00 00 00 00 00 00 00 00 00 00 00 00 00 00 00 00 00 00 00        0    0     3000        0        0        0        0        0
   0.515751 CANFD   1 Rx          0                                   1 0 F 64 00 00 00 00 00 00 00 00 00 00 00 00 00 00 00 00 00 00 00 00 00 00 00 00 00 00 00 00 00 00 00 00 00 00 00 00 00 00 00 00 00 00 00 00 00 00 00 00 00 00 00 00 00 00 00 00 00 00 00 00 00 00 00 00        0    0     3000        0        0        0        0        0
   0.516139 CANFD   1 Rx          0                                   1 0 F 64 00 00 00 00 00 00 00 00 00 00 00 00 00 00 00 00 00 00 00 00 00 00 00 00 00 00 00 00 00 00 00 00 00 00 00 00 00 00 00 00 00 00 00 00 00 00 00 00 00 00 00 00 00 00 00 00 00 00 00 00 00 00 00 00        0    0     3000        0        0        0        0        0
   0.516527 CANFD   1 Rx          0                                   1 0 F 64 00 00 00 00 00 00 00 00 00 00 00 00 00 00 00 00 00 00 00 00 00 00 00 00 00 00 00 00 00 00 00 00 00 00 00 00 00 00 00 00 00 00 00 00 00 00 00 00 00 00 00 00 00 00 00 00 00 00 00 00 00 00 00 00        0    0     3000        0        0        0        0        0
   0.516644 CANFD   1 Rx          0                                   1 0 8  8 00 00 00 00 00 00 00 00        0    0     3000        0        0        0        0        0
   0.516762 CANFD   1 Rx          0                                   1 0 8  8 00 00 00 00 00 00 00 00        0    0     3000        0        0        0        0        0
   0.516879 CANFD   1 Rx          0                                   1 0 8  8 00 00 00 00 00 00 00 00        0    0     3000        0        0        0        0        0
   0.516996 CANFD   1 Rx          0                                   1 0 8  8 00 00 00 00 00 00 00 00        0    0     3000        0        0        0        0        0
   0.517110 CANFD   1 Rx         21                                   1 0 8  8 C3 01 07 DB 00 00 00 00        0    0     3000        0        0        0        0        0
   0.517220 CANFD   1 Rx        23B                                   1 0 8  8 97 0D 03 81 7F 00 00 00        0    0     3000        0        0        0        0        0
   0.517335 CANFD   1 Rx        413                                   1 0 8  8 FF FF FF FF FF FF 00 00        0    0     3000        0        0        0        0        0
   0.517727 CANFD   1 Rx        4B2                                   1 0 8  8 00 00 21 00 00 02 08 00        0    0     3000        0        0        0        0        0
   0.517845 CANFD   1 Rx        4BD                                   1 0 8  8 00 00 00 27 00 00 00 00        0    0     3000        0        0        0        0        0
   0.517964 CANFD   1 Rx        4D9                                   1 0 8  8 00 00 00 00 00 00 40 00        0    0     3000        0        0        0        0        0
   0.519931 CANFD   1 Rx        284                                   1 0 8  8 00 00 64 00 00 00 00 00        0    0     3000        0        0        0        0        0
   0.520380 CANFD   1 Rx        102                                   1 0 E 48 BB 17 0F A9 4F F6 39 20 00 07 92 40 00 02 00 00 8B 07 A0 00 A0 00 00 00 46 07 A0 00 4E 20 01 00 D2 07 00 00 5E 00 00 AD 9E 07 64 00 93 4C A0 00        0    0     3000        0        0        0        0        0
   0.520491 CANFD   1 Rx        119                                   1 0 8  8 01 00 2C C9 BF 00 00 00        0    0     3000        0        0        0        0        0
   0.520781 CANFD   1 Rx        20B                                   1 0 E 48 26 03 9B F0 00 05 00 84 E0 03 FF E0 05 32 0B 31 47 03 01 90 16 60 00 00 00 03 9B F0 32 64 32 32 18 03 98 E0 00 00 23 A0 00 03 00 12 CC F9 BA F7        0    0     3000        0        0        0        0        0
   0.521128 CANFD   1 Rx        33B                                   1 0 F 64 0D 08 0D 09 0D 08 0D 08 0D 08 0D 08 0D 08 0D 0A 0D 08 0D 08 0D 07 0D 08 0D 08 0D 07 0D 07 0D 09 0D 07 0D 06 0D 07 0D 08 0D 09 0D 08 0D 09 0D 08 0D 09 0D 0A 0D 08 0D 0C 0D 08 0D 0A 00 5B 1E FF        0    0     3000        0        0        0        0        0
   0.521242 CANFD   1 Rx        181                                   1 0 8  8 14 01 A0 00 00 00 03 E8        0    0     3000        0        0        0        0        0
   0.521351 CANFD   1 Rx        191                                   1 0 8  8 C6 01 8A 13 88 00 00 00        0    0     3000        0        0        0        0        0
   0.521502 CANFD   1 Rx        171                                   1 0 A 16 77 01 00 00 00 00 00 00 00 00 00 00 00 00 00 00        0    0     3000        0        0        0        0        0
   0.521794 CANFD   1 Rx        40E                                   1 0 E 48 39 08 00 B7 80 22 40 00 00 70 80 C3 50 92 40 04 00 00 13 34 00 01 1A C0 00 00 00 03 D8 47 2D 80 00 00 85 4D 03 E1 2A 00 00 00 78 FC E0 00 00 00        0    0     3000        0        0        0        0        0
   0.521906 CANFD   1 Rx        2AB                                   1 0 8  8 30 0E 00 00 00 00 00 3C        0    0     3000        0        0        0        0        0
   0.522289 CANFD   1 Rx        4FB                                   1 0 F 64 00 00 40 00 00 00 00 00 00 00 00 00 00 00 00 00 00 00 00 00 0F A0 0F A0 00 00 00 00 0F A0 00 00 00 00 0F A0 00 00 00 00 00 00 00 64 00 00 00 00 00 00 00 00 00 00 00 00 00 00 00 00 00 00 00 00        0    0     3000        0        0        0        0        0
   0.522653 CANFD   1 Rx        555                                   1 0 F 64 12 A4 00 01 00 00 00 00 E9 E9 EA EA 00 00 00 00 00 00 00 00 5A A5 5A A5 17 17 17 17 17 17 17 17 FB FA FA F9 FB F9 FB FB FA FA 17 00 00 00 00 00 00 00 00 00 00 00 00 00 00 00 13 87 00 FF FF FF        0    0     3000        0        0        0        0        0
   0.524186 CANFD   1 Rx        4CF                                   1 0 8  8 00 00 00 00 00 00 00 00        0    0     3000        0        0        0        0        0
   0.526502 CANFD   1 Rx         21                                   1 0 8  8 24 02 07 DB 00 00 00 00        0    0     3000        0        0        0        0        0
   0.526868 CANFD   1 Rx        2FF                                   1 0 8  8 00 00 00 00 00 00 00 00        0    0     3000        0        0        0        0        0
   0.530383 CANFD   1 Rx        102                                   1 0 E 48 E7 18 0F A9 4F F6 39 20 00 08 92 40 00 02 00 00 D7 08 A0 00 A0 00 00 00 1A 08 A0 00 4E 20 01 00 8E 08 00 00 5E 00 00 AD C2 08 64 00 93 4C A0 00        0    0     3000        0        0        0        0        0
   0.530494 CANFD   1 Rx        119                                   1 0 8  8 01 00 2C C9 BF 00 00 00        0    0     3000        0        0        0        0        0
   0.530791 CANFD   1 Rx        208                                   1 0 E 48 E3 04 00 00 00 0D 9C 40 C9 04 00 00 00 12 12 FC 30 04 FC 15 15 14 02 00 ED 04 00 00 00 00 00 02 86 04 00 08 00 00 00 00 00 00 4E 20 4E 20 02 02        0    0     3000        0        0        0        0        0
   0.531021 CANFD   1 Rx        40F                                   1 0 D 32 00 00 00 00 10 40 08 00 00 00 14 02 02 01 00 02 00 00 00 00 00 00 00 00 00 00 00 00 00 00 00 00        0    0     3000        0        0        0        0        0
   0.531384 CANFD   1 Rx        555                                   1 0 F 64 12 A3 00 01 00 00 00 00 E9 E9 EA EA 00 00 00 00 00 00 00 00 5A A5 5A A5 17 17 17 17 17 17 17 17 FB FA FA F9 FB F9 FB FB FA FA 17 00 00 00 00 00 00 00 00 00 00 00 00 00 00 00 13 87 00 FF FF FF        0    0     3000        0        0        0        0        0
   0.531498 CANFD   1 Rx        181                                   1 0 8  8 F3 02 A0 00 00 00 03 E8        0    0     3000        0        0        0        0        0
   0.531608 CANFD   1 Rx        191                                   1 0 8  8 21 02 8A 13 88 00 00 00        0    0     3000        0        0        0        0        0
   0.531720 CANFD   1 Rx        233                                   1 0 8  8 00 00 02 C4 00 00 00 00        0    0     3000        0        0        0        0        0
   0.531871 CANFD   1 Rx        171                                   1 0 A 16 90 02 00 00 00 00 00 00 00 00 00 00 00 00 00 00        0    0     3000        0        0        0        0        0
   0.531983 CANFD   1 Rx        2B4                                   1 0 8  8 00 00 FE FE FE FE 00 00        0    0     3000        0        0        0        0        0
   0.532135 CANFD   1 Rx        27E                                   1 0 A 16 45 0E 00 00 00 00 00 00 7C 0E 00 03 C0 00 00 00        0    0     3000        0        0        0        0        0
   0.533843 CANFD   1 Rx        201                                   1 0 8  8 52 0D 00 00 00 00 00 00        0    0     3000        0        0        0        0        0
   0.536480 CANFD   1 Rx         21                                   1 0 8  8 13 03 07 DA 00 00 00 00        0    0     3000        0        0        0        0        0
   0.536671 CANFD   1 Rx        23B                                   1 0 8  8 70 0E 03 81 7F 00 00 00        0    0     3000        0        0        0        0        0
   0.539942 CANFD   1 Rx        284                                   1 0 8  8 00 00 64 00 00 00 00 00        0    0     3000        0        0        0        0        0
   0.540381 CANFD   1 Rx        102                                   1 0 E 48 04 19 0F AA 4F F6 39 20 00 09 92 40 00 02 00 00 8A 09 A0 00 A0 00 00 00 47 09 A0 00 4E 20 01 00 D3 09 00 00 5E 00 00 AD 9F 09 64 00 93 4C A0 00        0    0     3000        0        0        0        0        0
   0.540492 CANFD   1 Rx        119                                   1 0 8  8 01 00 2C C9 BF 00 00 00        0    0     3000        0        0        0        0        0
   0.540781 CANFD   1 Rx        20B                                   1 0 E 48 A8 04 9B F0 00 05 00 84 6E 04 FF E0 05 32 0B 31 C9 04 01 90 16 60 00 00 00 04 9B F0 32 64 32 32 AD 04 99 00 00 00 23 A0 00 04 00 12 CC F9 BA F7        0    0     3000        0        0        0        0        0
   0.540930 CANFD   1 Rx        321                                   1 0 A 16 00 00 0B 32 71 10 00 00 00 00 00 00 00 00 00 00        0    0     3000        0        0        0        0        0
   0.541294 CANFD   1 Rx        555                                   1 0 F 64 12 A3 00 01 00 00 00 00 E9 E9 EA EA 00 00 00 00 00 00 00 00 5A A5 5A A5 17 17 17 17 17 17 17 17 FB FA FA F9 FB F9 FB FB FA FA 17 00 00 00 00 00 00 00 00 00 00 00 00 00 00 00 13 87 00 FF FF FF        0    0     3000        0        0        0        0        0
   0.541407 CANFD   1 Rx        181                                   1 0 8  8 AE 03 A0 00 00 00 03 E8        0    0     3000        0        0        0        0        0
   0.541517 CANFD   1 Rx        191                                   1 0 8  8 7C 03 8A 13 88 00 00 00        0    0     3000        0        0        0        0        0
   0.541667 CANFD   1 Rx        171                                   1 0 A 16 CD 03 00 00 00 00 00 00 00 00 00 00 00 00 00 00        0    0     3000        0        0        0        0        0
   0.541780 CANFD   1 Rx        2AB                                   1 0 8  8 31 00 00 00 00 00 00 3C        0    0     3000        0        0        0        0        0
   0.542010 CANFD   1 Rx        416                                   1 0 D 32 D2 08 00 00 00 00 00 00 D2 08 00 00 00 00 00 00 D2 08 00 00 00 00 00 00 00 00 00 00 00 00 00 00        0    0     3000        0        0        0        0        0
   0.542320 CANFD   1 Rx        4E0                                   1 0 E 48 58 09 00 00 00 40 00 07 00 09 00 00 00 00 00 00 00 09 00 00 00 00 03 04 0E 09 00 00 00 00 00 00 00 00 00 00 00 00 10 01 00 00 00 00 00 00 00 00        0    0     3000        0        0        0        0        0
   0.542735 CANFD   1 Rx        4B7                                   1 0 F 64 00 09 6B 00 00 48 48 00 00 09 16 00 00 00 00 00 00 09 00 00 00 16 EA D0 00 09 08 00 00 00 00 00 00 09 34 00 00 00 00 00 00 09 00 00 00 00 00 00 00 09 01 01 02 00 00 00 00 00 00 00 00 00 00 00        0    0     3000        0        0        0        0        0
   0.546595 CANFD   1 Rx         21                                   1 0 8  8 23 04 07 D9 00 00 00 00        0    0     3000        0        0        0        0        0
   0.546963 CANFD   1 Rx        2FF                                   1 0 8  8 00 00 00 00 00 00 00 00        0    0     3000        0        0        0        0        0
   0.550381 CANFD   1 Rx        102                                   1 0 E 48 E3 1A 0F AA 4F F6 39 20 00 0A 92 40 00 02 00 00 6D 0A A0 00 A0 00 00 00 A0 0A A0 00 4E 20 01 00 34 0A 00 00 5E 00 00 AD 78 0A 64 00 93 4C A0 00        0    0     3000        0        0        0        0        0
   0.550492 CANFD   1 Rx        119                                   1 0 8  8 01 00 2C C9 BF 00 00 00        0    0     3000        0        0        0        0        0
   0.550789 CANFD   1 Rx        208                                   1 0 E 48 BE 05 00 00 00 0D 9C 40 94 05 00 00 00 12 12 FC 6D 05 FC 15 15 14 02 00 B0 05 00 00 00 00 00 02 19 05 00 04 00 00 00 00 00 00 4E 20 4E 20 02 02        0    0     3000        0        0        0        0        0
   0.550933 CANFD   1 Rx        32B                                   1 0 A 16 22 05 14 0D 11 13 0D 06 00 05 30 00 1E F9 C4 00        0    0     3000        0        0        0        0        0
   0.551086 CANFD   1 Rx        41F                                   1 0 A 16 00 0A 00 00 01 00 00 00 80 0A 00 00 00 00 5E 00        0    0     3000        0        0        0        0        0
   0.551200 CANFD   1 Rx        181                                   1 0 8  8 20 04 A0 00 00 00 03 E8        0    0     3000        0        0        0        0        0
   0.551310 CANFD   1 Rx        191                                   1 0 8  8 F2 04 8A 13 88 00 00 00        0    0     3000        0        0        0        0        0
   0.551422 CANFD   1 Rx        233                                   1 0 8  8 00 00 02 C4 00 00 00 00        0    0     3000        0        0        0        0        0
   0.551572 CANFD   1 Rx        171                                   1 0 A 16 43 04 00 00 00 00 00 00 00 00 00 00 00 00 00 00        0    0     3000        0        0        0        0        0
   0.551683 CANFD   1 Rx        513                                   1 0 8  8 00 05 0F AA 4F F6 00 00        0    0     3000        0        0        0        0        0
   0.552047 CANFD   1 Rx        555                                   1 0 F 64 12 A4 00 01 00 00 00 00 E9 E9 EA EA 00 00 00 00 00 00 00 00 5A A5 5A A5 17 17 17 17 17 17 17 17 FB FA FA F9 FB F9 FB FB FA FA 17 00 00 00 00 00 00 00 00 00 00 00 00 00 00 00 13 87 00 FF FF FF        0    0     3000        0        0        0        0        0
   0.552158 CANFD   1 Rx        2B4                                   1 0 8  8 00 00 FE FE FE FE 00 00        0    0     3000        0        0        0        0        0
   0.552310 CANFD   1 Rx        27E                                   1 0 A 16 44 00 00 00 00 00 00 00 7D 00 00 03 C0 00 00 00        0    0     3000        0        0        0        0        0
   0.552691 CANFD   1 Rx        448                                   1 0 D 32 00 00 01 20 00 00 00 14 00 00 00 00 00 00 00 00 00 00 08 00 00 00 00 00 00 00 00 00 00 00 00 00        0    0     3000        0        0        0        0        0
   0.553316 CANFD   1 Rx        4A0                                   1 0 F 64 00 09 23 1F 00 00 00 00 00 09 28 06 0D 00 00 00 00 09 00 01 01 0A 00 00 00 09 00 00 64 00 00 00 00 09 1D 00 03 00 00 03 00 09 00 00 1B 00 3C 0A 00 09 04 00 00 00 00 00 00 09 F5 20 A5 20 A5 20        0    0     3000        0        0        0        0        0
   0.553839 CANFD   1 Rx        201                                   1 0 8  8 B5 0E 00 00 00 00 00 00        0    0     3000        0        0        0        0        0
   0.556437 CANFD   1 Rx         21                                   1 0 8  8 7E 05 07 D9 00 00 00 00        0    0     3000        0        0        0        0        0
   0.556828 CANFD   1 Rx        23B                                   1 0 8  8 71 00 03 81 7F 00 00 00        0    0     3000        0        0        0        0        0
   0.556941 CANFD   1 Rx        35B                                   1 0 8  8 00 00 06 00 00 00 00 00        0    0     3000        0        0        0        0        0
   0.559932 CANFD   1 Rx        284                                   1 0 8  8 00 00 64 00 00 00 00 00        0    0     3000        0        0        0        0        0
   0.560380 CANFD   1 Rx        102                                   1 0 E 48 BE 1B 0F AA 4F F6 39 20 00 0B 92 40 00 02 00 00 30 0B A0 00 A0 00 00 00 FD 0B A0 00 4E 20 01 00 69 0B 00 00 5E 00 00 AD 25 0B 64 00 93 4C A0 00        0    0     3000        0        0        0        0        0
   0.560491 CANFD   1 Rx        119                                   1 0 8  8 01 00 2C C9 BF 00 00 00        0    0     3000        0        0        0        0        0
   0.560780 CANFD   1 Rx        20B                                   1 0 E 48 F5 05 9B F0 00 05 00 84 33 05 FF E0 05 32 0B 31 A4 05 01 90 16 40 00 00 00 05 9B F0 32 64 32 32 F0 05 99 00 00 00 23 A0 00 05 00 12 CC F9 BA F7        0    0     3000        0        0        0        0        0
   0.560929 CANFD   1 Rx        4C8                                   1 0 A 16 00 00 1C 0D 11 13 0D 06 00 00 30 00 00 00 00 00        0    0     3000        0        0        0        0        0
   0.561038 CANFD   1 Rx        50B                                   1 0 8  8 AE 05 4E 20 04 15 14 5E        0    0     3000        0        0        0        0        0
   0.561152 CANFD   1 Rx        181                                   1 0 8  8 7D 05 A0 00 00 00 03 E8        0    0     3000        0        0        0        0        0
   0.561262 CANFD   1 Rx        191                                   1 0 8  8 AF 05 8A 13 88 00 00 00        0    0     3000        0        0        0        0        0
   0.561379 CANFD   1 Rx          0                                   1 0 8  8 00 00 00 00 00 00 00 00        0    0     3000        0        0        0        0        0
   0.561496 CANFD   1 Rx          0                                   1 0 8  8 00 00 00 00 00 00 00 00        0    0     3000        0        0        0        0        0
   0.561614 CANFD   1 Rx          0                                   1 0 8  8 00 00 00 00 00 00 00 00        0    0     3000        0        0        0        0        0
   0.561731 CANFD   1 Rx          0                                   1 0 8  8 00 00 00 00 00 00 00 00        0    0     3000        0        0        0        0        0
   0.561848 CANFD   1 Rx          0                                   1 0 8  8 00 00 00 00 00 00 00 00        0    0     3000        0        0        0        0        0
   0.561965 CANFD   1 Rx          0                                   1 0 8  8 00 00 00 00 00 00 00 00        0    0     3000        0        0        0        0        0
   0.562116 CANFD   1 Rx        171                                   1 0 A 16 1E 05 00 00 00 00 00 00 00 00 00 00 00 00 00 00        0    0     3000        0        0        0        0        0
   0.562504 CANFD   1 Rx          0                                   1 0 F 64 00 00 00 00 00 00 00 00 00 00 00 00 00 00 00 00 00 00 00 00 00 00 00 00 00 00 00 00 00 00 00 00 00 00 00 00 00 00 00 00 00 00 00 00 00 00 00 00 00 00 00 00 00 00 00 00 00 00 00 00 00 00 00 00        0    0     3000        0        0        0        0        0
   0.562892 CANFD   1 Rx          0                                   1 0 F 64 00 00 00 00 00 00 00 00 00 00 00 00 00 00 00 00 00 00 00 00 00 00 00 00 00 00 00 00 00 00 00 00 00 00 00 00 00 00 00 00 00 00 00 00 00 00 00 00 00 00 00 00 00 00 00 00 00 00 00 00 00 00 00 00        0    0     3000        0        0        0        0        0
   0.563281 CANFD   1 Rx          0                                   1 0 F 64 00 00 00 00 00 00 00 00 00 00 00 00 00 00 00 00 00 00 00 00 00 00 00 00 00 00 00 00 00 00 00 00 00 00 00 00 00 00 00 00 00 00 00 00 00 00 00 00 00 00 00 00 00 00 00 00 00 00 00 00 00 00 00 00        0    0     3000        0        0        0        0        0
   0.563669 CANFD   1 Rx          0                                   1 0 F 64 00 00 00 00 00 00 00 00 00 00 00 00 00 00 00 00 00 00 00 00 00 00 00 00 00 00 00 00 00 00 00 00 00 00 00 00 00 00 00 00 00 00 00 00 00 00 00 00 00 00 00 00 00 00 00 00 00 00 00 00 00 00 00 00        0    0     3000        0        0        0        0        0
   0.563786 CANFD   1 Rx          0                                   1 0 8  8 00 00 00 00 00 00 00 00        0    0     3000        0        0        0        0        0
   0.563903 CANFD   1 Rx          0                                   1 0 8  8 00 00 00 00 00 00 00 00        0    0     3000        0        0        0        0        0
   0.564021 CANFD   1 Rx          0                                   1 0 8  8 00 00 00 00 00 00 00 00        0    0     3000        0        0        0        0        0
   0.564138 CANFD   1 Rx          0                                   1 0 8  8 00 00 00 00 00 00 00 00        0    0     3000        0        0        0        0        0
   0.564250 CANFD   1 Rx        462                                   1 0 8  8 00 00 00 04 00 00 0A 00        0    0     3000        0        0        0        0        0
   0.564362 CANFD   1 Rx        2AB                                   1 0 8  8 6C 01 00 00 00 00 00 3C        0    0     3000        0        0        0        0        0
   0.564556 CANFD   1 Rx        3DF                                   1 0 C 24 00 00 00 00 00 00 02 00 00 00 00 00 00 00 00 00 00 00 00 00 00 00 00 00        0    0     3000        0        0        0        0        0
   0.564920 CANFD   1 Rx        555                                   1 0 F 64 12 A3 00 01 00 00 00 00 E9 E9 EA EA 00 00 00 00 00 00 00 00 5A A5 5A A5 17 17 17 17 17 17 17 17 FB FA FA F9 FB F9 FB FB FA FA 17 00 00 00 00 00 00 00 00 00 00 00 00 00 00 00 13 87 00 FF FF FF        0    0     3000        0        0        0        0        0
   0.566495 CANFD   1 Rx         21                                   1 0 8  8 99 06 07 D9 00 00 00 00        0    0     3000        0        0        0        0        0
   0.566814 CANFD   1 Rx        49D                                   1 0 8  8 47 09 80 00 00 00 00 00        0    0     3000        0        0        0        0        0
   0.566936 CANFD   1 Rx        2FF                                   1 0 8  8 00 00 00 00 00 00 00 00        0    0     3000        0        0        0        0        0
   0.569931 CANFD   1 Rx        457                                   1 0 A 16 00 00 00 00 13 00 11 11 00 00 00 08 00 13 00 08        0    0     3000        0        0        0        0        0
   0.570382 CANFD   1 Rx        102                                   1 0 E 48 8E 1C 0F A9 4F F6 39 20 00 0C 92 40 00 02 00 00 BE 0C A0 00 A0 00 00 00 73 0C A0 00 4E 20 01 00 E7 0C 00 00 5E 00 00 AD AB 0C 64 00 93 4C A0 00        0    0     3000        0        0        0        0        0
   0.570494 CANFD   1 Rx        119                                   1 0 8  8 01 00 2C C9 BF 00 00 00        0    0     3000        0        0        0        0        0
   0.570790 CANFD   1 Rx        208                                   1 0 E 48 59 06 00 00 00 0D 9C 40 73 06 00 00 00 12 12 FC 8A 06 FC 15 15 14 02 00 57 06 00 00 00 00 00 02 3C 06 00 08 00 00 00 00 00 00 4E 20 4E 20 02 02        0    0     3000        0        0        0        0        0
   0.571138 CANFD   1 Rx        33B                                   1 0 F 64 0D 09 0D 09 0D 09 0D 08 0D 07 0D 08 0D 08 0D 07 0D 07 0D 0D 0D 07 0D 08 0D 0A 0D 08 0D 08 0D 08 0D 08 0D 07 0D 06 0D 10 0D 09 0D 07 0D 06 0D 07 0D 07 0D 09 0D 08 0D 11 0D 08 0D 08 00 01 1E FF        0    0     3000        0        0        0        0        0
   0.571251 CANFD   1 Rx        181                                   1 0 8  8 9A 06 A0 00 00 00 03 E8        0    0     3000        0        0        0        0        0
   0.571361 CANFD   1 Rx        191                                   1 0 8  8 48 06 8A 13 88 00 00 00        0    0     3000        0        0        0        0        0
   0.571473 CANFD   1 Rx        233                                   1 0 8  8 00 00 02 C4 00 00 00 00        0    0     3000        0        0        0        0        0
   0.571624 CANFD   1 Rx        171                                   1 0 A 16 F9 06 00 00 00 00 00 00 00 00 00 00 00 00 00 00        0    0     3000        0        0        0        0        0
   0.571971 CANFD   1 Rx        4CE                                   1 0 F 64 0D 09 0D 09 0D 09 0D 08 0D 07 0D 08 0D 08 0D 07 0D 07 0D 0D 0D 07 0D 08 0D 0A 0D 08 0D 08 0D 08 0D 08 0D 07 0D 06 0D 10 0D 09 0D 07 0D 06 0D 07 0D 07 0D 09 0D 08 0D 11 0D 08 0D 08 00 01 1E FF        0    0     3000        0        0        0        0        0
   0.572083 CANFD   1 Rx        2B4                                   1 0 8  8 00 00 FE FE FE FE 00 00        0    0     3000        0        0        0        0        0
   0.572234 CANFD   1 Rx        27E                                   1 0 A 16 19 01 00 00 00 00 00 00 20 01 00 03 C0 00 00 00        0    0     3000        0        0        0        0        0
   0.572346 CANFD   1 Rx        50F                                   1 0 8  8 2D 05 00 00 00 00 00 00        0    0     3000        0        0        0        0        0
   0.572709 CANFD   1 Rx        555                                   1 0 F 64 12 A3 00 01 00 00 00 00 E9 E9 EA EA 00 00 00 00 00 00 00 00 5A A5 5A A5 17 17 17 17 17 17 17 17 FB FA FA F9 FB F9 FB FB FA FA 17 00 00 00 00 00 00 00 00 00 00 00 00 00 00 00 13 87 00 FF FF FF        0    0     3000        0        0        0        0        0
   0.573842 CANFD   1 Rx        201                                   1 0 8  8 B4 00 00 00 00 00 00 00        0    0     3000        0        0        0        0        0
   0.576473 CANFD   1 Rx         21                                   1 0 8  8 C4 07 07 D9 00 00 00 00        0    0     3000        0        0        0        0        0
   0.576656 CANFD   1 Rx        23B                                   1 0 8  8 2C 01 03 81 7F 00 00 00        0    0     3000        0        0        0        0        0
   0.576918 CANFD   1 Rx        40B                                   1 0 8  8 00 00 00 00 00 00 00 00        0    0     3000        0        0        0        0        0
   0.579903 CANFD   1 Rx        478                                   1 0 8  8 00 00 C0 00 00 00 00 00        0    0     3000        0        0        0        0        0
   0.580031 CANFD   1 Rx        284                                   1 0 8  8 00 00 64 00 00 00 00 00        0    0     3000        0        0        0        0        0
   0.580378 CANFD   1 Rx        102                                   1 0 E 48 D3 1D 0F A9 4F F6 39 20 00 0D 92 40 00 02 00 00 E3 0D A0 00 A0 00 00 00 2E 0D A0 00 4E 20 01 00 BA 0D 00 00 5E 00 00 AD F6 0D 64 00 93 4C A0 00        0    0     3000        0        0        0        0        0
   0.580489 CANFD   1 Rx        119                                   1 0 8  8 01 00 2C C9 BF 00 00 00        0    0     3000        0        0        0        0        0
   0.580778 CANFD   1 Rx        20B                                   1 0 E 48 12 06 9B F0 00 05 00 84 D4 06 FF E0 05 32 0B 31 73 06 01 90 16 60 00 00 00 06 9B F0 32 64 32 32 17 06 99 00 00 00 23 A0 00 06 00 12 CC F9 BA F7        0    0     3000        0        0        0        0        0
   0.581155 CANFD   1 Rx        411                                   1 0 F 64 00 00 00 00 00 00 00 00 00 00 00 0C 40 00 03 EF 00 00 00 00 0F A4 00 00 00 00 27 10 01 EF 27 10 00 00 00 00 27 10 00 00 00 00 9C 40 00 00 00 00 00 00 00 00 00 00 00 00 00 00 C3 46 00 00 00 00        0    0     3000        0        0        0        0        0
   0.581268 CANFD   1 Rx        181                                   1 0 8  8 C7 07 A0 00 00 00 03 E8        0    0     3000        0        0        0        0        0
   0.581379 CANFD   1 Rx        191                                   1 0 8  8 15 07 8A 13 88 00 00 00        0    0     3000        0        0        0        0        0
   0.581530 CANFD   1 Rx        171                                   1 0 A 16 A4 07 00 00 00 00 00 00 00 00 00 00 00 00 00 00        0    0     3000        0        0        0        0        0
   0.581758 CANFD   1 Rx        471                                   1 0 D 32 00 00 00 00 00 08 00 00 00 00 10 00 00 00 00 01 00 00 00 00 00 00 00 00 00 00 3F 00 FF E0 00 00        0    0     3000        0        0        0        0        0
   0.581869 CANFD   1 Rx        50A                                   1 0 8  8 B6 05 00 00 00 00 1D 17        0    0     3000        0        0        0        0        0
   0.581981 CANFD   1 Rx        496                                   1 0 8  8 00 00 08 00 00 00 0D A8        0    0     3000        0        0        0        0        0
   0.582092 CANFD   1 Rx        2AB                                   1 0 8  8 8B 02 00 00 00 00 00 3C        0    0     3000        0        0        0        0        0
   0.582456 CANFD   1 Rx        555                                   1 0 F 64 12 A4 00 01 00 00 00 00 E9 E9 EA EA 00 00 00 00 00 00 00 00 5A A5 5A A5 17 17 17 17 17 17 17 17 FB FA FA F9 FC F9 FB FB FA FA 17 00 00 00 00 00 00 00 00 00 00 00 00 00 00 00 13 87 00 FF FF FF        0    0     3000        0        0        0        0        0
   0.583038 CANFD   1 Rx        4D7                                   1 0 8  8 00 00 FF 00 00 00 00 00        0    0     3000        0        0        0        0        0
   0.583396 CANFD   1 Rx        4DE                                   1 0 D 32 00 00 00 00 00 00 F8 F8 00 00 00 00 00 00 00 00 00 FE 01 00 00 00 00 00 00 00 00 00 00 00 00 00        0    0     3000        0        0        0        0        0
   0.583687 CANFD   1 Rx        4E2                                   1 0 8  8 00 00 00 00 00 00 00 00        0    0     3000        0        0        0        0        0
   0.583804 CANFD   1 Rx        48A                                   1 0 8  8 FA 07 00 00 00 7A 12 02        0    0     3000        0        0        0        0        0
   0.583916 CANFD   1 Rx        4E4                                   1 0 8  8 00 00 00 10 0D 00 00 10        0    0     3000        0        0        0        0        0
   0.585028 CANFD   1 Rx        4F1                                   1 0 C 24 00 00 00 00 00 00 00 00 00 00 00 00 00 00 00 00 00 00 00 00 00 3E 00 00        0    0     3000        0        0        0        0        0
   0.586244 CANFD   1 Rx        550                                   1 0 F 64 00 00 01 00 00 00 00 00 00 00 00 00 00 00 00 00 00 00 00 00 00 00 00 00 00 00 00 00 00 00 00 00 00 00 00 00 00 00 00 00 00 00 00 00 00 00 00 00 00 00 00 00 00 00 00 00 00 00 00 00 00 00 00 00        0    0     3000        0        0        0        0        0
   0.586879 CANFD   1 Rx         21                                   1 0 8  8 98 08 07 D9 00 00 00 00        0    0     3000        0        0        0        0        0
   0.587087 CANFD   1 Rx        2FF                                   1 0 8  8 00 00 00 00 00 00 00 00        0    0     3000        0        0        0        0        0
   0.590379 CANFD   1 Rx        102                                   1 0 E 48 34 1E 0F A9 4F F6 39 20 00 0E 92 40 00 02 00 00 04 0E A0 00 A0 00 00 00 C9 0E A0 00 4E 20 01 00 5D 0E 00 00 5E 00 00 AD 11 0E 64 00 93 4C A0 00        0    0     3000        0        0        0        0        0
   0.590491 CANFD   1 Rx        119                                   1 0 8  8 01 00 2C C9 BF 00 00 00        0    0     3000        0        0        0        0        0
   0.590788 CANFD   1 Rx        208                                   1 0 E 48 04 07 00 00 00 0D 9C 40 2E 07 00 00 00 12 12 FC D7 07 FC 15 15 14 02 00 0A 07 00 00 00 00 00 02 61 07 00 08 00 00 00 00 00 00 4E 20 4E 20 02 02        0    0     3000        0        0        0        0        0
   0.590937 CANFD   1 Rx        321                                   1 0 A 16 00 00 0B 32 71 10 00 00 00 00 00 00 00 00 00 00        0    0     3000        0        0        0        0        0
   0.591129 CANFD   1 Rx        53C                                   1 0 C 24 FF FF FF FF FF FF FF FF FF FF FF FF FF FF FF FF FF FF FF FF FF FF FF FF        0    0     3000        0        0        0        0        0
   0.591242 CANFD   1 Rx        181                                   1 0 8  8 9B 08 A0 00 00 00 03 E8        0    0     3000        0        0        0        0        0
   0.591351 CANFD   1 Rx        191                                   1 0 8  8 49 08 8A 13 88 00 00 00        0    0     3000        0        0        0        0        0
   0.591464 CANFD   1 Rx        233                                   1 0 8  8 00 00 02 C4 00 00 00 00        0    0     3000        0        0        0        0        0
   0.591614 CANFD   1 Rx        171                                   1 0 A 16 F8 08 00 00 00 00 00 00 00 00 00 00 00 00 00 00        0    0     3000        0        0        0        0        0
   0.591727 CANFD   1 Rx        436                                   1 0 8  8 24 00 02 00 02 00 00 00        0    0     3000        0        0        0        0        0
   0.591839 CANFD   1 Rx        2B4                                   1 0 8  8 00 00 FE FE FE FE 00 00        0    0     3000        0        0        0        0        0
   0.591990 CANFD   1 Rx        27E                                   1 0 A 16 FE 02 00 00 00 00 00 00 C7 02 00 03 C0 00 00 00        0    0     3000        0        0        0        0        0
   0.592354 CANFD   1 Rx        555                                   1 0 F 64 12 A4 00 01 00 00 00 00 E9 E9 EA EA 00 00 00 00 00 00 00 00 5A A5 5A A5 17 17 17 17 17 17 17 17 FB FA FA F9 FC F9 FB FB FA FA 17 00 00 00 00 00 00 00 00 00 00 00 00 00 00 00 13 87 00 FF FF FF        0    0     3000        0        0        0        0        0
   0.593838 CANFD   1 Rx        201                                   1 0 8  8 E9 01 00 00 00 00 00 00        0    0     3000        0        0        0        0        0
   0.596495 CANFD   1 Rx         21                                   1 0 8  8 7B 09 07 DA 00 00 00 00        0    0     3000        0        0        0        0        0
   0.596690 CANFD   1 Rx        23B                                   1 0 8  8 CB 02 03 81 7F 00 00 00        0    0     3000        0        0        0        0        0
   0.597886 CANFD   1 Rx        48C                                   1 0 F 64 00 08 00 00 00 00 00 00 00 08 00 00 00 00 00 00 00 08 00 00 00 00 00 00 00 00 16 00 00 00 00 00 00 00 00 00 00 00 00 00 00 00 00 00 00 00 00 00 00 00 00 00 00 00 00 00 00 00 00 00 00 00 00 00        0    0     3000        0        0        0        0        0
   0.598232 CANFD   1 Rx        467                                   1 0 C 24 00 08 00 00 00 02 00 00 4E 08 00 00 0F 40 0D F0 00 00 00 00 00 00 00 00        0    0     3000        0        0        0        0        0
   0.598346 CANFD   1 Rx        403                                   1 0 8  8 00 08 00 00 01 00 00 00        0    0     3000        0        0        0        0        0
   0.598458 CANFD   1 Rx        477                                   1 0 8  8 CA 08 0F 10 00 00 00 00        0    0     3000        0        0        0        0        0
   0.598758 CANFD   1 Rx        49E                                   1 0 E 48 AD 08 00 00 00 00 00 00 00 08 00 11 0E 00 00 00 00 08 01 00 00 00 00 98 3D 08 00 00 00 00 00 09 00 08 BB 80 00 00 16 00 00 08 00 00 00 00 00 00        0    0     3000        0        0        0        0        0
   0.598989 CANFD   1 Rx        5F4                                   1 0 D 32 00 60 00 00 00 00 00 00 00 00 00 00 00 00 00 00 00 00 00 00 00 00 00 00 00 00 00 00 00 00 00 00        0    0     3000        0        0        0        0        0
   0.599930 CANFD   1 Rx        284                                   1 0 8  8 00 00 64 00 00 00 00 00        0    0     3000        0        0        0        0        0
   0.600381 CANFD   1 Rx        102                                   1 0 E 48 8B 10 0F AA 4F F6 39 20 00 00 92 40 00 02 00 00 05 00 A0 00 A0 00 00 00 C8 00 A0 00 4E 20 01 00 5C 00 00 00 5E 00 00 AD 10 00 64 00 93 4C A0 00        0    0     3000        0        0        0        0        0
   0.600492 CANFD   1 Rx        119                                   1 0 8  8 01 00 2C C9 BF 00 00 00        0    0     3000        0        0        0        0        0
   0.600782 CANFD   1 Rx        20B                                   1 0 E 48 4F 07 9B F0 00 05 00 84 89 07 FF E0 05 32 0B 31 2E 07 01 90 16 60 00 00 00 07 9B F0 32 64 32 32 4A 07 99 00 00 00 23 A0 00 07 00 12 CC F9 BA F7        0    0     3000        0        0        0        0        0
   0.600926 CANFD   1 Rx        32B                                   1 0 A 16 CF 06 1C 0D 11 13 0D 06 00 06 30 00 1E F9 C4 00        0    0     3000        0        0        0        0        0
   0.601290 CANFD   1 Rx        555                                   1 0 F 64 12 A4 00 01 00 00 00 00 E9 E9 EA EA 00 00 00 00 00 00 00 00 5A A5 5A A5 17 17 17 17 17 17 17 17 FB FA FA F9 FC F9 FB FB FA FA 17 00 00 00 00 00 00 00 00 00 00 00 00 00 00 00 13 87 00 FF FF FF        0    0     3000        0        0        0        0        0
   0.601403 CANFD   1 Rx        181                                   1 0 8  8 C6 09 A0 00 00 00 03 E8        0    0     3000        0        0        0        0        0
   0.601514 CANFD   1 Rx        191                                   1 0 8  8 14 09 8A 13 88 00 00 00        0    0     3000        0        0        0        0        0
   0.601663 CANFD   1 Rx        171                                   1 0 A 16 A5 09 00 00 00 00 00 00 00 00 00 00 00 00 00 00        0    0     3000        0        0        0        0        0
   0.601775 CANFD   1 Rx        2AB                                   1 0 8  8 D6 03 00 00 00 00 00 3C        0    0     3000        0        0        0        0        0
   0.602007 CANFD   1 Rx        5F6                                   1 0 D 32 00 00 00 00 00 00 00 00 00 00 00 00 00 00 00 00 00 00 00 00 00 00 00 00 00 00 00 00 00 00 00 00        0    0     3000        0        0        0        0        0
   0.602976 CANFD   1 Rx        492                                   1 0 F 64 00 09 00 00 00 00 5E 00 00 09 00 00 00 00 00 00 00 09 00 18 02 01 00 00 00 09 00 03 BF 00 01 00 00 09 00 00 00 00 B3 28 00 09 00 80 00 00 00 00 00 00 00 00 00 00 00 00 00 00 00 00 00 00 00 00        0    0     3000        0        0        0        0        0
   0.606518 CANFD   1 Rx         21                                   1 0 8  8 22 0A 07 D9 00 00 00 00        0    0     3000        0        0        0        0        0
   0.606882 CANFD   1 Rx        35B                                   1 0 8  8 00 00 06 00 00 00 00 00        0    0     3000        0        0        0        0        0
   0.607004 CANFD   1 Rx        2FF                                   1 0 8  8 00 00 00 00 00 00 00 00        0    0     3000        0        0        0        0        0
   0.610380 CANFD   1 Rx        102                                   1 0 E 48 D6 11 0F AA 4F F6 39 20 00 01 92 40 00 02 00 00 58 01 A0 00 A0 00 00 00 95 01 A0 00 4E 20 01 00 01 01 00 00 5E 00 00 AD 4D 01 64 00 93 4C A0 00        0    0     3000        0        0        0        0        0
   0.610491 CANFD   1 Rx        119                                   1 0 8  8 01 00 2C C9 BF 00 00 00        0    0     3000        0        0        0        0        0
   0.610788 CANFD   1 Rx        208                                   1 0 E 48 58 08 00 00 00 0D 9C 40 72 08 00 00 00 12 12 FC 8B 08 FC 15 15 14 02 00 56 08 00 00 00 00 00 02 3D 08 00 08 00 00 00 00 00 00 4E 20 4E 20 02 02        0    0     3000        0        0        0        0        0
   0.611005 CANFD   1 Rx        405                                   1 0 D 32 60 2B 00 98 10 C0 6F 79 34 4B 00 A6 01 F8 90 90 95 80 AE 00 14 10 F2 00 13 F7 B8 C0 10 10 14 13        0    0     3000        0        0        0        0        0
   0.611116 CANFD   1 Rx        45D                                   1 0 8  8 00 00 1B 00 00 20 3C 00        0    0     3000        0        0        0        0        0
   0.611229 CANFD   1 Rx        181                                   1 0 8  8 21 0A A0 00 00 00 03 E8        0    0     3000        0        0        0        0        0
   0.611338 CANFD   1 Rx        191                                   1 0 8  8 F3 0A 8A 13 88 00 00 00        0    0     3000        0        0        0        0        0
   0.611451 CANFD   1 Rx        233                                   1 0 8  8 00 00 02 C4 00 00 00 00        0    0     3000        0        0        0        0        0
   0.611564 CANFD   1 Rx        414                                   1 0 8  8 00 00 14 01 00 00 00 95        0    0     3000        0        0        0        0        0
   0.611675 CANFD   1 Rx        476                                   1 0 8  8 00 00 00 00 00 02 D4 56        0    0     3000        0        0        0        0        0
   0.611789 CANFD   1 Rx        531                                   1 0 8  8 00 00 00 00 00 00 00 00        0    0     3000        0        0        0        0        0
   0.611900 CANFD   1 Rx        2B4                                   1 0 8  8 00 00 FE FE FE FE 00 00        0    0     3000        0        0        0        0        0
   0.612050 CANFD   1 Rx        27E                                   1 0 A 16 A3 03 00 00 00 00 00 00 9A 03 00 03 C0 00 00 00        0    0     3000        0        0        0        0        0
   0.612414 CANFD   1 Rx        555                                   1 0 F 64 12 A5 00 01 00 00 00 00 E9 E9 EA EA 00 00 00 00 00 00 00 00 5A A5 5A A5 17 17 17 17 17 17 17 17 FB FA FA F9 FC F9 FB FB FA FA 17 00 00 00 00 00 00 00 00 00 00 00 00 00 00 00 13 87 00 FF FF FF        0    0     3000        0        0        0        0        0
   0.612526 CANFD   1 Rx        5E4                                   1 0 8  8 00 00 00 17 FF CB 00 00        0    0     3000        0        0        0        0        0
   0.612637 CANFD   1 Rx        40A                                   1 0 8  8 B1 09 80 B2 48 00 01 00        0    0     3000        0        0        0        0        0
   0.612749 CANFD   1 Rx        4B4                                   1 0 8  8 88 0A 7D 00 00 00 00 18        0    0     3000        0        0        0        0        0
   0.612859 CANFD   1 Rx        4B9                                   1 0 8  8 AD 0A 00 00 00 01 00 0B        0    0     3000        0        0        0        0        0
   0.612977 CANFD   1 Rx          0                                   1 0 8  8 00 00 00 00 00 00 00 00        0    0     3000        0        0        0        0        0
   0.613094 CANFD   1 Rx          0                                   1 0 8  8 00 00 00 00 00 00 00 00        0    0     3000        0        0        0        0        0
   0.613211 CANFD   1 Rx          0                                   1 0 8  8 00 00 00 00 00 00 00 00        0    0     3000        0        0        0        0        0
   0.613329 CANFD   1 Rx          0                                   1 0 8  8 00 00 00 00 00 00 00 00        0    0     3000        0        0        0        0        0
   0.613446 CANFD   1 Rx          0                                   1 0 8  8 00 00 00 00 00 00 00 00        0    0     3000        0        0        0        0        0
   0.613563 CANFD   1 Rx          0                                   1 0 8  8 00 00 00 00 00 00 00 00        0    0     3000        0        0        0        0        0
   0.613714 CANFD   1 Rx        171                                   1 0 A 16 42 0A 00 00 00 00 00 00 00 00 00 00 00 00 00 00        0    0     3000        0        0        0        0        0
   0.613865 CANFD   1 Rx        422                                   1 0 A 16 00 00 00 00 00 00 00 00 00 00 00 00 00 00 00 00        0    0     3000        0        0        0        0        0
   0.614017 CANFD   1 Rx        43E                                   1 0 A 16 0A 0A 00 00 00 00 00 00 00 00 00 00 00 00 3E 80        0    0     3000        0        0        0        0        0
   0.614128 CANFD   1 Rx        494                                   1 0 8  8 00 00 2D 23 24 18 28 00        0    0     3000        0        0        0        0        0
   0.614322 CANFD   1 Rx        3DF                                   1 0 C 24 00 00 00 00 00 00 02 00 00 00 00 00 00 00 00 00 00 00 00 00 00 00 00 00        0    0     3000        0        0        0        0        0
   0.614437 CANFD   1 Rx        201                                   1 0 8  8 0E 02 00 00 00 00 00 00        0    0     3000        0        0        0        0        0
   0.614587 CANFD   1 Rx        4C3                                   1 0 A 16 00 00 3E 80 00 00 00 00 00 00 00 00 00 00 00 00        0    0     3000        0        0        0        0        0
   0.614816 CANFD   1 Rx        421                                   1 0 D 32 00 00 00 64 00 00 00 50 00 00 3E 83 E8 3E 83 E8 00 00 00 00 00 00 00 00 00 00 00 00 00 00 00 00        0    0     3000        0        0        0        0        0
   0.615196 CANFD   1 Rx        522                                   1 0 F 64 00 00 00 00 1D 80 00 00 00 00 00 00 00 00 00 00 00 00 07 FF 80 7D 00 20 00 00 00 80 00 00 3E 00 00 00 00 00 00 00 00 00 00 00 08 BD 00 00 00 00 00 00 00 00 00 00 00 00 00 00 00 00 00 00 00 00        0    0     3000        0        0        0        0        0
   0.615585 CANFD   1 Rx          0                                   1 0 F 64 00 00 00 00 00 00 00 00 00 00 00 00 00 00 00 00 00 00 00 00 00 00 00 00 00 00 00 00 00 00 00 00 00 00 00 00 00 00 00 00 00 00 00 00 00 00 00 00 00 00 00 00 00 00 00 00 00 00 00 00 00 00 00 00        0    0     3000        0        0        0        0        0
   0.615973 CANFD   1 Rx          0                                   1 0 F 64 00 00 00 00 00 00 00 00 00 00 00 00 00 00 00 00 00 00 00 00 00 00 00 00 00 00 00 00 00 00 00 00 00 00 00 00 00 00 00 00 00 00 00 00 00 00 00 00 00 00 00 00 00 00 00 00 00 00 00 00 00 00 00 00        0    0     3000        0        0        0        0        0
   0.616361 CANFD   1 Rx          0                                   1 0 F 64 00 00 00 00 00 00 00 00 00 00 00 00 00 00 00 00 00 00 00 00 00 00 00 00 00 00 00 00 00 00 00 00 00 00 00 00 00 00 00 00 00 00 00 00 00 00 00 00 00 00 00 00 00 00 00 00 00 00 00 00 00 00 00 00        0    0     3000        0        0        0        0        0
   0.616750 CANFD   1 Rx          0                                   1 0 F 64 00 00 00 00 00 00 00 00 00 00 00 00 00 00 00 00 00 00 00 00 00 00 00 00 00 00 00 00 00 00 00 00 00 00 00 00 00 00 00 00 00 00 00 00 00 00 00 00 00 00 00 00 00 00 00 00 00 00 00 00 00 00 00 00        0    0     3000        0        0        0        0        0
   0.616867 CANFD   1 Rx          0                                   1 0 8  8 00 00 00 00 00 00 00 00        0    0     3000        0        0        0        0        0
   0.616984 CANFD   1 Rx          0                                   1 0 8  8 00 00 00 00 00 00 00 00        0    0     3000        0        0        0        0        0
   0.617101 CANFD   1 Rx          0                                   1 0 8  8 00 00 00 00 00 00 00 00        0    0     3000        0        0        0        0        0
   0.617219 CANFD   1 Rx          0                                   1 0 8  8 00 00 00 00 00 00 00 00        0    0     3000        0        0        0        0        0
   0.617332 CANFD   1 Rx         21                                   1 0 8  8 7F 0B 07 D9 00 00 00 00        0    0     3000        0        0        0        0        0
   0.617443 CANFD   1 Rx        23B                                   1 0 8  8 96 03 03 81 7F 00 00 00        0    0     3000        0        0        0        0        0
   0.617558 CANFD   1 Rx        413                                   1 0 8  8 FF FF FF FF FF FF 00 00        0    0     3000        0        0        0        0        0
   0.618216 CANFD   1 Rx        4B2                                   1 0 8  8 00 00 21 00 00 02 08 00        0    0     3000        0        0        0        0        0
   0.618334 CANFD   1 Rx        4BD                                   1 0 8  8 00 00 00 27 00 00 00 00        0    0     3000        0        0        0        0        0
   0.618453 CANFD   1 Rx        4D9                                   1 0 8  8 00 00 00 00 00 00 40 00        0    0     3000        0        0        0        0        0
   0.619928 CANFD   1 Rx        284                                   1 0 8  8 00 00 64 00 00 00 00 00        0    0     3000        0        0        0        0        0
   0.620380 CANFD   1 Rx        102                                   1 0 E 48 31 12 0F AA 4F F6 39 20 00 02 92 40 00 02 00 00 BF 02 A0 00 A0 00 00 00 72 02 A0 00 4E 20 01 00 E6 02 00 00 5E 00 00 AD AA 02 64 00 93 4C A0 00        0    0     3000        0        0        0        0        0
   0.620491 CANFD   1 Rx        119                                   1 0 8  8 01 00 2C C9 BF 00 00 00        0    0     3000        0        0        0        0        0
   0.620778 CANFD   1 Rx        20B                                   1 0 E 48 13 08 9B F0 00 05 00 84 D5 08 FF E0 05 32 0B 31 42 08 01 90 16 40 00 00 00 08 9B F0 32 64 32 32 2D 08 98 E0 00 00 23 A0 00 08 00 12 CC F9 BA F7        0    0     3000        0        0        0        0        0
   0.621126 CANFD   1 Rx        33B                                   1 0 F 64 0D 08 0D 09 0D 10 0D 0A 0D 07 0D 0A 0D 08 0D 0A 0D 10 0D 08 0D 08 0D 07 0D 07 0D 08 0D 07 0D 07 0D 11 0D 07 0D 07 0D 08 0D 08 0D 08 0D 08 0D 0A 0D 08 0D 09 0D 08 0D 08 0D 08 0D 09 00 1F 1E FF        0    0     3000        0        0        0        0        0
   0.621240 CANFD   1 Rx        181                                   1 0 8  8 7C 0B A0 00 00 00 03 E8        0    0     3000        0        0        0        0        0
   0.621350 CANFD   1 Rx        191                                   1 0 8  8 AE 0B 8A 13 88 00 00 00        0    0     3000        0        0        0        0        0
   0.621501 CANFD   1 Rx        171                                   1 0 A 16 1F 0B 00 00 00 00 00 00 00 00 00 00 00 00 00 00        0    0     3000        0        0        0        0        0
   0.621793 CANFD   1 Rx        40E                                   1 0 E 48 64 09 00 B7 80 22 40 00 00 70 80 C3 50 92 40 04 00 00 13 34 00 01 1A C0 00 00 00 03 D8 47 2D 80 00 00 85 4D 03 E1 2A 00 00 00 78 FC E0 00 00 00        0    0     3000        0        0        0        0        0
   0.621904 CANFD   1 Rx        2AB                                   1 0 8  8 58 04 00 00 00 00 00 3C        0    0     3000        0        0        0        0        0
   0.622288 CANFD   1 Rx        4FB                                   1 0 F 64 00 00 40 00 00 00 00 00 00 00 00 00 00 00 00 00 00 00 00 00 0F A0 0F A0 00 00 00 00 0F A0 00 00 00 00 0F A0 00 00 00 00 00 00 00 64 00 00 00 00 00 00 00 00 00 00 00 00 00 00 00 00 00 00 00 00        0    0     3000        0        0        0        0        0
   0.622652 CANFD   1 Rx        555                                   1 0 F 64 12 A3 00 01 00 00 00 00 E9 E9 EA EA 00 00 00 00 00 00 00 00 5A A5 5A A5 17 17 17 17 17 17 17 17 FB FA FA F9 FC F9 FB FB FA FA 17 00 00 00 00 00 00 00 00 00 00 00 00 00 00 00 13 87 00 FF FF FF        0    0     3000        0        0        0        0        0
   0.622763 CANFD   1 Rx        5F5                                   1 0 8  8 E0 32 30 30 30 30 31 30        0    0     3000        0        0        0        0        0
   0.626518 CANFD   1 Rx         21                                   1 0 8  8 F1 0C 07 D9 00 00 00 00        0    0     3000        0        0        0        0        0
   0.626885 CANFD   1 Rx        2FF                                   1 0 8  8 00 00 00 00 00 00 00 00        0    0     3000        0        0        0        0        0
   0.627596 CANFD   1 Rx        4CF                                   1 0 8  8 00 00 00 00 00 00 00 00        0    0     3000        0        0        0        0        0
   0.630380 CANFD   1 Rx        102                                   1 0 E 48 6C 13 0F AA 4F F6 39 20 00 03 92 40 00 02 00 00 E2 03 A0 00 A0 00 00 00 2F 03 A0 00 4E 20 01 00 BB 03 00 00 5E 00 00 AD F7 03 64 00 93 4C A0 00        0    0     3000        0        0        0        0        0
   0.630491 CANFD   1 Rx        119                                   1 0 8  8 01 00 2C C9 BF 00 00 00        0    0     3000        0        0        0        0        0
   0.630787 CANFD   1 Rx        208                                   1 0 E 48 05 09 00 00 00 0D 9C 40 2F 09 00 00 00 12 12 FC D6 09 FC 15 15 14 02 00 0B 09 00 00 00 00 00 02 60 09 00 08 00 00 00 00 00 00 4E 20 4E 20 02 02        0    0     3000        0        0        0        0        0
   0.631017 CANFD   1 Rx        40F                                   1 0 D 32 00 00 00 00 10 40 08 00 00 00 14 02 02 01 00 02 00 00 00 00 00 00 00 00 00 00 00 00 00 00 00 00        0    0     3000        0        0        0        0        0
   0.631381 CANFD   1 Rx        555                                   1 0 F 64 12 A3 00 01 00 00 00 00 E9 E9 EA EA 00 00 00 00 00 00 00 00 5A A5 5A A5 17 17 17 17 17 17 17 17 FB FA FA F9 FC F9 FB FB FA FA 17 00 00 00 00 00 00 00 00 00 00 00 00 00 00 00 13 87 00 FF FF FF        0    0     3000        0        0        0        0        0
   0.631494 CANFD   1 Rx        181                                   1 0 8  8 F2 0C A0 00 00 00 03 E8        0    0     3000        0        0        0        0        0
   0.631604 CANFD   1 Rx        191                                   1 0 8  8 20 0C 8A 13 88 00 00 00        0    0     3000        0        0        0        0        0
   0.631716 CANFD   1 Rx        233                                   1 0 8  8 00 00 02 C4 00 00 00 00        0    0     3000        0        0        0        0        0
   0.631866 CANFD   1 Rx        171                                   1 0 A 16 91 0C 00 00 00 00 00 00 00 00 00 00 00 00 00 00        0    0     3000        0        0        0        0        0
   0.631978 CANFD   1 Rx        2B4                                   1 0 8  8 00 00 FE FE FE FE 00 00        0    0     3000        0        0        0        0        0
   0.632129 CANFD   1 Rx        27E                                   1 0 A 16 2D 04 00 00 00 00 00 00 14 04 00 03 C0 00 00 00        0    0     3000        0        0        0        0        0
   0.633837 CANFD   1 Rx        201                                   1 0 8  8 53 03 00 00 00 00 00 00        0    0     3000        0        0        0        0        0
   0.636488 CANFD   1 Rx         21                                   1 0 8  8 AC 0D 07 D9 00 00 00 00        0    0     3000        0        0        0        0        0
   0.636681 CANFD   1 Rx        23B                                   1 0 8  8 18 04 03 81 7F 00 00 00        0    0     3000        0        0        0        0        0
   0.639940 CANFD   1 Rx        284                                   1 0 8  8 00 00 64 00 00 00 00 00        0    0     3000        0        0        0        0        0
   0.640394 CANFD   1 Rx        102                                   1 0 E 48 E2 14 0F AA 4F F6 39 20 00 04 92 40 00 02 00 00 6C 04 A0 00 A0 00 00 00 A1 04 A0 00 4E 20 01 00 35 04 00 00 5E 00 00 AD 79 04 64 00 93 4C A0 00        0    0     3000        0        0        0        0        0
   0.640505 CANFD   1 Rx        119                                   1 0 8  8 01 00 2C C9 BF 00 00 00        0    0     3000        0        0        0        0        0
   0.640792 CANFD   1 Rx        20B                                   1 0 E 48 4E 09 9B F0 00 05 00 84 88 09 FF E0 05 32 0B 31 2F 09 01 90 16 60 00 00 00 09 9B F0 32 64 32 32 4B 09 99 00 00 00 23 A0 00 09 00 12 CC F9 BA F7        0    0     3000        0        0        0        0        0
   0.640941 CANFD   1 Rx        321                                   1 0 A 16 00 00 0B 32 71 10 00 00 00 00 00 00 00 00 00 00        0    0     3000        0        0        0        0        0
   0.641168 CANFD   1 Rx        416                                   1 0 D 32 8F 09 00 00 00 00 00 00 8F 09 00 00 00 00 00 00 8F 09 00 00 00 00 00 00 00 00 00 00 00 00 00 00        0    0     3000        0        0        0        0        0
   0.641281 CANFD   1 Rx        181                                   1 0 8  8 AF 0D A0 00 00 00 03 E8        0    0     3000        0        0        0        0        0
   0.641391 CANFD   1 Rx        191                                   1 0 8  8 7D 0D 8A 13 88 00 00 00        0    0     3000        0        0        0        0        0
   0.641541 CANFD   1 Rx        171                                   1 0 A 16 CC 0D 00 00 00 00 00 00 00 00 00 00 00 00 00 00        0    0     3000        0        0        0        0        0
   0.641905 CANFD   1 Rx        555                                   1 0 F 64 12 A5 00 01 00 00 00 00 E9 E9 EA EA 00 00 00 00 00 00 00 00 5A A5 5A A5 17 17 17 17 17 17 17 17 FB FA FA F9 FC F9 FB FB FA FA 17 00 00 00 00 00 00 00 00 00 00 00 00 00 00 00 13 87 00 FF FF FF        0    0     3000        0        0        0        0        0
   0.642017 CANFD   1 Rx        2AB                                   1 0 8  8 05 05 00 00 00 00 00 3C        0    0     3000        0        0        0        0        0
   0.642321 CANFD   1 Rx        4E0                                   1 0 E 48 BF 0A 00 00 00 40 00 07 00 0A 00 00 00 00 00 00 00 0A 00 00 00 00 03 04 E9 0A 00 00 00 00 00 00 00 00 00 00 00 00 10 01 00 00 00 00 00 00 00 00        0    0     3000        0        0        0        0        0
   0.642544 CANFD   1 Rx        5FB                                   1 0 D 32 00 0A 00 00 00 00 04 28 3B 70 03 04 64 8C A3 00 10 02 01 01 01 00 78 01 01 F9 CF 9C 00 00 00 00        0    0     3000        0        0        0        0        0
   0.642918 CANFD   1 Rx        4B7                                   1 0 F 64 00 0A 6B 00 00 48 48 00 00 0A 16 00 00 00 00 00 00 0A 00 00 00 16 EA E0 00 0A 08 00 00 00 00 00 00 0A 34 80 00 00 00 00 00 0A 00 00 00 00 00 00 00 0A 01 01 02 00 00 00 00 00 00 00 00 00 00 00        0    0     3000        0        0        0        0        0
   0.646578 CANFD   1 Rx         21                                   1 0 8  8 4B 0E 07 D9 00 00 00 00        0    0     3000        0        0        0        0        0
   0.646980 CANFD   1 Rx        2FF                                   1 0 8  8 00 00 00 00 00 00 00 00        0    0     3000        0        0        0        0        0
   0.650378 CANFD   1 Rx        102                                   1 0 E 48 D5 15 0F AB 4F F6 39 20 00 05 92 40 00 02 00 00 31 05 A0 00 A0 00 00 00 FC 05 A0 00 4E 20 01 00 68 05 00 00 5E 00 00 AD 24 05 64 00 93 4C A0 00        0    0     3000        0        0        0        0        0
   0.650490 CANFD   1 Rx        119                                   1 0 8  8 01 00 2C C9 BF 00 00 00        0    0     3000        0        0        0        0        0
   0.650785 CANFD   1 Rx        208                                   1 0 E 48 E2 0A 00 00 00 0D 9C 40 C8 0A 00 00 00 12 12 FC 31 0A FC 15 15 14 02 00 EC 0A 00 00 00 00 00 02 45 0A 00 04 00 00 00 00 00 00 4E 20 4E 20 02 02        0    0     3000        0        0        0        0        0
   0.650929 CANFD   1 Rx        32B                                   1 0 A 16 92 07 1C 0D 11 13 0D 06 00 07 30 00 1E F9 C4 00        0    0     3000        0        0        0        0        0
   0.651080 CANFD   1 Rx        41F                                   1 0 A 16 00 0B 00 00 01 00 00 00 DD 0B 00 00 00 00 5E 00        0    0     3000        0        0        0        0        0
   0.651193 CANFD   1 Rx        181                                   1 0 8  8 48 0E A0 00 00 00 03 E8        0    0     3000        0        0        0        0        0
   0.651303 CANFD   1 Rx        191                                   1 0 8  8 9A 0E 8A 13 88 00 00 00        0    0     3000        0        0        0        0        0
   0.651416 CANFD   1 Rx        233                                   1 0 8  8 00 00 02 C4 00 00 00 00        0    0     3000        0        0        0        0        0
   0.651565 CANFD   1 Rx        171                                   1 0 A 16 2B 0E 00 00 00 00 00 00 00 00 00 00 00 00 00 00        0    0     3000        0        0        0        0        0
   0.651929 CANFD   1 Rx        555                                   1 0 F 64 12 A5 00 01 00 00 00 00 E9 E9 EA EA 00 00 00 00 00 00 00 00 5A A5 5A A5 17 17 17 17 17 17 17 17 FB FA FA F9 FC F9 FB FB FA FA 17 00 00 00 00 00 00 00 00 00 00 00 00 00 00 00 13 87 00 FF FF FF        0    0     3000        0        0        0        0        0
   0.652041 CANFD   1 Rx        2B4                                   1 0 8  8 00 00 FE FE FE FE 00 00        0    0     3000        0        0        0        0        0
   0.652191 CANFD   1 Rx        27E                                   1 0 A 16 70 05 00 00 00 00 00 00 49 05 00 03 C0 00 00 00        0    0     3000        0        0        0        0        0
   0.652660 CANFD   1 Rx        448                                   1 0 D 32 00 00 01 20 00 00 00 14 00 00 00 00 00 00 00 00 00 00 08 00 00 00 00 00 00 00 00 00 00 00 00 00        0    0     3000        0        0        0        0        0
   0.653521 CANFD   1 Rx        4A0                                   1 0 F 64 00 0A 23 1F 00 00 00 00 00 0A 28 06 0D 00 00 00 00 0A 00 01 01 09 00 00 00 0A 00 00 64 00 00 00 00 0A 1D 00 03 00 00 03 00 0A 00 00 1B 00 3C 0A 00 0A 04 00 00 00 00 00 00 0A F5 20 A5 20 A5 20        0    0     3000        0        0        0        0        0
   0.653843 CANFD   1 Rx        201                                   1 0 8  8 DD 04 00 00 00 00 00 00        0    0     3000        0        0        0        0        0
   0.656452 CANFD   1 Rx         21                                   1 0 8  8 4A 00 07 D9 00 00 00 00        0    0     3000        0        0        0        0        0
   0.656839 CANFD   1 Rx        23B                                   1 0 8  8 45 05 03 81 7F 00 00 00        0    0     3000        0        0        0        0        0
   0.656952 CANFD   1 Rx        35B                                   1 0 8  8 00 00 06 00 00 00 00 00        0    0     3000        0        0        0        0        0
   0.659931 CANFD   1 Rx        284                                   1 0 8  8 00 00 64 00 00 00 00 00        0    0     3000        0        0        0        0        0
   0.660378 CANFD   1 Rx        102                                   1 0 E 48 32 16 0F AB 4F F6 39 20 00 06 92 40 00 02 00 00 D6 06 A0 00 A0 00 00 00 1B 06 A0 00 4E 20 01 00 8F 06 00 00 5E 00 00 AD C3 06 64 00 93 4C A0 00        0    0     3000        0        0        0        0        0
   0.660489 CANFD   1 Rx        119                                   1 0 8  8 01 00 2C C9 BF 00 00 00        0    0     3000        0        0        0        0        0
   0.660777 CANFD   1 Rx        20B                                   1 0 E 48 A9 0A 9B F0 00 05 00 84 6F 0A FF E0 05 32 0B 31 F8 0A 01 90 16 40 00 00 00 0A 9B F0 32 64 32 32 AC 0A 99 00 00 00 23 A0 00 0A 00 12 CC F9 BA F7        0    0     3000        0        0        0        0        0
   0.660926 CANFD   1 Rx        4C8                                   1 0 A 16 00 00 14 0D 11 13 0D 06 00 00 30 00 00 00 00 00        0    0     3000        0        0        0        0        0
   0.661290 CANFD   1 Rx        555                                   1 0 F 64 12 A4 00 01 00 00 00 00 E9 E9 EA EA 00 00 00 00 00 00 00 00 5A A5 5A A5 17 17 17 17 17 17 17 17 FB FA FA F9 FC F9 FB FB FA FA 17 00 00 00 00 00 00 00 00 00 00 00 00 00 00 00 13 87 00 FF FF FF        0    0     3000        0        0        0        0        0
   0.661403 CANFD   1 Rx        181                                   1 0 8  8 49 00 A0 00 00 00 03 E8        0    0     3000        0        0        0        0        0
   0.661513 CANFD   1 Rx        191                                   1 0 8  8 9B 00 8A 13 88 00 00 00        0    0     3000        0        0        0        0        0
   0.661630 CANFD   1 Rx          0                                   1 0 8  8 00 00 00 00 00 00 00 00        0    0     3000        0        0        0        0        0
   0.661748 CANFD   1 Rx          0                                   1 0 8  8 00 00 00 00 00 00 00 00        0    0     3000        0        0        0        0        0
   0.661865 CANFD   1 Rx          0                                   1 0 8  8 00 00 00 00 00 00 00 00        0    0     3000        0        0        0        0        0
   0.661982 CANFD   1 Rx          0                                   1 0 8  8 00 00 00 00 00 00 00 00        0    0     3000        0        0        0        0        0
   0.662100 CANFD   1 Rx          0                                   1 0 8  8 00 00 00 00 00 00 00 00        0    0     3000        0        0        0        0        0
   0.662217 CANFD   1 Rx          0                                   1 0 8  8 00 00 00 00 00 00 00 00        0    0     3000        0        0        0        0        0
   0.662368 CANFD   1 Rx        171                                   1 0 A 16 2A 00 00 00 00 00 00 00 00 00 00 00 00 00 00 00        0    0     3000        0        0        0        0        0
   0.662756 CANFD   1 Rx          0                                   1 0 F 64 00 00 00 00 00 00 00 00 00 00 00 00 00 00 00 00 00 00 00 00 00 00 00 00 00 00 00 00 00 00 00 00 00 00 00 00 00 00 00 00 00 00 00 00 00 00 00 00 00 00 00 00 00 00 00 00 00 00 00 00 00 00 00 00        0    0     3000        0        0        0        0        0
   0.663144 CANFD   1 Rx          0                                   1 0 F 64 00 00 00 00 00 00 00 00 00 00 00 00 00 00 00 00 00 00 00 00 00 00 00 00 00 00 00 00 00 00 00 00 00 00 00 00 00 00 00 00 00 00 00 00 00 00 00 00 00 00 00 00 00 00 00 00 00 00 00 00 00 00 00 00        0    0     3000        0        0        0        0        0
   0.663532 CANFD   1 Rx          0                                   1 0 F 64 00 00 00 00 00 00 00 00 00 00 00 00 00 00 00 00 00 00 00 00 00 00 00 00 00 00 00 00 00 00 00 00 00 00 00 00 00 00 00 00 00 00 00 00 00 00 00 00 00 00 00 00 00 00 00 00 00 00 00 00 00 00 00 00        0    0     3000        0        0        0        0        0
   0.663921 CANFD   1 Rx          0                                   1 0 F 64 00 00 00 00 00 00 00 00 00 00 00 00 00 00 00 00 00 00 00 00 00 00 00 00 00 00 00 00 00 00 00 00 00 00 00 00 00 00 00 00 00 00 00 00 00 00 00 00 00 00 00 00 00 00 00 00 00 00 00 00 00 00 00 00        0    0     3000        0        0        0        0        0
   0.664038 CANFD   1 Rx          0                                   1 0 8  8 00 00 00 00 00 00 00 00        0    0     3000        0        0        0        0        0
   0.664155 CANFD   1 Rx          0                                   1 0 8  8 00 00 00 00 00 00 00 00        0    0     3000        0        0        0        0        0
   0.664273 CANFD   1 Rx          0                                   1 0 8  8 00 00 00 00 00 00 00 00        0    0     3000        0        0        0        0        0
   0.664390 CANFD   1 Rx          0                                   1 0 8  8 00 00 00 00 00 00 00 00        0    0     3000        0        0        0        0        0
   0.664502 CANFD   1 Rx        462                                   1 0 8  8 00 00 00 04 00 00 0A 00        0    0     3000        0        0        0        0        0
   0.664614 CANFD   1 Rx        2AB                                   1 0 8  8 E2 06 00 00 00 00 00 3C        0    0     3000        0        0        0        0        0
   0.664808 CANFD   1 Rx        3DF                                   1 0 C 24 00 00 00 00 00 00 02 00 00 00 00 00 00 00 00 00 00 00 00 00 00 00 00 00        0    0     3000        0        0        0        0        0
   0.665174 CANFD   1 Rx        5FF                                   1 0 F 64 14 15 15 14 14 15 15 14 15 15 15 14 14 15 15 14 28 28 28 28 28 28 28 28 28 28 28 28 28 28 28 28 28 28 28 28 28 28 28 28 28 28 28 28 28 28 28 28 00 40 00 00 00 00 00 00 00 00 00 00 00 00 00 00        0    0     3000        0        0        0        0        0
   0.666517 CANFD   1 Rx         21                                   1 0 8  8 A9 01 07 DA 00 00 00 00        0    0     3000        0        0        0        0        0
   0.666833 CANFD   1 Rx        49D                                   1 0 8  8 A0 0A 80 00 00 00 00 00        0    0     3000        0        0        0        0        0
   0.666955 CANFD   1 Rx        2FF                                   1 0 8  8 00 00 00 00 00 00 00 00        0    0     3000        0        0        0        0        0
   0.669914 CANFD   1 Rx        457                                   1 0 A 16 00 00 00 00 13 00 11 11 00 00 00 08 00 13 00 08        0    0     3000        0        0        0        0        0
   0.670144 CANFD   1 Rx        5A9                                   1 0 D 32 00 35 00 00 00 00 00 00 00 00 00 00 00 00 00 00 00 00 00 00 00 00 00 00 00 00 00 00 00 00 00 00        0    0     3000        0        0        0        0        0
   0.670435 CANFD   1 Rx        102                                   1 0 E 48 6F 17 0F AB 4F F6 39 20 00 07 92 40 00 02 00 00 8B 07 A0 00 A0 00 00 00 46 07 A0 00 4E 20 01 00 D2 07 00 00 5E 00 00 AD 9E 07 64 00 93 4C A0 00        0    0     3000        0        0        0        0        0
   0.670547 CANFD   1 Rx        119                                   1 0 8  8 01 00 2C C9 BF 00 00 00        0    0     3000        0        0        0        0        0
   0.670842 CANFD   1 Rx        208                                   1 0 E 48 BF 0B 00 00 00 0D 9C 40 95 0B 00 00 00 12 12 FC 6C 0B FC 15 15 14 02 00 B1 0B 00 00 00 00 00 02 18 0B 00 04 00 00 00 00 00 00 4E 20 4E 20 02 02        0    0     3000        0        0        0        0        0
   0.671189 CANFD   1 Rx        33B                                   1 0 F 64 0D 09 0D 09 0D 08 0D 0C 0D 08 0D 09 0D 09 0D 0A 0D 08 0D 08 0D 0A 0D 07 0D 08 0D 08 0D 08 0D 09 0D 07 0D 0A 0D 08 0D 08 0D 08 0D 08 0D 08 0D 07 0D 08 0D 08 0D 0A 0D 08 0D 07 0D 09 00 3D 1E FF        0    0     3000        0        0        0        0        0
   0.671303 CANFD   1 Rx        181                                   1 0 8  8 14 01 A0 00 00 00 03 E8        0    0     3000        0        0        0        0        0
   0.671412 CANFD   1 Rx        191                                   1 0 8  8 C6 01 8A 13 88 00 00 00        0    0     3000        0        0        0        0        0
   0.671525 CANFD   1 Rx        233                                   1 0 8  8 00 00 02 C4 00 00 00 00        0    0     3000        0        0        0        0        0
   0.671675 CANFD   1 Rx        171                                   1 0 A 16 77 01 00 00 00 00 00 00 00 00 00 00 00 00 00 00        0    0     3000        0        0        0        0        0
   0.672023 CANFD   1 Rx        4CE                                   1 0 F 64 0D 08 0D 09 0D 0F 0D 0A 0D 07 0D 0A 0D 07 0D 0A 0D 10 0D 08 0D 08 0D 08 0D 07 0D 08 0D 07 0D 07 0D 11 0D 07 0D 07 0D 08 0D 08 0D 08 0D 08 0D 0A 0D 08 0D 09 0D 08 0D 08 0D 08 0D 09 00 1F 1E FF        0    0     3000        0        0        0        0        0
   0.672135 CANFD   1 Rx        2B4                                   1 0 8  8 00 00 FE FE FE FE 00 00        0    0     3000        0        0        0        0        0
   0.672286 CANFD   1 Rx        27E                                   1 0 A 16 97 06 00 00 00 00 00 00 AE 06 00 03 C0 00 00 00        0    0     3000        0        0        0        0        0
   0.672650 CANFD   1 Rx        555                                   1 0 F 64 12 A3 00 01 00 00 00 00 E9 E9 EA EA 00 00 00 00 00 00 00 00 5A A5 5A A5 17 17 17 17 17 17 17 17 FB FA FA F9 FC F9 FB FB FA FA 17 00 00 00 00 00 00 00 00 00 00 00 00 00 00 00 13 87 00 FF FF FF        0    0     3000        0        0        0        0        0
   0.673844 CANFD   1 Rx        201                                   1 0 8  8 80 05 00 00 00 00 00 00        0    0     3000        0        0        0        0        0
   0.676491 CANFD   1 Rx         21                                   1 0 8  8 4E 02 07 DA 00 00 00 00        0    0     3000        0        0        0        0        0
   0.676676 CANFD   1 Rx        23B                                   1 0 8  8 A2 06 03 81 7F 00 00 00        0    0     3000        0        0        0        0        0
   0.676943 CANFD   1 Rx        40B                                   1 0 8  8 00 00 00 00 00 00 00 00        0    0     3000        0        0        0        0        0
   0.679902 CANFD   1 Rx        478                                   1 0 8  8 00 00 C0 00 00 00 00 00        0    0     3000        0        0        0        0        0
   0.680131 CANFD   1 Rx        284                                   1 0 8  8 00 00 64 00 00 00 00 00        0    0     3000        0        0        0        0        0
   0.680422 CANFD   1 Rx        102                                   1 0 E 48 33 18 0F AB 4F F6 39 20 00 08 92 40 00 02 00 00 D7 08 A0 00 A0 00 00 00 1A 08 A0 00 4E 20 01 00 8E 08 00 00 5E 00 00 AD C2 08 64 00 93 4C A0 00        0    0     3000        0        0        0        0        0
   0.680533 CANFD   1 Rx        119                                   1 0 8  8 01 00 2C C9 BF 00 00 00        0    0     3000        0        0        0        0        0
   0.680821 CANFD   1 Rx        20B                                   1 0 E 48 F4 0B 9B F0 00 05 00 84 32 0B FF E0 05 32 0B 31 A5 0B 01 90 16 40 00 00 00 0B 9B F0 32 64 32 32 F1 0B 99 00 00 00 23 A0 00 0B 00 12 CC F9 BA F7        0    0     3000        0        0        0        0        0
   0.681198 CANFD   1 Rx        411                                   1 0 F 64 00 00 00 00 00 00 00 00 00 00 00 0C 40 00 03 EF 00 00 00 00 0F A4 00 00 00 00 27 10 01 EF 27 10 00 00 00 00 27 10 00 00 00 00 9C 40 00 00 00 00 00 00 00 00 00 00 00 00 00 00 C3 46 00 00 00 00        0    0     3000        0        0        0        0        0
   0.681311 CANFD   1 Rx        181                                   1 0 8  8 F3 02 A0 00 00 00 03 E8        0    0     3000        0        0        0        0        0
   0.681421 CANFD   1 Rx        191                                   1 0 8  8 21 02 8A 13 88 00 00 00        0    0     3000        0        0        0        0        0
   0.681572 CANFD   1 Rx        171                                   1 0 A 16 90 02 00 00 00 00 00 00 00 00 00 00 00 00 00 00        0    0     3000        0        0        0        0        0
   0.681801 CANFD   1 Rx        471                                   1 0 D 32 00 00 00 00 00 08 00 00 00 00 10 00 00 00 00 01 00 00 00 00 00 00 00 00 00 00 3F 00 FF E0 00 00        0    0     3000        0        0        0        0        0
   0.682165 CANFD   1 Rx        555                                   1 0 F 64 12 A5 00 01 00 00 00 00 E9 E9 EA EA 00 00 00 00 00 00 00 00 5A A5 5A A5 17 17 17 17 17 17 17 17 FB FA FA F9 FC F9 FB FB FA FA 17 00 00 00 00 00 00 00 00 00 00 00 00 00 00 00 13 87 00 FF FF FF        0    0     3000        0        0        0        0        0
   0.682277 CANFD   1 Rx        496                                   1 0 8  8 00 00 08 00 00 00 0D A8        0    0     3000        0        0        0        0        0
   0.682388 CANFD   1 Rx        2AB                                   1 0 8  8 BF 07 00 00 00 00 00 3C        0    0     3000        0        0        0        0        0
   0.682770 CANFD   1 Rx        5AA                                   1 0 F 64 00 00 0F A0 00 00 00 00 00 00 0F A0 00 00 04 00 00 00 00 00 10 00 FA 00 00 00 00 00 00 00 00 00 00 00 00 00 00 00 01 C0 00 00 00 01 10 00 00 00 00 00 00 00 A0 00 00 00 00 00 00 00 00 00 00 00        0    0     3000        0        0        0        0        0
   0.682928 CANFD   1 Rx        4D7                                   1 0 8  8 00 00 FF 00 00 00 00 00        0    0     3000        0        0        0        0        0
   0.683291 CANFD   1 Rx        4DE                                   1 0 D 32 00 00 00 00 00 00 F8 F8 00 00 00 00 00 00 00 00 00 FE 01 00 00 00 00 00 00 00 00 00 00 00 00 00        0    0     3000        0        0        0        0        0
   0.683597 CANFD   1 Rx        4E2                                   1 0 8  8 00 00 00 00 00 00 00 00        0    0     3000        0        0        0        0        0
   0.683714 CANFD   1 Rx        4E4                                   1 0 8  8 00 00 00 10 0D 00 00 10        0    0     3000        0        0        0        0        0
   0.683825 CANFD   1 Rx        48A                                   1 0 8  8 A6 08 00 00 00 7A 12 02        0    0     3000        0        0        0        0        0
   0.684911 CANFD   1 Rx        4F1                                   1 0 C 24 00 00 00 00 00 00 00 00 00 00 00 00 00 00 00 00 00 00 00 00 00 3E 00 00        0    0     3000        0        0        0        0        0
   0.685443 CANFD   1 Rx        510                                   1 0 8  8 1A 20 28 40 78 28 00 00        0    0     3000        0        0        0        0        0
   0.686729 CANFD   1 Rx        550                                   1 0 F 64 00 00 01 00 00 00 00 00 00 00 00 00 00 00 00 00 00 00 00 00 00 00 00 00 00 00 00 00 00 00 00 00 00 00 00 00 00 00 00 00 00 00 00 00 00 00 00 00 00 00 00 00 00 00 00 00 00 00 00 00 00 00 00 00        0    0     3000        0        0        0        0        0
   0.686985 CANFD   1 Rx         21                                   1 0 8  8 13 03 07 DA 00 00 00 00        0    0     3000        0        0        0        0        0
   0.687100 CANFD   1 Rx        2FF                                   1 0 8  8 00 00 00 00 00 00 00 00        0    0     3000        0        0        0        0        0
   0.688896 CANFD   1 Rx        5AD                                   1 0 E 48 00 00 00 00 00 00 00 00 00 00 00 00 00 00 00 00 00 00 00 00 00 00 00 00 00 00 00 00 00 00 00 00 00 00 00 00 00 00 00 00 00 00 00 00 00 00 00 00        0    0     3000        0        0        0        0        0
   0.690378 CANFD   1 Rx        102                                   1 0 E 48 6E 19 0F AB 4F F6 39 20 00 09 92 40 00 02 00 00 8A 09 A0 00 A0 00 00 00 47 09 A0 00 4E 20 01 00 D3 09 00 00 5E 00 00 AD 9F 09 64 00 93 4C A0 00        0    0     3000        0        0        0        0        0
   0.690489 CANFD   1 Rx        119                                   1 0 8  8 01 00 2C C9 BF 00 00 00        0    0     3000        0        0        0        0        0
   0.690785 CANFD   1 Rx        208                                   1 0 E 48 31 0C 00 00 00 0D 9C 40 1B 0C 00 00 00 12 12 FC E2 0C FC 15 15 14 02 00 3F 0C 00 00 00 00 00 02 54 0C 00 08 00 00 00 00 00 00 4E 20 4E 20 02 02        0    0     3000        0        0        0        0        0
   0.690934 CANFD   1 Rx        321                                   1 0 A 16 00 00 0B 32 71 10 00 00 00 00 00 00 00 00 00 00        0    0     3000        0        0        0        0        0
   0.691298 CANFD   1 Rx        555                                   1 0 F 64 12 A5 00 01 00 00 00 00 E9 E9 EA EA 00 00 00 00 00 00 00 00 5A A5 5A A5 17 17 17 17 17 17 17 17 FB FA FA F9 FC F9 FB FB FA FA 17 00 00 00 00 00 00 00 00 00 00 00 00 00 00 00 13 87 00 FF FF FF        0    0     3000        0        0        0        0        0
   0.691411 CANFD   1 Rx        181                                   1 0 8  8 AE 03 A0 00 00 00 03 E8        0    0     3000        0        0        0        0        0
   0.691521 CANFD   1 Rx        191                                   1 0 8  8 7C 03 8A 13 88 00 00 00        0    0     3000        0        0        0        0        0
   0.691633 CANFD   1 Rx        233                                   1 0 8  8 00 00 02 C4 00 00 00 00        0    0     3000        0        0        0        0        0
   0.691784 CANFD   1 Rx        171                                   1 0 A 16 CD 03 00 00 00 00 00 00 00 00 00 00 00 00 00 00        0    0     3000        0        0        0        0        0
   0.691896 CANFD   1 Rx        2B4                                   1 0 8  8 00 00 FE FE FE FE 00 00        0    0     3000        0        0        0        0        0
   0.692008 CANFD   1 Rx        524                                   1 0 8  8 FF FF FF FF FF FF FF FF        0    0     3000        0        0        0        0        0
   0.692164 CANFD   1 Rx        27E                                   1 0 A 16 CA 07 00 00 00 00 00 00 F3 07 00 03 C0 00 00 00        0    0     3000        0        0        0        0        0
   0.693826 CANFD   1 Rx        201                                   1 0 8  8 67 06 00 00 00 00 00 00        0    0     3000        0        0        0        0        0
   0.696431 CANFD   1 Rx         21                                   1 0 8  8 9D 04 07 DA 00 00 00 00        0    0     3000        0        0        0        0        0
   0.696755 CANFD   1 Rx        23B                                   1 0 8  8 FF 07 03 81 7F 00 00 00        0    0     3000        0        0        0        0        0
   0.697957 CANFD   1 Rx        436                                   1 0 8  8 24 00 02 00 02 00 00 00        0    0     3000        0        0        0        0        0
   0.698147 CANFD   1 Rx        467                                   1 0 C 24 00 09 00 00 00 02 00 00 13 09 00 00 0F 40 0D F0 00 00 00 00 00 00 00 00        0    0     3000        0        0        0        0        0
   0.698261 CANFD   1 Rx        403                                   1 0 8  8 00 09 00 00 01 00 00 00        0    0     3000        0        0        0        0        0
   0.698371 CANFD   1 Rx        477                                   1 0 8  8 97 09 0F 10 00 00 00 00        0    0     3000        0        0        0        0        0
   0.698754 CANFD   1 Rx        48C                                   1 0 F 64 00 09 00 00 00 00 00 00 00 09 00 00 00 00 00 00 00 09 00 00 00 00 00 00 00 00 16 00 00 00 00 00 00 00 00 00 00 00 00 00 00 00 00 00 00 00 00 00 00 00 00 00 00 00 00 00 00 00 00 00 00 00 00 00        0    0     3000        0        0        0        0        0
   0.699052 CANFD   1 Rx        49E                                   1 0 E 48 F0 09 00 00 00 00 00 00 00 09 00 11 0E 00 00 00 00 09 01 00 00 00 00 98 60 09 00 00 00 00 00 09 00 09 BB 80 00 00 16 00 00 09 00 00 00 00 00 00        0    0     3000        0        0        0        0        0
   0.699945 CANFD   1 Rx        284                                   1 0 8  8 00 00 64 00 00 00 00 00        0    0     3000        0        0        0        0        0
   0.700393 CANFD   1 Rx        102                                   1 0 E 48 89 1A 0F AB 4F F6 39 20 00 0A 92 40 00 02 00 00 6D 0A A0 00 A0 00 00 00 A0 0A A0 00 4E 20 01 00 34 0A 00 00 5E 00 00 AD 78 0A 64 00 93 4C A0 00        0    0     3000        0        0        0        0        0
   0.700504 CANFD   1 Rx        119                                   1 0 8  8 01 00 2C C9 BF 00 00 00        0    0     3000        0        0        0        0        0
   0.700793 CANFD   1 Rx        20B                                   1 0 E 48 7A 0C 9B F0 00 05 00 84 BC 0C FF E0 05 32 0B 31 2B 0C 01 90 16 40 00 00 00 0C 9B F0 32 64 32 32 7F 0C 99 00 00 00 23 A0 00 0C 00 12 CC F9 BA F7        0    0     3000        0        0        0        0        0
   0.700938 CANFD   1 Rx        32B                                   1 0 A 16 C4 08 14 0D 11 13 0D 06 00 08 30 00 1E F9 C4 00        0    0     3000        0        0        0        0        0
   0.701302 CANFD   1 Rx        555                                   1 0 F 64 12 A4 00 01 00 00 00 00 E9 E9 EA EA 00 00 00 00 00 00 00 00 5A A5 5A A5 17 17 17 17 17 17 17 17 FB FA FA F9 FC F9 FB FB FA FA 17 00 00 00 00 00 00 00 00 00 00 00 00 00 00 00 13 87 00 FF FF FF        0    0     3000        0        0        0        0        0
   0.701416 CANFD   1 Rx        181                                   1 0 8  8 20 04 A0 00 00 00 03 E8        0    0     3000        0        0        0        0        0
   0.701526 CANFD   1 Rx        191                                   1 0 8  8 F2 04 8A 13 88 00 00 00        0    0     3000        0        0        0        0        0
   0.701676 CANFD   1 Rx        171                                   1 0 A 16 43 04 00 00 00 00 00 00 00 00 00 00 00 00 00 00        0    0     3000        0        0        0        0        0
   0.701788 CANFD   1 Rx        2AB                                   1 0 8  8 E3 08 00 00 00 00 00 3C        0    0     3000        0        0        0        0        0
   0.701898 CANFD   1 Rx        52C                                   1 0 8  8 4B 05 36 B6 01 00 00 00        0    0     3000        0        0        0        0        0
   0.702128 CANFD   1 Rx        58C                                   1 0 D 32 00 20 00 00 00 00 00 00 00 00 00 00 00 00 00 00 00 00 00 00 00 00 00 00 00 00 00 00 00 00 00 00        0    0     3000        0        0        0        0        0
   0.702508 CANFD   1 Rx        5AC                                   1 0 F 64 00 00 00 00 00 00 00 00 00 00 00 00 80 00 00 00 00 00 00 00 00 00 00 00 40 00 00 00 00 00 00 00 00 00 00 00 00 00 00 00 00 00 00 00 00 00 00 03 D0 63 02 00 00 00 00 21 00 00 00 00 00 00 00 00        0    0     3000        0        0        0        0        0
   0.702993 CANFD   1 Rx        492                                   1 0 F 64 00 0A 00 00 00 00 5E 00 00 0A 00 00 00 00 00 00 00 0A 00 18 02 01 00 00 00 0A 00 03 C0 00 01 00 00 0A 00 00 00 00 B3 28 00 0A 00 80 00 00 00 00 00 00 00 00 00 00 00 00 00 00 00 00 00 00 00 00        0    0     3000        0        0        0        0        0
   0.706521 CANFD   1 Rx         21                                   1 0 8  8 C0 05 07 DA 00 00 00 00        0    0     3000        0        0        0        0        0
   0.706852 CANFD   1 Rx        35B                                   1 0 8  8 00 00 06 00 00 00 00 00        0    0     3000        0        0        0        0        0
   0.706983 CANFD   1 Rx        2FF                                   1 0 8  8 00 00 00 00 00 00 00 00        0    0     3000        0        0        0        0        0
   0.710375 CANFD   1 Rx        102                                   1 0 E 48 D4 1B 0F AB 4F F6 39 20 00 0B 92 40 00 02 00 00 30 0B A0 00 A0 00 00 00 FD 0B A0 00 4E 20 01 00 69 0B 00 00 5E 00 00 AD 25 0B 64 00 93 4C A0 00        0    0     3000        0        0        0        0        0
   0.710486 CANFD   1 Rx        119                                   1 0 8  8 01 00 2C C9 BF 00 00 00        0    0     3000        0        0        0        0        0
   0.710783 CANFD   1 Rx        208                                   1 0 E 48 6C 0D 00 00 00 0D 9C 40 46 0D 00 00 00 12 12 FC BF 0D FC 15 15 14 02 00 62 0D 00 00 00 00 00 02 09 0D 00 08 00 00 00 00 00 00 4E 20 4E 20 02 02        0    0     3000        0        0        0        0        0
   0.710998 CANFD   1 Rx        405                                   1 0 D 32 60 2B 00 98 10 C0 6F 79 35 C3 00 A6 01 D8 90 90 95 80 AE 00 14 10 F2 00 13 F7 B8 C0 10 10 14 13        0    0     3000        0        0        0        0        0
   0.711362 CANFD   1 Rx        555                                   1 0 F 64 12 A3 00 01 00 00 00 00 E9 E9 EA EA 00 00 00 00 00 00 00 00 5A A5 5A A5 17 17 17 17 17 17 17 17 FB FA FA F9 FC F9 FB FB FA FA 17 00 00 00 00 00 00 00 00 00 00 00 00 00 00 00 13 87 00 FF FF FF        0    0     3000        0        0        0        0        0
   0.711476 CANFD   1 Rx        181                                   1 0 8  8 7D 05 A0 00 00 00 03 E8        0    0     3000        0        0        0        0        0
   0.711586 CANFD   1 Rx        191                                   1 0 8  8 AF 05 8A 13 88 00 00 00        0    0     3000        0        0        0        0        0
   0.711698 CANFD   1 Rx        233                                   1 0 8  8 00 00 02 C4 00 00 00 00        0    0     3000        0        0        0        0        0
   0.711810 CANFD   1 Rx        2B4                                   1 0 8  8 00 00 FE FE FE FE 00 00        0    0     3000        0        0        0        0        0
   0.711960 CANFD   1 Rx        27E                                   1 0 A 16 96 08 00 00 00 00 00 00 AF 08 00 03 C0 00 00 00        0    0     3000        0        0        0        0        0
   0.712073 CANFD   1 Rx        414                                   1 0 8  8 00 00 14 01 00 00 00 95        0    0     3000        0        0        0        0        0
   0.712185 CANFD   1 Rx        476                                   1 0 8  8 00 00 00 00 00 02 D4 56        0    0     3000        0        0        0        0        0
   0.712298 CANFD   1 Rx        531                                   1 0 8  8 00 00 00 00 00 00 00 00        0    0     3000        0        0        0        0        0
   0.712410 CANFD   1 Rx        40A                                   1 0 8  8 56 0A 80 B2 48 00 01 00        0    0     3000        0        0        0        0        0
   0.712521 CANFD   1 Rx        4B4                                   1 0 8  8 D5 0B 7D 00 00 00 00 18        0    0     3000        0        0        0        0        0
   0.712632 CANFD   1 Rx        4B9                                   1 0 8  8 F0 0B 00 00 00 01 00 0B        0    0     3000        0        0        0        0        0
   0.712749 CANFD   1 Rx          0                                   1 0 8  8 00 00 00 00 00 00 00 00        0    0     3000        0        0        0        0        0
   0.712866 CANFD   1 Rx          0                                   1 0 8  8 00 00 00 00 00 00 00 00        0    0     3000        0        0        0        0        0
   0.712984 CANFD   1 Rx          0                                   1 0 8  8 00 00 00 00 00 00 00 00        0    0     3000        0        0        0        0        0
   0.713101 CANFD   1 Rx          0                                   1 0 8  8 00 00 00 00 00 00 00 00        0    0     3000        0        0        0        0        0
   0.713218 CANFD   1 Rx          0                                   1 0 8  8 00 00 00 00 00 00 00 00        0    0     3000        0        0        0        0        0
   0.713336 CANFD   1 Rx          0                                   1 0 8  8 00 00 00 00 00 00 00 00        0    0     3000        0        0        0        0        0
   0.713486 CANFD   1 Rx        171                                   1 0 A 16 1E 05 00 00 00 00 00 00 00 00 00 00 00 00 00 00        0    0     3000        0        0        0        0        0
   0.713637 CANFD   1 Rx        422                                   1 0 A 16 00 00 00 00 00 00 00 00 00 00 00 00 00 00 00 00        0    0     3000        0        0        0        0        0
   0.713788 CANFD   1 Rx        43E                                   1 0 A 16 57 0B 00 00 00 00 00 00 00 00 00 00 00 00 3E 80        0    0     3000        0        0        0        0        0
   0.713899 CANFD   1 Rx        494                                   1 0 8  8 00 00 2D 23 24 18 28 00        0    0     3000        0        0        0        0        0
   0.714094 CANFD   1 Rx        3DF                                   1 0 C 24 00 00 00 00 00 00 02 00 00 00 00 00 00 00 00 00 00 00 00 00 00 00 00 00        0    0     3000        0        0        0        0        0
   0.714208 CANFD   1 Rx        201                                   1 0 8  8 3A 07 00 00 00 00 00 00        0    0     3000        0        0        0        0        0
   0.714359 CANFD   1 Rx        4C3                                   1 0 A 16 00 00 3E 80 00 00 00 00 00 00 00 00 00 00 00 00        0    0     3000        0        0        0        0        0
   0.714587 CANFD   1 Rx        421                                   1 0 D 32 00 00 00 64 00 00 00 50 00 00 3E 83 E8 3E 83 E8 00 00 00 00 00 00 00 00 00 00 00 00 00 00 00 00        0    0     3000        0        0        0        0        0
   0.714968 CANFD   1 Rx        522                                   1 0 F 64 00 00 00 00 1D 80 00 00 00 00 00 00 00 00 00 00 00 00 07 FF 80 7D 00 20 00 00 00 80 00 00 3E 00 00 00 00 00 00 00 00 00 00 00 08 BD 00 00 00 00 00 00 00 00 00 00 00 00 00 00 00 00 00 00 00 00        0    0     3000        0        0        0        0        0
   0.715356 CANFD   1 Rx          0                                   1 0 F 64 00 00 00 00 00 00 00 00 00 00 00 00 00 00 00 00 00 00 00 00 00 00 00 00 00 00 00 00 00 00 00 00 00 00 00 00 00 00 00 00 00 00 00 00 00 00 00 00 00 00 00 00 00 00 00 00 00 00 00 00 00 00 00 00        0    0     3000        0        0        0        0        0
   0.715744 CANFD   1 Rx          0                                   1 0 F 64 00 00 00 00 00 00 00 00 00 00 00 00 00 00 00 00 00 00 00 00 00 00 00 00 00 00 00 00 00 00 00 00 00 00 00 00 00 00 00 00 00 00 00 00 00 00 00 00 00 00 00 00 00 00 00 00 00 00 00 00 00 00 00 00        0    0     3000        0        0        0        0        0
   0.716133 CANFD   1 Rx          0                                   1 0 F 64 00 00 00 00 00 00 00 00 00 00 00 00 00 00 00 00 00 00 00 00 00 00 00 00 00 00 00 00 00 00 00 00 00 00 00 00 00 00 00 00 00 00 00 00 00 00 00 00 00 00 00 00 00 00 00 00 00 00 00 00 00 00 00 00        0    0     3000        0        0        0        0        0
   0.716521 CANFD   1 Rx          0                                   1 0 F 64 00 00 00 00 00 00 00 00 00 00 00 00 00 00 00 00 00 00 00 00 00 00 00 00 00 00 00 00 00 00 00 00 00 00 00 00 00 00 00 00 00 00 00 00 00 00 00 00 00 00 00 00 00 00 00 00 00 00 00 00 00 00 00 00        0    0     3000        0        0        0        0        0
   0.716638 CANFD   1 Rx          0                                   1 0 8  8 00 00 00 00 00 00 00 00        0    0     3000        0        0        0        0        0
   0.716755 CANFD   1 Rx          0                                   1 0 8  8 00 00 00 00 00 00 00 00        0    0     3000        0        0        0        0        0
   0.716873 CANFD   1 Rx          0                                   1 0 8  8 00 00 00 00 00 00 00 00        0    0     3000        0        0        0        0        0
   0.716990 CANFD   1 Rx          0                                   1 0 8  8 00 00 00 00 00 00 00 00        0    0     3000        0        0        0        0        0
   0.717103 CANFD   1 Rx         21                                   1 0 8  8 4D 06 07 DB 00 00 00 00        0    0     3000        0        0        0        0        0
   0.717214 CANFD   1 Rx        23B                                   1 0 8  8 A3 08 03 81 7F 00 00 00        0    0     3000        0        0        0        0        0
   0.717329 CANFD   1 Rx        413                                   1 0 8  8 FF FF FF FF FF FF 00 00        0    0     3000        0        0        0        0        0
   0.717821 CANFD   1 Rx        4B2                                   1 0 8  8 00 00 21 00 00 02 08 00        0    0     3000        0        0        0        0        0
   0.717939 CANFD   1 Rx        4BD                                   1 0 8  8 00 00 00 27 00 00 00 00        0    0     3000        0        0        0        0        0
   0.718058 CANFD   1 Rx        4D9                                   1 0 8  8 00 00 00 00 00 00 40 00        0    0     3000        0        0        0        0        0
   0.719929 CANFD   1 Rx        284                                   1 0 8  8 00 00 64 00 00 00 00 00        0    0     3000        0        0        0        0        0
   0.720375 CANFD   1 Rx        102                                   1 0 E 48 5A 1C 0F AB 4F F6 39 20 00 0C 92 40 00 02 00 00 BE 0C A0 00 A0 00 00 00 73 0C A0 00 4E 20 01 00 E7 0C 00 00 5E 00 00 AD AB 0C 64 00 93 4C A0 00        0    0     3000        0        0        0        0        0
   0.720486 CANFD   1 Rx        119                                   1 0 8  8 01 00 2C C9 BF 00 00 00        0    0     3000        0        0        0        0        0
   0.720774 CANFD   1 Rx        20B                                   1 0 E 48 27 0D 9B F0 00 05 00 84 E1 0D FF E0 05 32 0B 31 76 0D 01 90 16 40 00 00 00 0D 9B F0 32 64 32 32 22 0D 99 00 00 00 23 A0 00 0D 00 12 CC F9 BA F7        0    0     3000        0        0        0        0        0
   0.721120 CANFD   1 Rx        33B                                   1 0 F 64 0D 08 0D 09 0D 08 0D 08 0D 08 0D 08 0D 08 0D 0A 0D 08 0D 08 0D 07 0D 07 0D 08 0D 07 0D 07 0D 09 0D 08 0D 07 0D 07 0D 08 0D 09 0D 08 0D 09 0D 08 0D 09 0D 0A 0D 08 0D 0C 0D 08 0D 0B 00 5B 1E FF        0    0     3000        0        0        0        0        0
   0.721233 CANFD   1 Rx        181                                   1 0 8  8 9A 06 A0 00 00 00 03 E8        0    0     3000        0        0        0        0        0
   0.721343 CANFD   1 Rx        191                                   1 0 8  8 48 06 8A 13 88 00 00 00        0    0     3000        0        0        0        0        0
   0.721494 CANFD   1 Rx        171                                   1 0 A 16 F9 06 00 00 00 00 00 00 00 00 00 00 00 00 00 00        0    0     3000        0        0        0        0        0
   0.721786 CANFD   1 Rx        40E                                   1 0 E 48 83 0A 00 B7 80 22 40 00 00 70 80 C3 50 92 40 04 00 00 13 34 00 01 1A C0 00 00 00 03 D8 47 2D 80 00 00 85 4D 03 E1 2A 00 00 00 78 FC E0 00 00 00        0    0     3000        0        0        0        0        0
   0.721898 CANFD   1 Rx        2AB                                   1 0 8  8 BE 09 00 00 00 00 00 3C        0    0     3000        0        0        0        0        0
   0.722282 CANFD   1 Rx        4FB                                   1 0 F 64 00 00 40 00 00 00 00 00 00 00 00 00 00 00 00 00 00 00 00 00 0F A0 0F A0 00 00 00 00 0F A0 00 00 00 00 0F A0 00 00 00 00 00 00 00 64 00 00 00 00 00 00 00 00 00 00 00 00 00 00 00 00 00 00 00 00        0    0     3000        0        0        0        0        0
   0.722645 CANFD   1 Rx        555                                   1 0 F 64 12 A4 00 01 00 00 00 00 E9 E9 EA EA 00 00 00 00 00 00 00 00 5A A5 5A A5 17 17 17 17 17 17 17 17 FB FA FA F9 FC F9 FB FB FA FA 17 00 00 00 00 00 00 00 00 00 00 00 00 00 00 00 13 87 00 FF FF FF        0    0     3000        0        0        0        0        0
   0.726509 CANFD   1 Rx         21                                   1 0 8  8 7A 07 07 DA 00 00 00 00        0    0     3000        0        0        0        0        0
   0.726884 CANFD   1 Rx        2FF                                   1 0 8  8 00 00 00 00 00 00 00 00        0    0     3000        0        0        0        0        0
   0.727295 CANFD   1 Rx        4CF                                   1 0 8  8 00 00 00 00 00 00 00 00        0    0     3000        0        0        0        0        0
   0.730377 CANFD   1 Rx        102                                   1 0 E 48 07 1D 0F AB 4F F6 39 20 00 0D 92 40 00 02 00 00 E3 0D A0 00 A0 00 00 00 2E 0D A0 00 4E 20 01 00 BA 0D 00 00 5E 00 00 AD F6 0D 64 00 93 4C A0 00        0    0     3000        0        0        0        0        0
   0.730488 CANFD   1 Rx        119                                   1 0 8  8 01 00 2C C9 BF 00 00 00        0    0     3000        0        0        0        0        0
   0.730782 CANFD   1 Rx        208                                   1 0 E 48 8B 0E 00 00 00 0D 9C 40 A1 0E 00 00 00 12 12 FC 58 0E FC 15 15 14 02 00 85 0E 00 00 00 00 00 02 EE 0E 00 08 00 00 00 00 00 00 4E 20 4E 20 02 02        0    0     3000        0        0        0        0        0
   0.731013 CANFD   1 Rx        40F                                   1 0 D 32 00 00 00 00 10 40 08 00 00 00 14 02 02 01 00 02 00 00 00 00 00 00 00 00 00 00 00 00 00 00 00 00        0    0     3000        0        0        0        0        0
   0.731376 CANFD   1 Rx        555                                   1 0 F 64 12 A4 00 01 00 00 00 00 E9 E9 EA EA 00 00 00 00 00 00 00 00 5A A5 5A A5 17 17 17 17 17 17 17 17 FB FA FA F9 FC F9 FB FB FA FA 17 00 00 00 00 00 00 00 00 00 00 00 00 00 00 00 13 87 00 FF FF FF        0    0     3000        0        0        0        0        0
   0.731490 CANFD   1 Rx        181                                   1 0 8  8 C7 07 A0 00 00 00 03 E8        0    0     3000        0        0        0        0        0
   0.731601 CANFD   1 Rx        191                                   1 0 8  8 15 07 8A 13 88 00 00 00        0    0     3000        0        0        0        0        0
   0.731713 CANFD   1 Rx        233                                   1 0 8  8 00 00 02 C4 00 00 00 00        0    0     3000        0        0        0        0        0
   0.731863 CANFD   1 Rx        171                                   1 0 A 16 A4 07 00 00 00 00 00 00 00 00 00 00 00 00 00 00        0    0     3000        0        0        0        0        0
   0.731975 CANFD   1 Rx        2B4                                   1 0 8  8 00 00 FE FE FE FE 00 00        0    0     3000        0        0        0        0        0
   0.732125 CANFD   1 Rx        27E                                   1 0 A 16 CB 09 00 00 00 00 00 00 F2 09 00 03 C0 00 00 00        0    0     3000        0        0        0        0        0
   0.733837 CANFD   1 Rx        201                                   1 0 8  8 66 08 00 00 00 00 00 00        0    0     3000        0        0        0        0        0
   0.736483 CANFD   1 Rx         21                                   1 0 8  8 26 08 07 DA 00 00 00 00        0    0     3000        0        0        0        0        0
   0.736674 CANFD   1 Rx        23B                                   1 0 8  8 FE 09 03 81 7F 00 00 00        0    0     3000        0        0        0        0        0
   0.739929 CANFD   1 Rx        284                                   1 0 8  8 00 00 64 00 00 00 00 00        0    0     3000        0        0        0        0        0
   0.740375 CANFD   1 Rx        102                                   1 0 E 48 E0 1E 0F AB 4F F6 39 20 00 0E 92 40 00 02 00 00 04 0E A0 00 A0 00 00 00 C9 0E A0 00 4E 20 01 00 5D 0E 00 00 5E 00 00 AD 11 0E 64 00 93 4C A0 00        0    0     3000        0        0        0        0        0
   0.740486 CANFD   1 Rx        119                                   1 0 8  8 01 00 2C C9 BF 00 00 00        0    0     3000        0        0        0        0        0
   0.740775 CANFD   1 Rx        20B                                   1 0 E 48 C0 0E 9B F0 00 05 00 84 06 0E FF E0 05 32 0B 31 91 0E 01 90 16 40 00 00 00 0E 9B F0 32 64 32 32 C5 0E 99 00 00 00 23 A0 00 0E 00 12 CC F9 BA F7        0    0     3000        0        0        0        0        0
   0.740924 CANFD   1 Rx        321                                   1 0 A 16 00 00 0B 32 71 10 00 00 00 00 00 00 00 00 00 00        0    0     3000        0        0        0        0        0
   0.741287 CANFD   1 Rx        555                                   1 0 F 64 12 A3 00 01 00 00 00 00 E9 E9 EA EA 00 00 00 00 00 00 00 00 5A A5 5A A5 17 17 17 17 17 17 17 17 FB FA FA F9 FC F9 FB FB FA FA 17 00 00 00 00 00 00 00 00 00 00 00 00 00 00 00 13 87 00 FF FF FF        0    0     3000        0        0        0        0        0
   0.741400 CANFD   1 Rx        181                                   1 0 8  8 9B 08 A0 00 00 00 03 E8        0    0     3000        0        0        0        0        0
   0.741509 CANFD   1 Rx        191                                   1 0 8  8 49 08 8A 13 88 00 00 00        0    0     3000        0        0        0        0        0
   0.741660 CANFD   1 Rx        171                                   1 0 A 16 F8 08 00 00 00 00 00 00 00 00 00 00 00 00 00 00        0    0     3000        0        0        0        0        0
   0.741771 CANFD   1 Rx        2AB                                   1 0 8  8 59 0A 00 00 00 00 00 3C        0    0     3000        0        0        0        0        0
   0.742001 CANFD   1 Rx        416                                   1 0 D 32 68 0A 00 00 00 00 00 00 68 0A 00 00 00 00 00 00 68 0A 00 00 00 00 00 00 00 00 00 00 00 00 00 00        0    0     3000        0        0        0        0        0
   0.742310 CANFD   1 Rx        4E0                                   1 0 E 48 E2 0B 00 00 00 40 00 07 00 0B 00 00 00 00 00 00 00 0B 00 00 00 00 03 04 B4 0B 00 00 00 00 00 00 00 00 00 00 00 00 10 01 00 00 00 00 00 00 00 00        0    0     3000        0        0        0        0        0
   0.742720 CANFD   1 Rx        4B7                                   1 0 F 64 00 0B 6B 00 00 48 48 00 00 0B 16 00 00 00 00 00 00 0B 00 00 00 16 EA E0 00 0B 08 00 00 00 00 00 00 0B 34 00 00 00 00 00 00 0B 00 00 00 00 00 00 00 0B 01 01 02 00 00 00 00 00 00 00 00 00 00 00        0    0     3000        0        0        0        0        0
   0.746601 CANFD   1 Rx         21                                   1 0 8  8 7B 09 07 DA 00 00 00 00        0    0     3000        0        0        0        0        0
   0.747000 CANFD   1 Rx        2FF                                   1 0 8  8 00 00 00 00 00 00 00 00        0    0     3000        0        0        0        0        0
   0.750389 CANFD   1 Rx        102                                   1 0 E 48 8B 10 0F AA 4F F6 39 20 00 00 92 40 00 02 00 00 05 00 A0 00 A0 00 00 00 C8 00 A0 00 4E 20 01 00 5C 00 00 00 5E 00 00 AD 10 00 64 00 93 4C A0 00        0    0     3000        0        0        0        0        0
   0.750500 CANFD   1 Rx        119                                   1 0 8  8 01 00 2C C9 BF 00 00 00        0    0     3000        0        0        0        0        0
   0.750799 CANFD   1 Rx        208                                   1 0 E 48 8A 00 00 00 00 0D 9C 40 A0 00 00 00 00 12 12 FC 59 00 FC 15 15 14 02 00 84 00 00 00 00 00 00 02 2D 00 00 04 00 00 00 00 00 00 4E 20 4E 20 02 02        0    0     3000        0        0        0        0        0
   0.750943 CANFD   1 Rx        32B                                   1 0 A 16 99 09 14 0D 11 13 0D 06 00 09 30 00 1E F9 C4 00        0    0     3000        0        0        0        0        0
   0.751095 CANFD   1 Rx        41F                                   1 0 A 16 00 0C 00 00 01 00 00 00 53 0C 00 00 00 00 5E 00        0    0     3000        0        0        0        0        0
   0.751209 CANFD   1 Rx        181                                   1 0 8  8 C6 09 A0 00 00 00 03 E8        0    0     3000        0        0        0        0        0
   0.751319 CANFD   1 Rx        191                                   1 0 8  8 14 09 8A 13 88 00 00 00        0    0     3000        0        0        0        0        0
   0.751431 CANFD   1 Rx        233                                   1 0 8  8 00 00 02 C4 00 00 00 00        0    0     3000        0        0        0        0        0
   0.751581 CANFD   1 Rx        171                                   1 0 A 16 A5 09 00 00 00 00 00 00 00 00 00 00 00 00 00 00        0    0     3000        0        0        0        0        0
   0.751945 CANFD   1 Rx        555                                   1 0 F 64 12 A4 00 01 00 00 00 00 E9 E9 EA EA 00 00 00 00 00 00 00 00 5A A5 5A A5 17 17 17 17 17 17 17 17 FB FA FA F9 FC F9 FB FB FA FA 17 00 00 00 00 00 00 00 00 00 00 00 00 00 00 00 13 87 00 FF FF FF        0    0     3000        0        0        0        0        0
   0.752057 CANFD   1 Rx        2B4                                   1 0 8  8 00 00 FE FE FE FE 00 00        0    0     3000        0        0        0        0        0
   0.752208 CANFD   1 Rx        27E                                   1 0 A 16 2C 0A 00 00 00 00 00 00 15 0A 00 03 C0 00 00 00        0    0     3000        0        0        0        0        0
   0.752665 CANFD   1 Rx        448                                   1 0 D 32 00 00 01 20 00 00 00 14 00 00 00 00 00 00 00 00 00 00 08 00 00 00 00 00 00 00 00 00 00 00 00 00        0    0     3000        0        0        0        0        0
   0.753290 CANFD   1 Rx        4A0                                   1 0 F 64 00 0B 23 1F 00 00 00 00 00 0B 28 06 0D 00 00 00 00 0B 00 01 01 09 00 00 00 0B 00 00 64 00 00 00 00 0B 1D 00 03 00 00 03 00 0B 00 00 1B 00 3C 0A 00 0B 04 00 00 00 00 00 00 0B F5 20 A5 20 A5 20        0    0     3000        0        0        0        0        0
   0.753842 CANFD   1 Rx        201                                   1 0 8  8 3B 09 00 00 00 00 00 00        0    0     3000        0        0        0        0        0
   0.756459 CANFD   1 Rx         21                                   1 0 8  8 9C 0A 07 DA 00 00 00 00        0    0     3000        0        0        0        0        0
   0.756828 CANFD   1 Rx        23B                                   1 0 8  8 19 0A 03 81 7F 00 00 00        0    0     3000        0        0        0        0        0
   0.756941 CANFD   1 Rx        35B                                   1 0 8  8 00 00 06 00 00 00 00 00        0    0     3000        0        0        0        0        0
   0.759928 CANFD   1 Rx        284                                   1 0 8  8 00 00 64 00 00 00 00 00        0    0     3000        0        0        0        0        0
   0.760384 CANFD   1 Rx        102                                   1 0 E 48 D6 11 0F AA 4F F6 39 20 00 01 92 40 00 02 00 00 58 01 A0 00 A0 00 00 00 95 01 A0 00 4E 20 01 00 01 01 00 00 5E 00 00 AD 4D 01 64 00 93 4C A0 00        0    0     3000        0        0        0        0        0
   0.760495 CANFD   1 Rx        119                                   1 0 8  8 01 00 2C C9 BF 00 00 00        0    0     3000        0        0        0        0        0
   0.760787 CANFD   1 Rx        20B                                   1 0 E 48 C1 00 9B F0 00 05 00 84 07 00 FF E0 05 32 0B 31 A0 00 01 90 16 60 00 00 00 00 9B F0 32 64 32 32 FF 00 98 E0 00 00 23 A0 00 00 00 12 CC F9 BA F7        0    0     3000        0        0        0        0        0
   0.760936 CANFD   1 Rx        4C8                                   1 0 A 16 00 00 14 0D 11 13 0D 06 00 00 30 00 00 00 00 00        0    0     3000        0        0        0        0        0
   0.761300 CANFD   1 Rx        555                                   1 0 F 64 12 A3 00 01 00 00 00 00 E9 E9 EA EA 00 00 00 00 00 00 00 00 5A A5 5A A5 17 17 17 17 17 17 17 17 FB FA FA F9 FC F9 FB FB FA FA 17 00 00 00 00 00 00 00 00 00 00 00 00 00 00 00 13 87 00 FF FF FF        0    0     3000        0        0        0        0        0
   0.761413 CANFD   1 Rx        181                                   1 0 8  8 21 0A A0 00 00 00 03 E8        0    0     3000        0        0        0        0        0
   0.761522 CANFD   1 Rx        191                                   1 0 8  8 F3 0A 8A 13 88 00 00 00        0    0     3000        0        0        0        0        0
   0.761639 CANFD   1 Rx          0                                   1 0 8  8 00 00 00 00 00 00 00 00        0    0     3000        0        0        0        0        0
   0.761757 CANFD   1 Rx          0                                   1 0 8  8 00 00 00 00 00 00 00 00        0    0     3000        0        0        0        0        0
   0.761874 CANFD   1 Rx          0                                   1 0 8  8 00 00 00 00 00 00 00 00        0    0     3000        0        0        0        0        0
   0.761991 CANFD   1 Rx          0                                   1 0 8  8 00 00 00 00 00 00 00 00        0    0     3000        0        0        0        0        0
   0.762109 CANFD   1 Rx          0                                   1 0 8  8 00 00 00 00 00 00 00 00        0    0     3000        0        0        0        0        0
   0.762226 CANFD   1 Rx          0                                   1 0 8  8 00 00 00 00 00 00 00 00        0    0     3000        0        0        0        0        0
   0.762376 CANFD   1 Rx        171                                   1 0 A 16 42 0A 00 00 00 00 00 00 00 00 00 00 00 00 00 00        0    0     3000        0        0        0        0        0
   0.762764 CANFD   1 Rx          0                                   1 0 F 64 00 00 00 00 00 00 00 00 00 00 00 00 00 00 00 00 00 00 00 00 00 00 00 00 00 00 00 00 00 00 00 00 00 00 00 00 00 00 00 00 00 00 00 00 00 00 00 00 00 00 00 00 00 00 00 00 00 00 00 00 00 00 00 00        0    0     3000        0        0        0        0        0
   0.763153 CANFD   1 Rx          0                                   1 0 F 64 00 00 00 00 00 00 00 00 00 00 00 00 00 00 00 00 00 00 00 00 00 00 00 00 00 00 00 00 00 00 00 00 00 00 00 00 00 00 00 00 00 00 00 00 00 00 00 00 00 00 00 00 00 00 00 00 00 00 00 00 00 00 00 00        0    0     3000        0        0        0        0        0
   0.763541 CANFD   1 Rx          0                                   1 0 F 64 00 00 00 00 00 00 00 00 00 00 00 00 00 00 00 00 00 00 00 00 00 00 00 00 00 00 00 00 00 00 00 00 00 00 00 00 00 00 00 00 00 00 00 00 00 00 00 00 00 00 00 00 00 00 00 00 00 00 00 00 00 00 00 00        0    0     3000        0        0        0        0        0
   0.763929 CANFD   1 Rx          0                                   1 0 F 64 00 00 00 00 00 00 00 00 00 00 00 00 00 00 00 00 00 00 00 00 00 00 00 00 00 00 00 00 00 00 00 00 00 00 00 00 00 00 00 00 00 00 00 00 00 00 00 00 00 00 00 00 00 00 00 00 00 00 00 00 00 00 00 00        0    0     3000        0        0        0        0        0
   0.764047 CANFD   1 Rx          0                                   1 0 8  8 00 00 00 00 00 00 00 00        0    0     3000        0        0        0        0        0
   0.764164 CANFD   1 Rx          0                                   1 0 8  8 00 00 00 00 00 00 00 00        0    0     3000        0        0        0        0        0
   0.764281 CANFD   1 Rx          0                                   1 0 8  8 00 00 00 00 00 00 00 00        0    0     3000        0        0        0        0        0
   0.764398 CANFD   1 Rx          0                                   1 0 8  8 00 00 00 00 00 00 00 00        0    0     3000        0        0        0        0        0
   0.764511 CANFD   1 Rx        462                                   1 0 8  8 00 00 00 04 00 00 0A 00        0    0     3000        0        0        0        0        0
   0.764623 CANFD   1 Rx        2AB                                   1 0 8  8 04 0B 00 00 00 00 00 3C        0    0     3000        0        0        0        0        0
   0.764817 CANFD   1 Rx        3DF                                   1 0 C 24 00 00 00 00 00 00 02 00 00 00 00 00 00 00 00 00 00 00 00 00 00 00 00 00        0    0     3000        0        0        0        0        0
   0.766494 CANFD   1 Rx         21                                   1 0 8  8 AB 0B 07 DB 00 00 00 00        0    0     3000        0        0        0        0        0
   0.766812 CANFD   1 Rx        49D                                   1 0 8  8 FD 0B 80 00 00 00 00 00        0    0     3000        0        0        0        0        0
   0.766933 CANFD   1 Rx        2FF                                   1 0 8  8 00 00 00 00 00 00 00 00        0    0     3000        0        0        0        0        0
   0.769897 CANFD   1 Rx        457                                   1 0 A 16 00 00 00 00 13 00 11 11 00 00 00 08 00 13 00 08        0    0     3000        0        0        0        0        0
   0.770376 CANFD   1 Rx        102                                   1 0 E 48 31 12 0F AA 4F F6 39 20 00 02 92 40 00 02 00 00 BF 02 A0 00 A0 00 00 00 72 02 A0 00 4E 20 01 00 E6 02 00 00 5E 00 00 AD AA 02 64 00 93 4C A0 00        0    0     3000        0        0        0        0        0
   0.770488 CANFD   1 Rx        119                                   1 0 8  8 01 00 2C C9 BF 00 00 00        0    0     3000        0        0        0        0        0
   0.770785 CANFD   1 Rx        208                                   1 0 E 48 D7 01 00 00 00 0D 9C 40 FD 01 00 00 00 12 12 FC 04 01 FC 15 15 14 02 00 D9 01 00 00 00 00 00 02 70 01 00 04 00 00 00 00 00 00 4E 20 4E 20 02 02        0    0     3000        0        0        0        0        0
   0.771131 CANFD   1 Rx        33B                                   1 0 F 64 0D 09 0D 09 0D 09 0D 08 0D 07 0D 08 0D 08 0D 07 0D 07 0D 0D 0D 08 0D 08 0D 09 0D 08 0D 09 0D 08 0D 08 0D 07 0D 06 0D 11 0D 09 0D 07 0D 06 0D 07 0D 07 0D 09 0D 08 0D 11 0D 08 0D 08 00 01 1E FF        0    0     3000        0        0        0        0        0
   0.771245 CANFD   1 Rx        181                                   1 0 8  8 7C 0B A0 00 00 00 03 E8        0    0     3000        0        0        0        0        0
   0.771354 CANFD   1 Rx        191                                   1 0 8  8 AE 0B 8A 13 88 00 00 00        0    0     3000        0        0        0        0        0
   0.771467 CANFD   1 Rx        233                                   1 0 8  8 00 00 02 C4 00 00 00 00        0    0     3000        0        0        0        0        0
   0.771618 CANFD   1 Rx        171                                   1 0 A 16 1F 0B 00 00 00 00 00 00 00 00 00 00 00 00 00 00        0    0     3000        0        0        0        0        0
   0.771963 CANFD   1 Rx        4CE                                   1 0 F 64 0D 09 0D 09 0D 08 0D 0C 0D 09 0D 09 0D 09 0D 0A 0D 08 0D 08 0D 0A 0D 08 0D 08 0D 08 0D 08 0D 09 0D 07 0D 0A 0D 08 0D 08 0D 09 0D 08 0D 08 0D 07 0D 08 0D 09 0D 0A 0D 08 0D 07 0D 09 00 3D 1E FF        0    0     3000        0        0        0        0        0
   0.772075 CANFD   1 Rx        2B4                                   1 0 8  8 00 00 FE FE FE FE 00 00        0    0     3000        0        0        0        0        0
   0.772224 CANFD   1 Rx        27E                                   1 0 A 16 71 0B 00 00 00 00 00 00 48 0B 00 03 C0 00 00 00        0    0     3000        0        0        0        0        0
   0.772588 CANFD   1 Rx        555                                   1 0 F 64 12 A5 00 01 00 00 00 00 E9 E9 EA EA 00 00 00 00 00 00 00 00 5A A5 5A A5 17 17 17 17 17 17 17 17 FB FA FA F9 FC F9 FB FB FA FA 17 00 00 00 00 00 00 00 00 00 00 00 00 00 00 00 13 87 00 FF FF FF        0    0     3000        0        0        0        0        0
   0.773840 CANFD   1 Rx        201                                   1 0 8  8 DC 0A 00 00 00 00 00 00        0    0     3000        0        0        0        0        0
   0.776481 CANFD   1 Rx         21                                   1 0 8  8 25 0C 07 DB 00 00 00 00        0    0     3000        0        0        0        0        0
   0.776664 CANFD   1 Rx        23B                                   1 0 8  8 44 0B 03 81 7F 00 00 00        0    0     3000        0        0        0        0        0
   0.776925 CANFD   1 Rx        40B                                   1 0 8  8 00 00 00 00 00 00 00 00        0    0     3000        0        0        0        0        0
   0.779898 CANFD   1 Rx        478                                   1 0 8  8 00 00 C0 00 00 00 00 00        0    0     3000        0        0        0        0        0
   0.780137 CANFD   1 Rx        284                                   1 0 8  8 00 00 64 00 00 00 00 00        0    0     3000        0        0        0        0        0
   0.780429 CANFD   1 Rx        102                                   1 0 E 48 6C 13 0F AA 4F F6 39 20 00 03 92 40 00 02 00 00 E2 03 A0 00 A0 00 00 00 2F 03 A0 00 4E 20 01 00 BB 03 00 00 5E 00 00 AD F7 03 64 00 93 4C A0 00        0    0     3000        0        0        0        0        0
   0.780540 CANFD   1 Rx        119                                   1 0 8  8 01 00 2C C9 BF 00 00 00        0    0     3000        0        0        0        0        0
   0.780830 CANFD   1 Rx        20B                                   1 0 E 48 9C 01 9B F0 00 05 00 84 5A 01 FF E0 05 32 0B 31 FD 01 01 90 16 60 00 00 00 01 9B F0 32 64 32 32 99 01 99 00 00 00 23 A0 00 01 00 12 CC F9 BA F0        0    0     3000        0        0        0        0        0
   0.781207 CANFD   1 Rx        411                                   1 0 F 64 00 00 00 00 00 00 00 00 00 00 00 0C 40 00 03 EF 00 00 00 00 0F A4 00 00 00 00 27 10 01 EF 27 10 00 00 00 00 27 10 00 00 00 00 9C 40 00 00 00 00 00 00 00 00 00 00 00 00 00 00 C3 46 00 00 00 00        0    0     3000        0        0        0        0        0
   0.781320 CANFD   1 Rx        181                                   1 0 8  8 F2 0C A0 00 00 00 03 E8        0    0     3000        0        0        0        0        0
   0.781430 CANFD   1 Rx        191                                   1 0 8  8 20 0C 8A 13 88 00 00 00        0    0     3000        0        0        0        0        0
   0.781580 CANFD   1 Rx        171                                   1 0 A 16 91 0C 00 00 00 00 00 00 00 00 00 00 00 00 00 00        0    0     3000        0        0        0        0        0
   0.781809 CANFD   1 Rx        471                                   1 0 D 32 00 00 00 00 00 08 00 00 00 00 10 00 00 00 00 01 00 00 00 00 00 00 00 00 00 00 3F 00 FF E0 00 00        0    0     3000        0        0        0        0        0
   0.781921 CANFD   1 Rx        496                                   1 0 8  8 00 00 08 00 00 00 0D A8        0    0     3000        0        0        0        0        0
   0.782032 CANFD   1 Rx        2AB                                   1 0 8  8 8A 0C 00 00 00 00 00 3C        0    0     3000        0        0        0        0        0
   0.782396 CANFD   1 Rx        555                                   1 0 F 64 12 A6 00 01 00 00 00 00 E9 E9 EA EA 00 00 00 00 00 00 00 00 5A A5 5A A5 17 17 17 17 17 17 17 17 FB FA FA F9 FC F9 FB FB FA FA 17 00 00 00 00 00 00 00 00 00 00 00 00 00 00 00 13 87 00 FF FF FF        0    0     3000        0        0        0        0        0
   0.782642 CANFD   1 Rx        60E                                   0 0 8  8 0E 00 08 00 00 20 00 00        0    0   200000        0        0        0        0        0
   0.782814 CANFD   1 Rx        4D7                                   1 0 8  8 00 00 FF 00 00 00 00 00        0    0     3000        0        0        0        0        0
   0.783172 CANFD   1 Rx        4DE                                   1 0 D 32 00 00 00 00 00 00 F8 F8 00 00 00 00 00 00 00 00 00 FE 01 00 00 00 00 00 00 00 00 00 00 00 00 00        0    0     3000        0        0        0        0        0
   0.783457 CANFD   1 Rx        4E2                                   1 0 8  8 00 00 00 00 00 00 00 00        0    0     3000        0        0        0        0        0
   0.783591 CANFD   1 Rx        4E4                                   1 0 8  8 00 00 00 10 0D 00 00 10        0    0     3000        0        0        0        0        0
   0.783701 CANFD   1 Rx        48A                                   1 0 8  8 FB 09 00 00 00 7A 12 02        0    0     3000        0        0        0        0        0
   0.784798 CANFD   1 Rx        4F1                                   1 0 C 24 00 00 00 00 00 00 00 00 00 00 00 00 00 00 00 00 00 00 00 00 00 3E 00 00        0    0     3000        0        0        0        0        0
   0.785992 CANFD   1 Rx        550                                   1 0 F 64 00 00 01 00 00 00 00 00 00 00 00 00 00 00 00 00 00 00 00 00 00 00 00 00 00 00 00 00 00 00 00 00 00 00 00 00 00 00 00 00 00 00 00 00 00 00 00 00 00 00 00 00 00 00 00 00 00 00 00 00 00 00 00 00        0    0     3000        0        0        0        0        0
   0.786853 CANFD   1 Rx         21                                   1 0 8  8 12 0D 07 DA 00 00 00 00        0    0     3000        0        0        0        0        0
   0.787041 CANFD   1 Rx        2FF                                   1 0 8  8 00 00 00 00 00 00 00 00        0    0     3000        0        0        0        0        0
   0.790376 CANFD   1 Rx        102                                   1 0 E 48 E2 14 0F AA 4F F6 39 20 00 04 92 40 00 02 00 00 6C 04 A0 00 A0 00 00 00 A1 04 A0 00 4E 20 01 00 35 04 00 00 5E 00 00 AD 79 04 64 00 93 4C A0 00        0    0     3000        0        0        0        0        0
   0.790487 CANFD   1 Rx        119                                   1 0 8  8 01 00 2C C9 BF 00 00 00        0    0     3000        0        0        0        0        0
   0.790785 CANFD   1 Rx        208                                   1 0 E 48 30 02 00 00 00 0D 9C 40 1A 02 00 00 00 12 12 FC E3 02 FC 15 15 14 02 00 3E 02 00 00 00 00 00 02 97 02 00 04 00 00 00 00 00 00 4E 20 4E 20 02 02        0    0     3000        0        0        0        0        0
   0.790934 CANFD   1 Rx        321                                   1 0 A 16 00 00 0B 32 71 10 00 00 00 00 00 00 00 00 00 00        0    0     3000        0        0        0        0        0
   0.791297 CANFD   1 Rx        555                                   1 0 F 64 12 A4 00 01 00 00 00 00 E9 E9 EA EA 00 00 00 00 00 00 00 00 5A A5 5A A5 17 17 17 17 17 17 17 17 FB FA FA F9 FC F9 FB FB FA FA 17 00 00 00 00 00 00 00 00 00 00 00 00 00 00 00 13 87 00 FF FF FF        0    0     3000        0        0        0        0        0
   0.791410 CANFD   1 Rx        181                                   1 0 8  8 AF 0D A0 00 00 00 03 E8        0    0     3000        0        0        0        0        0
   0.791520 CANFD   1 Rx        191                                   1 0 8  8 7D 0D 8A 13 88 00 00 00        0    0     3000        0        0        0        0        0
   0.791632 CANFD   1 Rx        233                                   1 0 8  8 00 00 02 C4 00 00 00 00        0    0     3000        0        0        0        0        0
   0.791782 CANFD   1 Rx        171                                   1 0 A 16 CC 0D 00 00 00 00 00 00 00 00 00 00 00 00 00 00        0    0     3000        0        0        0        0        0
   0.791894 CANFD   1 Rx        2B4                                   1 0 8  8 00 00 FE FE FE FE 00 00        0    0     3000        0        0        0        0        0
   0.792051 CANFD   1 Rx        27E                                   1 0 A 16 FF 0C 00 00 00 00 00 00 C6 0C 00 03 C0 00 00 00        0    0     3000        0        0        0        0        0
   0.793823 CANFD   1 Rx        201                                   1 0 8  8 81 0B 00 00 00 00 00 00        0    0     3000        0        0        0        0        0
   0.796496 CANFD   1 Rx         21                                   1 0 8  8 F5 0E 07 DA 00 00 00 00        0    0     3000        0        0        0        0        0
   0.796681 CANFD   1 Rx        23B                                   1 0 8  8 CA 0C 03 81 7F 00 00 00        0    0     3000        0        0        0        0        0
   0.797728 CANFD   1 Rx        467                                   1 0 C 24 00 0A 00 00 00 02 00 00 F4 0A 00 00 0F 40 0D F0 00 00 00 00 00 00 00 00        0    0     3000        0        0        0        0        0
   0.797842 CANFD   1 Rx        403                                   1 0 8  8 00 0A 00 00 01 00 00 00        0    0     3000        0        0        0        0        0
   0.797954 CANFD   1 Rx        477                                   1 0 8  8 70 0A 0F 10 00 00 00 00        0    0     3000        0        0        0        0        0
   0.798336 CANFD   1 Rx        48C                                   1 0 F 64 00 0A 00 00 00 00 00 00 00 0A 00 00 00 00 00 00 00 0A 00 00 00 00 00 00 00 00 16 00 00 00 00 00 00 00 00 00 00 00 00 00 00 00 00 00 00 00 00 00 00 00 00 00 00 00 00 00 00 00 00 00 00 00 00 00        0    0     3000        0        0        0        0        0
   0.798634 CANFD   1 Rx        49E                                   1 0 E 48 17 0A 00 00 00 00 00 00 00 0A 00 11 0E 00 00 00 00 0A 01 00 00 00 00 98 87 0A 00 00 00 00 00 09 00 0A BB 80 00 00 16 00 00 0A 00 00 00 00 00 00        0    0     3000        0        0        0        0        0
   0.799937 CANFD   1 Rx        284                                   1 0 8  8 00 00 64 00 00 00 00 00        0    0     3000        0        0        0        0        0
   0.800376 CANFD   1 Rx        102                                   1 0 E 48 BF 15 0F AA 4F F6 39 20 00 05 92 40 00 02 00 00 31 05 A0 00 A0 00 00 00 FC 05 A0 00 4E 20 01 00 68 05 00 00 5E 00 00 AD 24 05 64 00 93 4C A0 00        0    0     3000        0        0        0        0        0
   0.800487 CANFD   1 Rx        119                                   1 0 8  8 01 00 2C C9 BF 00 00 00        0    0     3000        0        0        0        0        0
   0.800777 CANFD   1 Rx        20B                                   1 0 E 48 7B 02 9B F0 00 05 00 84 BD 02 FF E0 05 32 0B 31 1A 02 01 90 16 60 00 00 00 02 9B F0 32 64 32 32 7E 02 99 00 00 00 23 A0 00 02 00 12 CC F9 BA F0        0    0     3000        0        0        0        0        0
   0.800921 CANFD   1 Rx        32B                                   1 0 A 16 7E 0A 14 0D 11 13 0D 06 00 0A 30 00 1E F9 C4 00        0    0     3000        0        0        0        0        0
   0.801285 CANFD   1 Rx        555                                   1 0 F 64 12 A5 00 01 00 00 00 00 E9 E9 EA EA 00 00 00 00 00 00 00 00 5A A5 5A A5 17 17 17 17 17 17 17 17 FB FA FA F9 FC F9 FB FB FA FA 17 00 00 00 00 00 00 00 00 00 00 00 00 00 00 00 13 87 00 FF FF FF        0    0     3000        0        0        0        0        0
   0.801398 CANFD   1 Rx        181                                   1 0 8  8 48 0E A0 00 00 00 03 E8        0    0     3000        0        0        0        0        0
   0.801508 CANFD   1 Rx        191                                   1 0 8  8 9A 0E 8A 13 88 00 00 00        0    0     3000        0        0        0        0        0
   0.801658 CANFD   1 Rx        171                                   1 0 A 16 2B 0E 00 00 00 00 00 00 00 00 00 00 00 00 00 00        0    0     3000        0        0        0        0        0
   0.801769 CANFD   1 Rx        2AB                                   1 0 8  8 D7 0D 00 00 00 00 00 3C        0    0     3000        0        0        0        0        0
   0.802909 CANFD   1 Rx        492                                   1 0 F 64 00 0B 00 00 00 00 5E 00 00 0B 00 00 00 00 00 00 00 0B 00 18 02 01 00 00 00 0B 00 03 C0 00 01 00 00 0B 00 00 00 00 B4 28 00 0B 00 80 00 00 00 00 00 00 00 00 00 00 00 00 00 00 00 00 00 00 00 00        0    0     3000        0        0        0        0        0
   0.804441 CANFD   1 Rx        436                                   1 0 8  8 24 00 02 00 02 00 00 00        0    0     3000        0        0        0        0        0
   0.806461 CANFD   1 Rx         21                                   1 0 8  8 F4 00 07 DA 00 00 00 00        0    0     3000        0        0        0        0        0
   0.806906 CANFD   1 Rx        35B                                   1 0 8  8 00 00 06 00 00 00 00 00        0    0     3000        0        0        0        0        0
   0.807043 CANFD   1 Rx        2FF                                   1 0 8  8 00 00 00 00 00 00 00 00        0    0     3000        0        0        0        0        0
   0.810377 CANFD   1 Rx        102                                   1 0 E 48 E6 16 0F A9 4F F6 39 20 00 06 92 40 00 02 00 00 D6 06 A0 00 A0 00 00 00 1B 06 A0 00 4E 20 01 00 8F 06 00 00 5E 00 00 AD C3 06 64 00 93 4C A0 00        0    0     3000        0        0        0        0        0
   0.810488 CANFD   1 Rx        119                                   1 0 8  8 01 00 2C C9 BF 00 00 00        0    0     3000        0        0        0        0        0
   0.810786 CANFD   1 Rx        208                                   1 0 E 48 6D 03 00 00 00 0D 9C 40 47 03 00 00 00 12 12 FC BE 03 FC 15 15 14 02 00 63 03 00 00 00 00 00 02 7F 03 00 00 00 00 00 00 00 00 4E 20 4E 20 02 02        0    0     3000        0        0        0        0        0
   0.811002 CANFD   1 Rx        405                                   1 0 D 32 60 2B 00 D8 10 C0 6F 79 35 BB 00 96 01 B8 90 90 95 80 B6 00 14 10 F2 00 13 F7 B8 C0 10 10 14 13        0    0     3000        0        0        0        0        0
   0.811365 CANFD   1 Rx        555                                   1 0 F 64 12 A5 00 01 00 00 00 00 E9 E9 EA EA 00 00 00 00 00 00 00 00 5A A5 5A A5 17 17 17 17 17 17 17 17 FB FA FA F9 FC F9 FB FB FA FA 17 00 00 00 00 00 00 00 00 00 00 00 00 00 00 00 13 87 00 FF FF FF        0    0     3000        0        0        0        0        0
   0.811479 CANFD   1 Rx        181                                   1 0 8  8 49 00 A0 00 00 00 03 E8        0    0     3000        0        0        0        0        0
   0.811588 CANFD   1 Rx        191                                   1 0 8  8 9B 00 8A 13 88 00 00 00        0    0     3000        0        0        0        0        0
   0.811701 CANFD   1 Rx        233                                   1 0 8  8 00 00 02 C4 00 00 00 00        0    0     3000        0        0        0        0        0
   0.811814 CANFD   1 Rx        414                                   1 0 8  8 00 00 14 01 00 00 00 95        0    0     3000        0        0        0        0        0
   0.811926 CANFD   1 Rx        2B4                                   1 0 8  8 00 00 FE FE FE FE 00 00        0    0     3000        0        0        0        0        0
   0.812075 CANFD   1 Rx        27E                                   1 0 A 16 A2 0D 00 00 00 00 00 00 9B 0D 00 03 C0 00 00 00        0    0     3000        0        0        0        0        0
   0.812186 CANFD   1 Rx        476                                   1 0 8  8 00 00 00 00 00 02 D4 56        0    0     3000        0        0        0        0        0
   0.812300 CANFD   1 Rx        531                                   1 0 8  8 00 00 00 00 00 00 00 00        0    0     3000        0        0        0        0        0
   0.812411 CANFD   1 Rx        40A                                   1 0 8  8 0B 0B 80 B2 48 00 01 00        0    0     3000        0        0        0        0        0
   0.812522 CANFD   1 Rx        4B4                                   1 0 8  8 5B 0C 7D 00 00 00 00 18        0    0     3000        0        0        0        0        0
   0.812634 CANFD   1 Rx        4B9                                   1 0 8  8 7E 0C 00 00 00 01 00 0B        0    0     3000        0        0        0        0        0
   0.812751 CANFD   1 Rx          0                                   1 0 8  8 00 00 00 00 00 00 00 00        0    0     3000        0        0        0        0        0
   0.812869 CANFD   1 Rx          0                                   1 0 8  8 00 00 00 00 00 00 00 00        0    0     3000        0        0        0        0        0
   0.812986 CANFD   1 Rx          0                                   1 0 8  8 00 00 00 00 00 00 00 00        0    0     3000        0        0        0        0        0
   0.813103 CANFD   1 Rx          0                                   1 0 8  8 00 00 00 00 00 00 00 00        0    0     3000        0        0        0        0        0
   0.813221 CANFD   1 Rx          0                                   1 0 8  8 00 00 00 00 00 00 00 00        0    0     3000        0        0        0        0        0
   0.813338 CANFD   1 Rx          0                                   1 0 8  8 00 00 00 00 00 00 00 00        0    0     3000        0        0        0        0        0
   0.813489 CANFD   1 Rx        171                                   1 0 A 16 2A 00 00 00 00 00 00 00 00 00 00 00 00 00 00 00        0    0     3000        0        0        0        0        0
   0.813640 CANFD   1 Rx        422                                   1 0 A 16 00 00 00 00 00 00 00 00 00 00 00 00 00 00 00 00        0    0     3000        0        0        0        0        0
   0.813792 CANFD   1 Rx        43E                                   1 0 A 16 D9 0C 00 00 00 00 00 00 00 00 00 00 00 00 3E 80        0    0     3000        0        0        0        0        0
   0.813903 CANFD   1 Rx        494                                   1 0 8  8 00 00 2D 23 24 18 28 00        0    0     3000        0        0        0        0        0
   0.814097 CANFD   1 Rx        3DF                                   1 0 C 24 00 00 00 00 00 00 02 00 00 00 00 00 00 00 00 00 00 00 00 00 00 00 00 00        0    0     3000        0        0        0        0        0
   0.814211 CANFD   1 Rx        201                                   1 0 8  8 0F 0C 00 00 00 00 00 00        0    0     3000        0        0        0        0        0
   0.814361 CANFD   1 Rx        4C3                                   1 0 A 16 00 00 3E 80 00 00 00 00 00 00 00 00 00 00 00 00        0    0     3000        0        0        0        0        0
   0.814590 CANFD   1 Rx        421                                   1 0 D 32 00 00 00 64 00 00 00 50 00 00 3E 83 E8 3E 83 E8 00 00 00 00 00 00 00 00 00 00 00 00 00 00 00 00        0    0     3000        0        0        0        0        0
   0.814970 CANFD   1 Rx        522                                   1 0 F 64 00 00 00 00 1D 80 00 00 00 00 00 00 00 00 00 00 00 00 07 FF 80 7D 00 20 00 00 00 80 00 00 3E 00 00 00 00 00 00 00 00 00 00 00 08 BD 00 00 00 00 00 00 00 00 00 00 00 00 00 00 00 00 00 00 00 00        0    0     3000        0        0        0        0        0
   0.815359 CANFD   1 Rx          0                                   1 0 F 64 00 00 00 00 00 00 00 00 00 00 00 00 00 00 00 00 00 00 00 00 00 00 00 00 00 00 00 00 00 00 00 00 00 00 00 00 00 00 00 00 00 00 00 00 00 00 00 00 00 00 00 00 00 00 00 00 00 00 00 00 00 00 00 00        0    0     3000        0        0        0        0        0
   0.815747 CANFD   1 Rx          0                                   1 0 F 64 00 00 00 00 00 00 00 00 00 00 00 00 00 00 00 00 00 00 00 00 00 00 00 00 00 00 00 00 00 00 00 00 00 00 00 00 00 00 00 00 00 00 00 00 00 00 00 00 00 00 00 00 00 00 00 00 00 00 00 00 00 00 00 00        0    0     3000        0        0        0        0        0
   0.816135 CANFD   1 Rx          0                                   1 0 F 64 00 00 00 00 00 00 00 00 00 00 00 00 00 00 00 00 00 00 00 00 00 00 00 00 00 00 00 00 00 00 00 00 00 00 00 00 00 00 00 00 00 00 00 00 00 00 00 00 00 00 00 00 00 00 00 00 00 00 00 00 00 00 00 00        0    0     3000        0        0        0        0        0
   0.816524 CANFD   1 Rx          0                                   1 0 F 64 00 00 00 00 00 00 00 00 00 00 00 00 00 00 00 00 00 00 00 00 00 00 00 00 00 00 00 00 00 00 00 00 00 00 00 00 00 00 00 00 00 00 00 00 00 00 00 00 00 00 00 00 00 00 00 00 00 00 00 00 00 00 00 00        0    0     3000        0        0        0        0        0
   0.816641 CANFD   1 Rx          0                                   1 0 8  8 00 00 00 00 00 00 00 00        0    0     3000        0        0        0        0        0
   0.816758 CANFD   1 Rx          0                                   1 0 8  8 00 00 00 00 00 00 00 00        0    0     3000        0        0        0        0        0
   0.816875 CANFD   1 Rx          0                                   1 0 8  8 00 00 00 00 00 00 00 00        0    0     3000        0        0        0        0        0
   0.816993 CANFD   1 Rx          0                                   1 0 8  8 00 00 00 00 00 00 00 00        0    0     3000        0        0        0        0        0
   0.817106 CANFD   1 Rx         21                                   1 0 8  8 A9 01 07 DA 00 00 00 00        0    0     3000        0        0        0        0        0
   0.817216 CANFD   1 Rx        23B                                   1 0 8  8 97 0D 03 81 7F 00 00 00        0    0     3000        0        0        0        0        0
   0.817331 CANFD   1 Rx        413                                   1 0 8  8 FF FF FF FF FF FF 00 00        0    0     3000        0        0        0        0        0
   0.817836 CANFD   1 Rx        4B2                                   1 0 8  8 00 00 21 00 00 02 08 00        0    0     3000        0        0        0        0        0
   0.817954 CANFD   1 Rx        4BD                                   1 0 8  8 00 00 00 27 00 00 00 00        0    0     3000        0        0        0        0        0
   0.818073 CANFD   1 Rx        4D9                                   1 0 8  8 00 00 00 00 00 00 40 00        0    0     3000        0        0        0        0        0
   0.819928 CANFD   1 Rx        284                                   1 0 8  8 00 00 64 00 00 00 00 00        0    0     3000        0        0        0        0        0
   0.820375 CANFD   1 Rx        102                                   1 0 E 48 BB 17 0F A9 4F F6 39 20 00 07 92 40 00 02 00 00 8B 07 A0 00 A0 00 00 00 46 07 A0 00 4E 20 01 00 D2 07 00 00 5E 00 00 AD 9E 07 64 00 93 4C A0 00        0    0     3000        0        0        0        0        0
   0.820486 CANFD   1 Rx        119                                   1 0 8  8 01 00 2C C9 BF 00 00 00        0    0     3000        0        0        0        0        0
   0.820775 CANFD   1 Rx        20B                                   1 0 E 48 26 03 9B F0 00 05 00 84 E0 03 FF E0 05 32 0B 31 47 03 01 90 16 60 00 00 00 03 9B F0 32 64 32 32 18 03 98 E0 00 00 23 A0 00 03 00 12 CC F9 BA F0        0    0     3000        0        0        0        0        0
   0.821123 CANFD   1 Rx        33B                                   1 0 F 64 0D 08 0D 09 0D 0F 0D 0A 0D 07 0D 0A 0D 08 0D 0A 0D 10 0D 08 0D 08 0D 07 0D 07 0D 08 0D 07 0D 07 0D 11 0D 07 0D 07 0D 08 0D 08 0D 08 0D 07 0D 0A 0D 08 0D 09 0D 08 0D 08 0D 08 0D 09 00 1F 1E FF        0    0     3000        0        0        0        0        0
   0.821237 CANFD   1 Rx        181                                   1 0 8  8 14 01 A0 00 00 00 03 E8        0    0     3000        0        0        0        0        0
   0.821346 CANFD   1 Rx        191                                   1 0 8  8 C6 01 8A 13 88 00 00 00        0    0     3000        0        0        0        0        0
   0.821497 CANFD   1 Rx        171                                   1 0 A 16 77 01 00 00 00 00 00 00 00 00 00 00 00 00 00 00        0    0     3000        0        0        0        0        0
   0.821789 CANFD   1 Rx        40E                                   1 0 E 48 DE 0B 00 B7 80 22 40 00 00 70 80 C3 50 92 40 04 00 00 13 34 00 01 1A C0 00 00 00 03 D8 47 2D 80 00 00 85 4D 03 E1 2A 00 00 00 78 FD 18 00 00 00        0    0     3000        0        0        0        0        0
   0.821901 CANFD   1 Rx        2AB                                   1 0 8  8 30 0E 00 00 00 00 00 3C        0    0     3000        0        0        0        0        0
   0.822284 CANFD   1 Rx        4FB                                   1 0 F 64 00 00 40 00 00 00 00 00 00 00 00 00 00 00 00 00 00 00 00 00 0F A0 0F A0 00 00 00 00 0F A0 00 00 00 00 0F A0 00 00 00 00 00 00 00 64 00 00 00 00 00 00 00 00 00 00 00 00 00 00 00 00 00 00 00 00        0    0     3000        0        0        0        0        0
   0.822648 CANFD   1 Rx        555                                   1 0 F 64 12 A6 00 01 00 00 00 00 E9 E9 EA EA 00 00 00 00 00 00 00 00 5A A5 5A A5 17 17 17 17 17 17 17 17 FB FA FA F9 FC F9 FB FB FA FA 17 00 00 00 00 00 00 00 00 00 00 00 00 00 00 00 13 87 00 FF FF FF        0    0     3000        0        0        0        0        0
   0.826561 CANFD   1 Rx         21                                   1 0 8  8 4E 02 07 DA 00 00 00 00        0    0     3000        0        0        0        0        0
   0.826933 CANFD   1 Rx        2FF                                   1 0 8  8 00 00 00 00 00 00 00 00        0    0     3000        0        0        0        0        0
   0.829238 CANFD   1 Rx        4CF                                   1 0 8  8 00 00 00 00 00 00 00 00        0    0     3000        0        0        0        0        0
   0.830375 CANFD   1 Rx        102                                   1 0 E 48 E7 18 0F A9 4F F6 39 20 00 08 92 40 00 02 00 00 D7 08 A0 00 A0 00 00 00 1A 08 A0 00 4E 20 01 00 8E 08 00 00 5E 00 00 AD C2 08 64 00 93 4C A0 00        0    0     3000        0        0        0        0        0
   0.830487 CANFD   1 Rx        119                                   1 0 8  8 01 00 2C C9 BF 00 00 00        0    0     3000        0        0        0        0        0
   0.830783 CANFD   1 Rx        208                                   1 0 E 48 E3 04 00 00 00 0D 9C 40 C9 04 00 00 00 12 12 FC 30 04 FC 15 15 14 02 00 ED 04 00 00 00 00 00 02 86 04 00 08 00 00 00 00 00 00 4E 20 4E 20 02 02        0    0     3000        0        0        0        0        0
   0.831013 CANFD   1 Rx        40F                                   1 0 D 32 00 00 00 00 10 40 08 00 00 00 14 02 02 01 00 02 00 00 00 00 00 00 00 00 00 00 00 00 00 00 00 00        0    0     3000        0        0        0        0        0
   0.831127 CANFD   1 Rx        181                                   1 0 8  8 F3 02 A0 00 00 00 03 E8        0    0     3000        0        0        0        0        0
   0.831237 CANFD   1 Rx        191                                   1 0 8  8 21 02 8A 13 88 00 00 00        0    0     3000        0        0        0        0        0
   0.831349 CANFD   1 Rx        233                                   1 0 8  8 00 00 02 C4 00 00 00 00        0    0     3000        0        0        0        0        0
   0.831500 CANFD   1 Rx        171                                   1 0 A 16 90 02 00 00 00 00 00 00 00 00 00 00 00 00 00 00        0    0     3000        0        0        0        0        0
   0.831864 CANFD   1 Rx        555                                   1 0 F 64 12 A4 00 01 00 00 00 00 E9 E9 EA EA 00 00 00 00 00 00 00 00 5A A5 5A A5 17 17 17 17 17 17 17 17 FB FA FA F9 FC F9 FB FB FA FA 17 00 00 00 00 00 00 00 00 00 00 00 00 00 00 00 13 87 00 FF FF FF        0    0     3000        0        0        0        0        0
   0.831976 CANFD   1 Rx        2B4                                   1 0 8  8 00 00 FE FE FE FE 00 00        0    0     3000        0        0        0        0        0
   0.832127 CANFD   1 Rx        27E                                   1 0 A 16 45 0E 00 00 00 00 00 00 7C 0E 00 03 C0 00 00 00        0    0     3000        0        0        0        0        0
   0.833839 CANFD   1 Rx        201                                   1 0 8  8 52 0D 00 00 00 00 00 00        0    0     3000        0        0        0        0        0
   0.836500 CANFD   1 Rx         21                                   1 0 8  8 13 03 07 DA 00 00 00 00        0    0     3000        0        0        0        0        0
   0.836719 CANFD   1 Rx        23B                                   1 0 8  8 70 0E 03 81 7F 00 00 00        0    0     3000        0        0        0        0        0
   0.839926 CANFD   1 Rx        284                                   1 0 8  8 00 00 64 00 00 00 00 00        0    0     3000        0        0        0        0        0
   0.840374 CANFD   1 Rx        102                                   1 0 E 48 BA 19 0F A9 4F F6 39 20 00 09 92 40 00 02 00 00 8A 09 A0 00 A0 00 00 00 47 09 A0 00 4E 20 01 00 D3 09 00 00 5E 00 00 AD 9F 09 64 00 93 4C A0 00        0    0     3000        0        0        0        0        0
   0.840485 CANFD   1 Rx        119                                   1 0 8  8 01 00 2C C9 BF 00 00 00        0    0     3000        0        0        0        0        0
   0.840774 CANFD   1 Rx        20B                                   1 0 E 48 A8 04 9B F0 00 05 00 84 6E 04 FF E0 05 32 0B 31 C9 04 01 90 16 60 00 00 00 04 9B F0 32 64 32 32 AD 04 99 00 00 00 23 A0 00 04 00 12 CC F9 BA F0        0    0     3000        0        0        0        0        0
   0.840923 CANFD   1 Rx        321                                   1 0 A 16 00 00 0B 32 71 10 00 00 00 00 00 00 00 00 00 00        0    0     3000        0        0        0        0        0
   0.841286 CANFD   1 Rx        555                                   1 0 F 64 12 A5 00 01 00 00 00 00 E9 E9 EA EA 00 00 00 00 00 00 00 00 5A A5 5A A5 17 17 17 17 17 17 17 17 FB FA FA F9 FC F9 FB FB FA FA 17 00 00 00 00 00 00 00 00 00 00 00 00 00 00 00 13 87 00 FF FF FF        0    0     3000        0        0        0        0        0
   0.841399 CANFD   1 Rx        181                                   1 0 8  8 AE 03 A0 00 00 00 03 E8        0    0     3000        0        0        0        0        0
   0.841510 CANFD   1 Rx        191                                   1 0 8  8 7C 03 8A 13 88 00 00 00        0    0     3000        0        0        0        0        0
   0.841660 CANFD   1 Rx        171                                   1 0 A 16 CD 03 00 00 00 00 00 00 00 00 00 00 00 00 00 00        0    0     3000        0        0        0        0        0
   0.841773 CANFD   1 Rx        2AB                                   1 0 8  8 31 00 00 00 00 00 00 3C        0    0     3000        0        0        0        0        0
   0.842001 CANFD   1 Rx        416                                   1 0 D 32 35 0B 00 00 00 00 00 00 35 0B 00 00 00 00 00 00 35 0B 00 00 00 00 00 00 00 00 00 00 00 00 00 00        0    0     3000        0        0        0        0        0
   0.842312 CANFD   1 Rx        4E0                                   1 0 E 48 6C 0C 00 00 00 40 00 07 00 0C 00 00 00 00 00 00 00 0C 00 00 00 00 03 04 3A 0C 00 00 00 00 00 00 00 00 00 00 00 00 10 01 00 00 00 00 00 00 00 00        0    0     3000        0        0        0        0        0
   0.842728 CANFD   1 Rx        4B7                                   1 0 F 64 00 0C 6B 00 00 48 48 00 00 0C 16 00 00 00 00 00 00 0C 00 00 00 16 EA E0 00 0C 08 00 00 00 00 00 00 0C 34 00 00 00 00 00 00 0C 00 00 00 00 00 00 00 0C 01 01 02 00 00 00 00 00 00 00 00 00 00 00        0    0     3000        0        0        0        0        0
   0.846601 CANFD   1 Rx         21                                   1 0 8  8 9D 04 07 DA 00 00 00 00        0    0     3000        0        0        0        0        0
   0.847023 CANFD   1 Rx        2FF                                   1 0 8  8 00 00 00 00 00 00 00 00        0    0     3000        0        0        0        0        0
   0.850373 CANFD   1 Rx        102                                   1 0 E 48 5D 1A 0F A9 4F F6 39 20 00 0A 92 40 00 02 00 00 6D 0A A0 00 A0 00 00 00 A0 0A A0 00 4E 20 01 00 34 0A 00 00 5E 00 00 AD 78 0A 64 00 93 4C A0 00        0    0     3000        0        0        0        0        0
   0.850485 CANFD   1 Rx        119                                   1 0 8  8 01 00 2C C9 BF 00 00 00        0    0     3000        0        0        0        0        0
   0.850781 CANFD   1 Rx        208                                   1 0 E 48 BE 05 00 00 00 0D 9C 40 94 05 00 00 00 12 12 FC 6D 05 FC 15 15 14 02 00 B0 05 00 00 00 00 00 02 DB 05 00 08 00 00 00 00 00 00 4E 20 4E 20 02 02        0    0     3000        0        0        0        0        0
   0.850925 CANFD   1 Rx        32B                                   1 0 A 16 23 0B 14 0D 11 13 0D 06 00 0B 30 00 1E F9 C4 00        0    0     3000        0        0        0        0        0
   0.851077 CANFD   1 Rx        41F                                   1 0 A 16 00 0D 00 00 01 00 00 00 0E 0D 00 00 00 00 5E 00        0    0     3000        0        0        0        0        0
   0.851191 CANFD   1 Rx        181                                   1 0 8  8 20 04 A0 00 00 00 03 E8        0    0     3000        0        0        0        0        0
   0.851301 CANFD   1 Rx        191                                   1 0 8  8 F2 04 8A 13 88 00 00 00        0    0     3000        0        0        0        0        0
   0.851414 CANFD   1 Rx        233                                   1 0 8  8 00 00 02 C4 00 00 00 00        0    0     3000        0        0        0        0        0
   0.851564 CANFD   1 Rx        171                                   1 0 A 16 43 04 00 00 00 00 00 00 00 00 00 00 00 00 00 00        0    0     3000        0        0        0        0        0
   0.851927 CANFD   1 Rx        555                                   1 0 F 64 12 A6 00 01 00 00 00 00 E9 E9 EA EA 00 00 00 00 00 00 00 00 5A A5 5A A5 17 17 17 17 17 17 17 17 FB FA FA F9 FC F9 FB FB FA FA 17 00 00 00 00 00 00 00 00 00 00 00 00 00 00 00 13 87 00 FF FF FF        0    0     3000        0        0        0        0        0
   0.852039 CANFD   1 Rx        2B4                                   1 0 8  8 00 00 FE FE FE FE 00 00        0    0     3000        0        0        0        0        0
   0.852191 CANFD   1 Rx        27E                                   1 0 A 16 44 00 00 00 00 00 00 00 7D 00 00 03 C0 00 00 00        0    0     3000        0        0        0        0        0
   0.852668 CANFD   1 Rx        448                                   1 0 D 32 00 00 01 20 00 00 00 14 00 00 00 00 00 00 00 00 00 00 08 00 00 00 00 00 00 00 00 00 00 00 00 00        0    0     3000        0        0        0        0        0
   0.853293 CANFD   1 Rx        4A0                                   1 0 F 64 00 0C 23 1F 00 00 00 00 00 0C 28 06 0D 00 00 00 00 0C 00 01 01 09 00 00 00 0C 00 00 64 00 00 00 00 0C 1D 00 03 00 00 03 00 0C 00 00 1B 00 3C 0A 00 0C 04 00 00 00 00 00 00 0C F5 20 A5 20 A5 20        0    0     3000        0        0        0        0        0
   0.853837 CANFD   1 Rx        201                                   1 0 8  8 B5 0E 00 00 00 00 00 00        0    0     3000        0        0        0        0        0
   0.856434 CANFD   1 Rx         21                                   1 0 8  8 C0 05 07 DA 00 00 00 00        0    0     3000        0        0        0        0        0
   0.856865 CANFD   1 Rx        23B                                   1 0 8  8 71 00 03 81 7F 00 00 00        0    0     3000        0        0        0        0        0
   0.856984 CANFD   1 Rx        35B                                   1 0 8  8 00 00 06 00 00 00 00 00        0    0     3000        0        0        0        0        0
   0.859925 CANFD   1 Rx        284                                   1 0 8  8 00 00 64 00 00 00 00 00        0    0     3000        0        0        0        0        0
   0.860373 CANFD   1 Rx        102                                   1 0 E 48 DF 1B 0F AC 4F F6 39 20 00 0B 92 40 00 02 00 00 30 0B A0 00 A0 00 00 00 FD 0B A0 00 4E 20 01 00 69 0B 00 00 5E 00 00 AD 25 0B 64 00 93 4C A0 00        0    0     3000        0        0        0        0        0
   0.860484 CANFD   1 Rx        119                                   1 0 8  8 01 00 2C C9 BF 00 00 00        0    0     3000        0        0        0        0        0
   0.860773 CANFD   1 Rx        20B                                   1 0 E 48 F5 05 9B F0 00 05 00 84 33 05 FF E0 05 32 0B 31 94 05 01 90 16 60 00 00 00 05 9B F0 32 64 32 32 F0 05 99 00 00 00 23 A0 00 05 00 12 CC F9 BA F0        0    0     3000        0        0        0        0        0
   0.860922 CANFD   1 Rx        4C8                                   1 0 A 16 00 00 14 0D 11 13 0D 06 00 00 30 00 00 00 00 00        0    0     3000        0        0        0        0        0
   0.861286 CANFD   1 Rx        555                                   1 0 F 64 12 A6 00 01 00 00 00 00 E9 E9 EA EA 00 00 00 00 00 00 00 00 5A A5 5A A5 17 17 17 17 17 17 17 17 FB FA FA F9 FC F9 FB FB FA FA 17 00 00 00 00 00 00 00 00 00 00 00 00 00 00 00 13 87 00 FF FF FF        0    0     3000        0        0        0        0        0
   0.861399 CANFD   1 Rx        181                                   1 0 8  8 7D 05 A0 00 00 00 03 E8        0    0     3000        0        0        0        0        0
   0.861509 CANFD   1 Rx        191                                   1 0 8  8 AF 05 8A 13 88 00 00 00        0    0     3000        0        0        0        0        0
   0.861626 CANFD   1 Rx          0                                   1 0 8  8 00 00 00 00 00 00 00 00        0    0     3000        0        0        0        0        0
   0.861744 CANFD   1 Rx          0                                   1 0 8  8 00 00 00 00 00 00 00 00        0    0     3000        0        0        0        0        0
   0.861861 CANFD   1 Rx          0                                   1 0 8  8 00 00 00 00 00 00 00 00        0    0     3000        0        0        0        0        0
   0.861978 CANFD   1 Rx          0                                   1 0 8  8 00 00 00 00 00 00 00 00        0    0     3000        0        0        0        0        0
   0.862096 CANFD   1 Rx          0                                   1 0 8  8 00 00 00 00 00 00 00 00        0    0     3000        0        0        0        0        0
   0.862213 CANFD   1 Rx          0                                   1 0 8  8 00 00 00 00 00 00 00 00        0    0     3000        0        0        0        0        0
   0.862363 CANFD   1 Rx        171                                   1 0 A 16 1E 05 00 00 00 00 00 00 00 00 00 00 00 00 00 00        0    0     3000        0        0        0        0        0
   0.862751 CANFD   1 Rx          0                                   1 0 F 64 00 00 00 00 00 00 00 00 00 00 00 00 00 00 00 00 00 00 00 00 00 00 00 00 00 00 00 00 00 00 00 00 00 00 00 00 00 00 00 00 00 00 00 00 00 00 00 00 00 00 00 00 00 00 00 00 00 00 00 00 00 00 00 00        0    0     3000        0        0        0        0        0
   0.863140 CANFD   1 Rx          0                                   1 0 F 64 00 00 00 00 00 00 00 00 00 00 00 00 00 00 00 00 00 00 00 00 00 00 00 00 00 00 00 00 00 00 00 00 00 00 00 00 00 00 00 00 00 00 00 00 00 00 00 00 00 00 00 00 00 00 00 00 00 00 00 00 00 00 00 00        0    0     3000        0        0        0        0        0
   0.863528 CANFD   1 Rx          0                                   1 0 F 64 00 00 00 00 00 00 00 00 00 00 00 00 00 00 00 00 00 00 00 00 00 00 00 00 00 00 00 00 00 00 00 00 00 00 00 00 00 00 00 00 00 00 00 00 00 00 00 00 00 00 00 00 00 00 00 00 00 00 00 00 00 00 00 00        0    0     3000        0        0        0        0        0
   0.863916 CANFD   1 Rx          0                                   1 0 F 64 00 00 00 00 00 00 00 00 00 00 00 00 00 00 00 00 00 00 00 00 00 00 00 00 00 00 00 00 00 00 00 00 00 00 00 00 00 00 00 00 00 00 00 00 00 00 00 00 00 00 00 00 00 00 00 00 00 00 00 00 00 00 00 00        0    0     3000        0        0        0        0        0
   0.864034 CANFD   1 Rx          0                                   1 0 8  8 00 00 00 00 00 00 00 00        0    0     3000        0        0        0        0        0
   0.864151 CANFD   1 Rx          0                                   1 0 8  8 00 00 00 00 00 00 00 00        0    0     3000        0        0        0        0        0
   0.864268 CANFD   1 Rx          0                                   1 0 8  8 00 00 00 00 00 00 00 00        0    0     3000        0        0        0        0        0
   0.864385 CANFD   1 Rx          0                                   1 0 8  8 00 00 00 00 00 00 00 00        0    0     3000        0        0        0        0        0
   0.864498 CANFD   1 Rx        462                                   1 0 8  8 00 00 00 04 00 00 0A 00        0    0     3000        0        0        0        0        0
   0.864609 CANFD   1 Rx        2AB                                   1 0 8  8 6C 01 00 00 00 00 00 3C        0    0     3000        0        0        0        0        0
   0.864803 CANFD   1 Rx        3DF                                   1 0 C 24 00 00 00 00 00 00 02 00 00 00 00 00 00 00 00 00 00 00 00 00 00 00 00 00        0    0     3000        0        0        0        0        0
   0.866497 CANFD   1 Rx         21                                   1 0 8  8 99 06 07 D9 00 00 00 00        0    0     3000        0        0        0        0        0
   0.866804 CANFD   1 Rx        49D                                   1 0 8  8 73 0C 80 00 00 00 00 00        0    0     3000        0        0        0        0        0
   0.866925 CANFD   1 Rx        2FF                                   1 0 8  8 00 00 00 00 00 00 00 00        0    0     3000        0        0        0        0        0
   0.869879 CANFD   1 Rx        457                                   1 0 A 16 00 00 00 00 13 00 11 11 00 00 00 08 00 13 00 08        0    0     3000        0        0        0        0        0
   0.870373 CANFD   1 Rx        102                                   1 0 E 48 5A 1C 0F AB 4F F6 39 20 00 0C 92 40 00 02 00 00 BE 0C A0 00 A0 00 00 00 73 0C A0 00 4E 20 01 00 E7 0C 00 00 5E 00 00 AD AB 0C 64 00 93 4C A0 00        0    0     3000        0        0        0        0        0
   0.870484 CANFD   1 Rx        119                                   1 0 8  8 01 00 2C C9 BF 00 00 00        0    0     3000        0        0        0        0        0
   0.870781 CANFD   1 Rx        208                                   1 0 E 48 59 06 00 00 00 0D 9C 40 73 06 00 00 00 12 12 FC 8A 06 FC 15 15 14 02 00 57 06 00 00 00 00 00 02 3C 06 00 08 00 00 00 00 00 00 4E 20 4E 20 02 02        0    0     3000        0        0        0        0        0
   0.871127 CANFD   1 Rx        33B                                   1 0 F 64 0D 09 0D 09 0D 09 0D 0C 0D 09 0D 09 0D 09 0D 0A 0D 08 0D 08 0D 0A 0D 08 0D 08 0D 08 0D 08 0D 09 0D 07 0D 0A 0D 08 0D 08 0D 08 0D 08 0D 08 0D 06 0D 08 0D 09 0D 0A 0D 08 0D 08 0D 09 00 3D 1E FF        0    0     3000        0        0        0        0        0
   0.871241 CANFD   1 Rx        181                                   1 0 8  8 9A 06 A0 00 00 00 03 E8        0    0     3000        0        0        0        0        0
   0.871350 CANFD   1 Rx        191                                   1 0 8  8 48 06 8A 13 88 00 00 00        0    0     3000        0        0        0        0        0
   0.871463 CANFD   1 Rx        233                                   1 0 8  8 00 00 02 C4 00 00 00 00        0    0     3000        0        0        0        0        0
   0.871613 CANFD   1 Rx        171                                   1 0 A 16 F9 06 00 00 00 00 00 00 00 00 00 00 00 00 00 00        0    0     3000        0        0        0        0        0
   0.871960 CANFD   1 Rx        4CE                                   1 0 F 64 0D 08 0D 09 0D 08 0D 08 0D 08 0D 08 0D 08 0D 0A 0D 08 0D 08 0D 07 0D 08 0D 08 0D 07 0D 07 0D 09 0D 07 0D 07 0D 07 0D 08 0D 09 0D 08 0D 09 0D 08 0D 09 0D 0A 0D 08 0D 0C 0D 08 0D 0B 00 5B 1E FF        0    0     3000        0        0        0        0        0
   0.872071 CANFD   1 Rx        2B4                                   1 0 8  8 00 00 FE FE FE FE 00 00        0    0     3000        0        0        0        0        0
   0.872222 CANFD   1 Rx        27E                                   1 0 A 16 19 01 00 00 00 00 00 00 20 01 00 03 C0 00 00 00        0    0     3000        0        0        0        0        0
   0.872586 CANFD   1 Rx        555                                   1 0 F 64 12 A6 00 01 00 00 00 00 E9 E9 EA EA 00 00 00 00 00 00 00 00 5A A5 5A A5 17 17 17 17 17 17 17 17 FB FA FA F9 FC F9 FB FB FA FA 17 00 00 00 00 00 00 00 00 00 00 00 00 00 00 00 13 87 00 FF FF FF        0    0     3000        0        0        0        0        0
   0.873842 CANFD   1 Rx        201                                   1 0 8  8 B4 00 00 00 00 00 00 00        0    0     3000        0        0        0        0        0
   0.876472 CANFD   1 Rx         21                                   1 0 8  8 C4 07 07 D9 00 00 00 00        0    0     3000        0        0        0        0        0
   0.876657 CANFD   1 Rx        23B                                   1 0 8  8 2C 01 03 81 7F 00 00 00        0    0     3000        0        0        0        0        0
   0.876916 CANFD   1 Rx        40B                                   1 0 8  8 00 00 00 00 00 00 00 00        0    0     3000        0        0        0        0        0
   0.879895 CANFD   1 Rx        478                                   1 0 8  8 00 00 C0 00 00 00 00 00        0    0     3000        0        0        0        0        0
   0.880024 CANFD   1 Rx        284                                   1 0 8  8 00 00 64 00 00 00 00 00        0    0     3000        0        0        0        0        0
   0.880375 CANFD   1 Rx        102                                   1 0 E 48 07 1D 0F AB 4F F6 39 20 00 0D 92 40 00 02 00 00 E3 0D A0 00 A0 00 00 00 2E 0D A0 00 4E 20 01 00 BA 0D 00 00 5E 00 00 AD F6 0D 64 00 93 4C A0 00        0    0     3000        0        0        0        0        0
   0.880486 CANFD   1 Rx        119                                   1 0 8  8 01 00 2C C9 BF 00 00 00        0    0     3000        0        0        0        0        0
   0.880776 CANFD   1 Rx        20B                                   1 0 E 48 12 06 9B F0 00 05 00 84 D4 06 FF E0 05 32 0B 31 43 06 01 90 16 40 00 00 00 06 9B F0 32 64 32 32 17 06 99 00 00 00 23 A0 00 06 00 12 CC F9 BA F0        0    0     3000        0        0        0        0        0
   0.881152 CANFD   1 Rx        411                                   1 0 F 64 00 00 00 00 00 00 00 00 00 00 00 0C 40 00 03 EF 00 00 00 00 0F A4 00 00 00 00 27 10 01 EF 27 10 00 00 00 00 27 10 00 00 00 00 9C 40 00 00 00 00 00 00 00 00 00 00 00 00 00 00 C3 46 00 00 00 00        0    0     3000        0        0        0        0        0
   0.881266 CANFD   1 Rx        181                                   1 0 8  8 C7 07 A0 00 00 00 03 E8        0    0     3000        0        0        0        0        0
   0.881377 CANFD   1 Rx        191                                   1 0 8  8 15 07 8A 13 88 00 00 00        0    0     3000        0        0        0        0        0
   0.881527 CANFD   1 Rx        171                                   1 0 A 16 A4 07 00 00 00 00 00 00 00 00 00 00 00 00 00 00        0    0     3000        0        0        0        0        0
   0.881756 CANFD   1 Rx        471                                   1 0 D 32 00 00 00 00 00 08 00 00 00 00 10 00 00 00 00 01 00 00 00 00 00 00 00 00 00 00 3F 00 FF E0 00 00        0    0     3000        0        0        0        0        0
   0.882120 CANFD   1 Rx        555                                   1 0 F 64 12 A5 00 01 00 00 00 00 E9 E9 EA EA 00 00 00 00 00 00 00 00 5A A5 5A A5 17 17 17 17 17 17 17 17 FB FA FA F9 FC F9 FB FB FA FA 17 00 00 00 00 00 00 00 00 00 00 00 00 00 00 00 13 87 00 FF FF FF        0    0     3000        0        0        0        0        0
   0.882231 CANFD   1 Rx        2AB                                   1 0 8  8 8B 02 00 00 00 00 00 3C        0    0     3000        0        0        0        0        0
   0.882343 CANFD   1 Rx        496                                   1 0 8  8 00 00 08 00 00 00 0D A8        0    0     3000        0        0        0        0        0
   0.882925 CANFD   1 Rx        4D7                                   1 0 8  8 00 00 FF 00 00 00 00 00        0    0     3000        0        0        0        0        0
   0.883278 CANFD   1 Rx        4DE                                   1 0 D 32 00 00 00 00 00 00 F8 F8 00 00 00 00 00 00 00 00 00 FE 01 00 00 00 00 00 00 00 00 00 00 00 00 00        0    0     3000        0        0        0        0        0
   0.883389 CANFD   1 Rx        48A                                   1 0 8  8 1C 0A 00 00 00 7A 12 02        0    0     3000        0        0        0        0        0
   0.883689 CANFD   1 Rx        4E2                                   1 0 8  8 00 00 00 00 00 00 00 00        0    0     3000        0        0        0        0        0
   0.883820 CANFD   1 Rx        4E4                                   1 0 8  8 00 00 00 10 0D 00 00 10        0    0     3000        0        0        0        0        0
   0.884905 CANFD   1 Rx        4F1                                   1 0 C 24 00 00 00 00 00 00 00 00 00 00 00 00 00 00 00 00 00 00 00 00 00 3E 00 00        0    0     3000        0        0        0        0        0
   0.886097 CANFD   1 Rx        550                                   1 0 F 64 00 00 01 00 00 00 00 00 00 00 00 00 00 00 00 00 00 00 00 00 00 00 00 00 00 00 00 00 00 00 00 00 00 00 00 00 00 00 00 00 00 00 00 00 00 00 00 00 00 00 00 00 00 00 00 00 00 00 00 00 00 00 00 00        0    0     3000        0        0        0        0        0
   0.886742 CANFD   1 Rx         21                                   1 0 8  8 98 08 07 D9 00 00 00 00        0    0     3000        0        0        0        0        0
   0.887137 CANFD   1 Rx        2FF                                   1 0 8  8 00 00 00 00 00 00 00 00        0    0     3000        0        0        0        0        0
   0.890373 CANFD   1 Rx        102                                   1 0 E 48 E0 1E 0F AB 4F F6 39 20 00 0E 92 40 00 02 00 00 04 0E A0 00 A0 00 00 00 C9 0E A0 00 4E 20 01 00 5D 0E 00 00 5E 00 00 AD 11 0E 64 00 93 4C A0 00        0    0     3000        0        0        0        0        0
   0.890485 CANFD   1 Rx        119                                   1 0 8  8 01 00 2C C9 BF 00 00 00        0    0     3000        0        0        0        0        0
   0.890782 CANFD   1 Rx        208                                   1 0 E 48 04 07 00 00 00 0D 9C 40 2E 07 00 00 00 12 12 FC D7 07 FC 15 15 14 02 00 0A 07 00 00 00 00 00 02 61 07 00 08 00 00 00 00 00 00 4E 20 4E 20 02 02        0    0     3000        0        0        0        0        0
   0.890931 CANFD   1 Rx        321                                   1 0 A 16 00 00 0B 32 71 10 00 00 00 00 00 00 00 00 00 00        0    0     3000        0        0        0        0        0
   0.891295 CANFD   1 Rx        555                                   1 0 F 64 12 A4 00 01 00 00 00 00 E9 E9 EA EA 00 00 00 00 00 00 00 00 5A A5 5A A5 17 17 17 17 17 17 17 17 FB FA FA F9 FC F9 FB FB FA FA 17 00 00 00 00 00 00 00 00 00 00 00 00 00 00 00 13 87 00 FF FF FF        0    0     3000        0        0        0        0        0
   0.891407 CANFD   1 Rx        181                                   1 0 8  8 9B 08 A0 00 00 00 03 E8        0    0     3000        0        0        0        0        0
   0.891517 CANFD   1 Rx        191                                   1 0 8  8 49 08 8A 13 88 00 00 00        0    0     3000        0        0        0        0        0
   0.891629 CANFD   1 Rx        233                                   1 0 8  8 00 00 02 C4 00 00 00 00        0    0     3000        0        0        0        0        0
   0.891780 CANFD   1 Rx        171                                   1 0 A 16 F8 08 00 00 00 00 00 00 00 00 00 00 00 00 00 00        0    0     3000        0        0        0        0        0
   0.891892 CANFD   1 Rx        2B4                                   1 0 8  8 00 00 FE FE FE FE 00 00        0    0     3000        0        0        0        0        0
   0.892050 CANFD   1 Rx        27E                                   1 0 A 16 FE 02 00 00 00 00 00 00 C7 02 00 03 C0 00 00 00        0    0     3000        0        0        0        0        0
   0.893837 CANFD   1 Rx        201                                   1 0 8  8 E9 01 00 00 00 00 00 00        0    0     3000        0        0        0        0        0
   0.896488 CANFD   1 Rx         21                                   1 0 8  8 AF 09 07 D8 00 00 00 00        0    0     3000        0        0        0        0        0
   0.896671 CANFD   1 Rx        23B                                   1 0 8  8 CB 02 03 81 7F 00 00 00        0    0     3000        0        0        0        0        0
   0.898154 CANFD   1 Rx        467                                   1 0 C 24 00 0B 00 00 00 02 00 00 A9 0B 00 00 0F 40 0D F0 00 00 00 00 00 00 00 00        0    0     3000        0        0        0        0        0
   0.898268 CANFD   1 Rx        403                                   1 0 8  8 00 0B 00 00 01 00 00 00        0    0     3000        0        0        0        0        0
   0.898379 CANFD   1 Rx        477                                   1 0 8  8 2D 0B 0F 10 00 00 00 00        0    0     3000        0        0        0        0        0
   0.898762 CANFD   1 Rx        48C                                   1 0 F 64 00 0B 00 00 00 00 00 00 00 0B 00 00 00 00 00 00 00 0B 00 00 00 00 00 00 00 00 16 00 00 00 00 00 00 00 00 00 00 00 00 00 00 00 00 00 00 00 00 00 00 00 00 00 00 00 00 00 00 00 00 00 00 00 00 00        0    0     3000        0        0        0        0        0
   0.899060 CANFD   1 Rx        49E                                   1 0 E 48 4A 0B 00 00 00 00 00 00 00 0B 00 11 0E 00 00 00 00 0B 01 00 00 00 00 98 DA 0B 00 00 00 00 00 09 00 0B BB 80 00 00 16 00 00 0B 00 00 00 00 00 00        0    0     3000        0        0        0        0        0
   0.899927 CANFD   1 Rx        284                                   1 0 8  8 00 00 64 00 00 00 00 00        0    0     3000        0        0        0        0        0
   0.900376 CANFD   1 Rx        102                                   1 0 E 48 E1 10 0F AB 4F F6 39 20 00 00 92 40 00 02 00 00 05 00 A0 00 A0 00 00 00 C8 00 A0 00 4E 20 01 00 5C 00 00 00 5E 00 00 AD 10 00 64 00 93 4C A0 00        0    0     3000        0        0        0        0        0
   0.900487 CANFD   1 Rx        119                                   1 0 8  8 01 00 2C C9 BF 00 00 00        0    0     3000        0        0        0        0        0
   0.900778 CANFD   1 Rx        20B                                   1 0 E 48 4F 07 9B F0 00 05 00 84 89 07 FF E0 05 32 0B 31 1E 07 01 90 16 40 00 00 00 07 9B F0 32 64 32 32 4A 07 99 00 00 00 23 A0 00 07 00 12 CC F9 BA F0        0    0     3000        0        0        0        0        0
   0.900922 CANFD   1 Rx        32B                                   1 0 A 16 A7 0C 1C 0D 11 13 0D 06 00 0C 30 00 1E F9 C4 00        0    0     3000        0        0        0        0        0
   0.901286 CANFD   1 Rx        555                                   1 0 F 64 12 A4 00 01 00 00 00 00 E9 E9 EA EA 00 00 00 00 00 00 00 00 5A A5 5A A5 17 17 17 17 17 17 17 17 FB FA FA F9 FC F9 FB FB FA FA 17 00 00 00 00 00 00 00 00 00 00 00 00 00 00 00 13 87 00 FF FF FF        0    0     3000        0        0        0        0        0
   0.901399 CANFD   1 Rx        181                                   1 0 8  8 C6 09 A0 00 00 00 03 E8        0    0     3000        0        0        0        0        0
   0.901509 CANFD   1 Rx        191                                   1 0 8  8 14 09 8A 13 88 00 00 00        0    0     3000        0        0        0        0        0
   0.901659 CANFD   1 Rx        171                                   1 0 A 16 A5 09 00 00 00 00 00 00 00 00 00 00 00 00 00 00        0    0     3000        0        0        0        0        0
   0.901770 CANFD   1 Rx        2AB                                   1 0 8  8 D6 03 00 00 00 00 00 3C        0    0     3000        0        0        0        0        0
   0.902860 CANFD   1 Rx        492                                   1 0 F 64 00 0C 00 00 00 00 5E 00 00 0C 00 00 00 00 00 00 00 0C 00 18 02 01 00 00 00 0C 00 03 BF 00 01 00 00 0C 00 00 00 00 B3 28 00 0C 00 80 00 00 00 00 00 00 00 00 00 00 00 00 00 00 00 00 00 00 00 00        0    0     3000        0        0        0        0        0
   0.906520 CANFD   1 Rx         21                                   1 0 8  8 48 0A 07 D8 00 00 00 00        0    0     3000        0        0        0        0        0
   0.906870 CANFD   1 Rx        35B                                   1 0 8  8 00 00 06 00 00 00 00 00        0    0     3000        0        0        0        0        0
   0.906992 CANFD   1 Rx        2FF                                   1 0 8  8 00 00 00 00 00 00 00 00        0    0     3000        0        0        0        0        0
   0.910374 CANFD   1 Rx        102                                   1 0 E 48 BC 11 0F AB 4F F6 39 20 00 01 92 40 00 02 00 00 58 01 A0 00 A0 00 00 00 95 01 A0 00 4E 20 01 00 01 01 00 00 5E 00 00 AD 4D 01 64 00 93 4C A0 00        0    0     3000        0        0        0        0        0
   0.910486 CANFD   1 Rx        119                                   1 0 8  8 01 00 2C C9 BF 00 00 00        0    0     3000        0        0        0        0        0
   0.910783 CANFD   1 Rx        208                                   1 0 E 48 58 08 00 00 00 0D 9C 40 72 08 00 00 00 12 12 FC 8B 08 FC 15 15 14 02 00 56 08 00 00 00 00 00 02 3D 08 00 08 00 00 00 00 00 00 4E 20 4E 20 02 02        0    0     3000        0        0        0        0        0
   0.910999 CANFD   1 Rx        405                                   1 0 D 32 60 2B 00 98 10 C0 5F 79 35 53 00 B6 01 F8 90 90 95 80 A6 00 14 10 F2 00 13 F7 B9 C0 10 10 14 13        0    0     3000        0        0        0        0        0
   0.911112 CANFD   1 Rx        436                                   1 0 8  8 24 00 02 00 02 00 00 00        0    0     3000        0        0        0        0        0
   0.911225 CANFD   1 Rx        181                                   1 0 8  8 21 0A A0 00 00 00 03 E8        0    0     3000        0        0        0        0        0
   0.911334 CANFD   1 Rx        191                                   1 0 8  8 F3 0A 8A 13 88 00 00 00        0    0     3000        0        0        0        0        0
   0.911446 CANFD   1 Rx        233                                   1 0 8  8 00 00 02 C4 00 00 00 00        0    0     3000        0        0        0        0        0
   0.911560 CANFD   1 Rx        414                                   1 0 8  8 00 00 14 01 00 00 00 95        0    0     3000        0        0        0        0        0
   0.911671 CANFD   1 Rx        476                                   1 0 8  8 00 00 00 00 00 02 D4 56        0    0     3000        0        0        0        0        0
   0.911784 CANFD   1 Rx        531                                   1 0 8  8 00 00 00 00 00 00 00 00        0    0     3000        0        0        0        0        0
   0.911896 CANFD   1 Rx        2B4                                   1 0 8  8 00 00 FE FE FE FE 00 00        0    0     3000        0        0        0        0        0
   0.912007 CANFD   1 Rx        40A                                   1 0 8  8 85 0C 80 B2 48 00 01 00        0    0     3000        0        0        0        0        0
   0.912157 CANFD   1 Rx        27E                                   1 0 A 16 A3 03 00 00 00 00 00 00 9A 03 00 03 C0 00 00 00        0    0     3000        0        0        0        0        0
   0.912269 CANFD   1 Rx        4B4                                   1 0 8  8 06 0D 7D 00 00 00 00 18        0    0     3000        0        0        0        0        0
   0.912380 CANFD   1 Rx        4B9                                   1 0 8  8 23 0D 00 00 00 01 00 0B        0    0     3000        0        0        0        0        0
   0.912498 CANFD   1 Rx          0                                   1 0 8  8 00 00 00 00 00 00 00 00        0    0     3000        0        0        0        0        0
   0.912615 CANFD   1 Rx          0                                   1 0 8  8 00 00 00 00 00 00 00 00        0    0     3000        0        0        0        0        0
   0.912732 CANFD   1 Rx          0                                   1 0 8  8 00 00 00 00 00 00 00 00        0    0     3000        0        0        0        0        0
   0.912850 CANFD   1 Rx          0                                   1 0 8  8 00 00 00 00 00 00 00 00        0    0     3000        0        0        0        0        0
   0.912967 CANFD   1 Rx          0                                   1 0 8  8 00 00 00 00 00 00 00 00        0    0     3000        0        0        0        0        0
   0.913084 CANFD   1 Rx          0                                   1 0 8  8 00 00 00 00 00 00 00 00        0    0     3000        0        0        0        0        0
   0.913234 CANFD   1 Rx        171                                   1 0 A 16 42 0A 00 00 00 00 00 00 00 00 00 00 00 00 00 00        0    0     3000        0        0        0        0        0
   0.913386 CANFD   1 Rx        422                                   1 0 A 16 00 00 00 00 00 00 00 00 00 00 00 00 00 00 00 00        0    0     3000        0        0        0        0        0
   0.913538 CANFD   1 Rx        43E                                   1 0 A 16 84 0D 00 00 00 00 00 00 00 00 00 00 00 00 3E 80        0    0     3000        0        0        0        0        0
   0.913648 CANFD   1 Rx        494                                   1 0 8  8 00 00 2D 23 24 18 28 00        0    0     3000        0        0        0        0        0
   0.913843 CANFD   1 Rx        3DF                                   1 0 C 24 00 00 00 00 00 00 02 00 00 00 00 00 00 00 00 00 00 00 00 00 00 00 00 00        0    0     3000        0        0        0        0        0
   0.913957 CANFD   1 Rx        201                                   1 0 8  8 0E 02 00 00 00 00 00 00        0    0     3000        0        0        0        0        0
   0.914108 CANFD   1 Rx        4C3                                   1 0 A 16 00 00 3E 80 00 00 00 00 00 00 00 00 00 00 00 00        0    0     3000        0        0        0        0        0
   0.914337 CANFD   1 Rx        421                                   1 0 D 32 00 00 00 64 00 00 00 50 00 00 3E 83 E8 3E 83 E8 00 00 00 00 00 00 00 00 00 00 00 00 00 00 00 00        0    0     3000        0        0        0        0        0
   0.914717 CANFD   1 Rx        522                                   1 0 F 64 00 00 00 00 1D 80 00 00 00 00 00 00 00 00 00 00 00 00 07 FF 80 7D 00 20 00 00 00 80 00 00 3E 00 00 00 00 00 00 00 00 00 00 00 08 BD 00 00 00 00 00 00 00 00 00 00 00 00 00 00 00 00 00 00 00 00        0    0     3000        0        0        0        0        0
   0.915105 CANFD   1 Rx          0                                   1 0 F 64 00 00 00 00 00 00 00 00 00 00 00 00 00 00 00 00 00 00 00 00 00 00 00 00 00 00 00 00 00 00 00 00 00 00 00 00 00 00 00 00 00 00 00 00 00 00 00 00 00 00 00 00 00 00 00 00 00 00 00 00 00 00 00 00        0    0     3000        0        0        0        0        0
   0.915493 CANFD   1 Rx          0                                   1 0 F 64 00 00 00 00 00 00 00 00 00 00 00 00 00 00 00 00 00 00 00 00 00 00 00 00 00 00 00 00 00 00 00 00 00 00 00 00 00 00 00 00 00 00 00 00 00 00 00 00 00 00 00 00 00 00 00 00 00 00 00 00 00 00 00 00        0    0     3000        0        0        0        0        0
   0.915882 CANFD   1 Rx          0                                   1 0 F 64 00 00 00 00 00 00 00 00 00 00 00 00 00 00 00 00 00 00 00 00 00 00 00 00 00 00 00 00 00 00 00 00 00 00 00 00 00 00 00 00 00 00 00 00 00 00 00 00 00 00 00 00 00 00 00 00 00 00 00 00 00 00 00 00        0    0     3000        0        0        0        0        0
   0.916270 CANFD   1 Rx          0                                   1 0 F 64 00 00 00 00 00 00 00 00 00 00 00 00 00 00 00 00 00 00 00 00 00 00 00 00 00 00 00 00 00 00 00 00 00 00 00 00 00 00 00 00 00 00 00 00 00 00 00 00 00 00 00 00 00 00 00 00 00 00 00 00 00 00 00 00        0    0     3000        0        0        0        0        0
   0.916387 CANFD   1 Rx          0                                   1 0 8  8 00 00 00 00 00 00 00 00        0    0     3000        0        0        0        0        0
   0.916505 CANFD   1 Rx          0                                   1 0 8  8 00 00 00 00 00 00 00 00        0    0     3000        0        0        0        0        0
   0.916622 CANFD   1 Rx          0                                   1 0 8  8 00 00 00 00 00 00 00 00        0    0     3000        0        0        0        0        0
   0.916739 CANFD   1 Rx          0                                   1 0 8  8 00 00 00 00 00 00 00 00        0    0     3000        0        0        0        0        0
   0.916852 CANFD   1 Rx         21                                   1 0 8  8 7F 0B 07 D9 00 00 00 00        0    0     3000        0        0        0        0        0
   0.916963 CANFD   1 Rx        23B                                   1 0 8  8 96 03 03 81 7F 00 00 00        0    0     3000        0        0        0        0        0
   0.917078 CANFD   1 Rx        413                                   1 0 8  8 FF FF FF FF FF FF 00 00        0    0     3000        0        0        0        0        0
   0.917442 CANFD   1 Rx        555                                   1 0 F 64 12 A2 00 01 00 00 00 00 E9 E9 EA EA 00 00 00 00 00 00 00 00 5A A5 5A A5 17 17 17 17 17 17 17 17 FB FA FA F9 FC F9 FB FB FA FA 17 00 00 00 00 00 00 00 00 00 00 00 00 00 00 00 13 87 00 FF FF FF        0    0     3000        0        0        0        0        0
   0.917710 CANFD   1 Rx        4B2                                   1 0 8  8 00 00 21 00 00 02 08 00        0    0     3000        0        0        0        0        0
   0.917828 CANFD   1 Rx        4BD                                   1 0 8  8 00 00 00 27 00 00 00 00        0    0     3000        0        0        0        0        0
   0.917947 CANFD   1 Rx        4D9                                   1 0 8  8 00 00 00 00 00 00 40 00        0    0     3000        0        0        0        0        0
   0.919926 CANFD   1 Rx        284                                   1 0 8  8 00 00 64 00 00 00 00 00        0    0     3000        0        0        0        0        0
   0.920374 CANFD   1 Rx        102                                   1 0 E 48 5B 12 0F AB 4F F6 39 20 00 02 92 40 00 02 00 00 BF 02 A0 00 A0 00 00 00 72 02 A0 00 4E 20 01 00 E6 02 00 00 5E 00 00 AD AA 02 64 00 93 4C A0 00        0    0     3000        0        0        0        0        0
   0.920485 CANFD   1 Rx        119                                   1 0 8  8 01 00 2C C9 BF 00 00 00        0    0     3000        0        0        0        0        0
   0.920772 CANFD   1 Rx        20B                                   1 0 E 48 13 08 9B F0 00 05 00 84 D5 08 FF E0 05 32 0B 31 42 08 01 90 16 40 00 00 00 08 9B F0 32 64 32 32 2D 08 98 E0 00 00 23 A0 00 08 00 12 CC F9 BA F0        0    0     3000        0        0        0        0        0
   0.921118 CANFD   1 Rx        33B                                   1 0 F 64 0D 08 0D 09 0D 08 0D 08 0D 08 0D 08 0D 08 0D 0A 0D 08 0D 08 0D 07 0D 08 0D 08 0D 07 0D 07 0D 09 0D 07 0D 07 0D 07 0D 08 0D 09 0D 08 0D 09 0D 08 0D 09 0D 0A 0D 08 0D 0C 0D 08 0D 0B 00 5B 1E FF        0    0     3000        0        0        0        0        0
   0.921232 CANFD   1 Rx        181                                   1 0 8  8 7C 0B A0 00 00 00 03 E8        0    0     3000        0        0        0        0        0
   0.921342 CANFD   1 Rx        191                                   1 0 8  8 AE 0B 8A 13 88 00 00 00        0    0     3000        0        0        0        0        0
   0.921493 CANFD   1 Rx        171                                   1 0 A 16 1F 0B 00 00 00 00 00 00 00 00 00 00 00 00 00 00        0    0     3000        0        0        0        0        0
   0.921785 CANFD   1 Rx        40E                                   1 0 E 48 50 0C 00 B7 80 22 40 00 00 70 80 C3 50 92 40 04 00 00 13 34 00 01 1A C0 00 00 00 03 D8 47 2D 80 00 00 85 4D 03 E1 2A 00 00 00 78 FD 18 00 00 00        0    0     3000        0        0        0        0        0
   0.921897 CANFD   1 Rx        2AB                                   1 0 8  8 58 04 00 00 00 00 00 3C        0    0     3000        0        0        0        0        0
   0.922280 CANFD   1 Rx        4FB                                   1 0 F 64 00 00 40 00 00 00 00 00 00 00 00 00 00 00 00 00 00 00 00 00 0F A0 0F A0 00 00 00 00 0F A0 00 00 00 00 0F A0 00 00 00 00 00 00 00 64 00 00 00 00 00 00 00 00 00 00 00 00 00 00 00 00 00 00 00 00        0    0     3000        0        0        0        0        0
   0.922644 CANFD   1 Rx        555                                   1 0 F 64 12 A2 00 01 00 00 00 00 E9 E9 EA EA 00 00 00 00 00 00 00 00 5A A5 5A A5 17 17 17 17 17 17 17 17 FB FA FA F9 FC F9 FB FB FA FA 17 00 00 00 00 00 00 00 00 00 00 00 00 00 00 00 13 87 00 FF FF FF        0    0     3000        0        0        0        0        0
   0.926501 CANFD   1 Rx         21                                   1 0 8  8 F1 0C 07 D9 00 00 00 00        0    0     3000        0        0        0        0        0
   0.926866 CANFD   1 Rx        2FF                                   1 0 8  8 00 00 00 00 00 00 00 00        0    0     3000        0        0        0        0        0
   0.929234 CANFD   1 Rx        4CF                                   1 0 8  8 00 00 00 00 00 00 00 00        0    0     3000        0        0        0        0        0
   0.930373 CANFD   1 Rx        102                                   1 0 E 48 0D 13 0F AC 4F F6 39 20 00 03 92 40 00 02 00 00 E2 03 A0 00 A0 00 00 00 2F 03 A0 00 4E 20 01 00 BB 03 00 00 5E 00 00 AD F7 03 64 00 93 4C A0 00        0    0     3000        0        0        0        0        0
   0.930485 CANFD   1 Rx        119                                   1 0 8  8 01 00 2C C9 BF 00 00 00        0    0     3000        0        0        0        0        0
   0.930780 CANFD   1 Rx        208                                   1 0 E 48 05 09 00 00 00 0D 9C 40 2F 09 00 00 00 12 12 FC D6 09 FC 15 15 14 02 00 0B 09 00 00 00 00 00 02 D5 09 00 0C 00 00 00 00 00 00 4E 20 4E 20 02 02        0    0     3000        0        0        0        0        0
   0.931010 CANFD   1 Rx        40F                                   1 0 D 32 00 00 00 00 10 40 08 00 00 00 14 02 02 01 00 02 00 00 00 00 00 00 00 00 00 00 00 00 00 00 00 00        0    0     3000        0        0        0        0        0
   0.931123 CANFD   1 Rx        181                                   1 0 8  8 F2 0C A0 00 00 00 03 E8        0    0     3000        0        0        0        0        0
   0.931233 CANFD   1 Rx        191                                   1 0 8  8 20 0C 8A 13 88 00 00 00        0    0     3000        0        0        0        0        0
   0.931346 CANFD   1 Rx        233                                   1 0 8  8 00 00 02 C4 00 00 00 00        0    0     3000        0        0        0        0        0
   0.931496 CANFD   1 Rx        171                                   1 0 A 16 91 0C 00 00 00 00 00 00 00 00 00 00 00 00 00 00        0    0     3000        0        0        0        0        0
   0.931859 CANFD   1 Rx        555                                   1 0 F 64 12 A3 00 01 00 00 00 00 E9 E9 EA EA 00 00 00 00 00 00 00 00 5A A5 5A A5 17 17 17 17 17 17 17 17 FB FA FA F9 FC F9 FB FB FA FA 17 00 00 00 00 00 00 00 00 00 00 00 00 00 00 00 13 87 00 FF FF FF        0    0     3000        0        0        0        0        0
   0.931971 CANFD   1 Rx        2B4                                   1 0 8  8 00 00 FE FE FE FE 00 00        0    0     3000        0        0        0        0        0
   0.932122 CANFD   1 Rx        27E                                   1 0 A 16 2D 04 00 00 00 00 00 00 14 04 00 03 C0 00 00 00        0    0     3000        0        0        0        0        0
   0.933826 CANFD   1 Rx        201                                   1 0 8  8 53 03 00 00 00 00 00 00        0    0     3000        0        0        0        0        0
   0.936481 CANFD   1 Rx         21                                   1 0 8  8 AC 0D 07 D9 00 00 00 00        0    0     3000        0        0        0        0        0
   0.936672 CANFD   1 Rx        23B                                   1 0 8  8 18 04 03 81 7F 00 00 00        0    0     3000        0        0        0        0        0
   0.939927 CANFD   1 Rx        284                                   1 0 8  8 00 00 64 00 00 00 00 00        0    0     3000        0        0        0        0        0
   0.940373 CANFD   1 Rx        102                                   1 0 E 48 83 14 0F AC 4F F6 39 20 00 04 92 40 00 02 00 00 6C 04 A0 00 A0 00 00 00 A1 04 A0 00 4E 20 01 00 35 04 00 00 5E 00 00 AD 79 04 64 00 93 4C A0 00        0    0     3000        0        0        0        0        0
   0.940484 CANFD   1 Rx        119                                   1 0 8  8 01 00 2C C9 BF 00 00 00        0    0     3000        0        0        0        0        0
   0.940773 CANFD   1 Rx        20B                                   1 0 E 48 4E 09 9B F0 00 05 00 84 88 09 FF E0 05 32 0B 31 1F 09 01 90 16 40 00 00 00 09 9B F0 32 64 32 32 4B 09 99 00 00 00 23 A0 00 09 00 12 CC F9 BA F0        0    0     3000        0        0        0        0        0
   0.940922 CANFD   1 Rx        321                                   1 0 A 16 00 00 0B 32 71 10 00 00 00 00 00 00 00 00 00 00        0    0     3000        0        0        0        0        0
   0.941285 CANFD   1 Rx        555                                   1 0 F 64 12 A5 00 01 00 00 00 00 E9 E9 EA EA 00 00 00 00 00 00 00 00 5A A5 5A A5 17 17 17 17 17 17 17 17 FB FA FA F9 FC F9 FB FB FA FA 17 00 00 00 00 00 00 00 00 00 00 00 00 00 00 00 13 87 00 FF FF FF        0    0     3000        0        0        0        0        0
   0.941398 CANFD   1 Rx        181                                   1 0 8  8 AF 0D A0 00 00 00 03 E8        0    0     3000        0        0        0        0        0
   0.941508 CANFD   1 Rx        191                                   1 0 8  8 7D 0D 8A 13 88 00 00 00        0    0     3000        0        0        0        0        0
   0.941658 CANFD   1 Rx        171                                   1 0 A 16 CC 0D 00 00 00 00 00 00 00 00 00 00 00 00 00 00        0    0     3000        0        0        0        0        0
   0.941770 CANFD   1 Rx        2AB                                   1 0 8  8 05 05 00 00 00 00 00 3C        0    0     3000        0        0        0        0        0
   0.941998 CANFD   1 Rx        416                                   1 0 D 32 BB 0C 00 00 00 00 00 00 BB 0C 00 00 00 00 00 00 BB 0C 00 00 00 00 00 00 00 00 00 00 00 00 00 00        0    0     3000        0        0        0        0        0
   0.942301 CANFD   1 Rx        4E0                                   1 0 E 48 31 0D 00 00 00 40 00 07 00 0D 00 00 00 00 00 00 00 0D 00 00 00 00 03 04 67 0D 00 00 00 00 00 00 00 00 00 00 00 00 10 01 00 00 00 00 00 00 00 00        0    0     3000        0        0        0        0        0
   0.942680 CANFD   1 Rx        4B7                                   1 0 F 64 00 0D 6B 00 00 48 48 00 00 0D 16 00 00 00 00 00 00 0D 00 00 00 16 EA D0 00 0D 08 00 00 00 00 00 00 0D 34 80 00 00 00 00 00 0D 00 00 00 00 00 00 00 0D 01 01 02 00 00 00 00 00 00 00 00 00 00 00        0    0     3000        0        0        0        0        0
   0.946591 CANFD   1 Rx         21                                   1 0 8  8 F5 0E 07 DA 00 00 00 00        0    0     3000        0        0        0        0        0
   0.946980 CANFD   1 Rx        2FF                                   1 0 8  8 00 00 00 00 00 00 00 00        0    0     3000        0        0        0        0        0
   0.950385 CANFD   1 Rx        102                                   1 0 E 48 BF 15 0F AA 4F F6 39 20 00 05 92 40 00 02 00 00 31 05 A0 00 A0 00 00 00 FC 05 A0 00 4E 20 01 00 68 05 00 00 5E 00 00 AD 24 05 64 00 93 4C A0 00        0    0     3000        0        0        0        0        0
   0.950497 CANFD   1 Rx        119                                   1 0 8  8 01 00 2C C9 BF 00 00 00        0    0     3000        0        0        0        0        0
   0.950792 CANFD   1 Rx        208                                   1 0 E 48 E2 0A 00 00 00 0D 9C 40 C8 0A 00 00 00 12 12 FC 31 0A FC 15 15 14 02 00 EC 0A 00 00 00 00 00 02 87 0A 00 08 00 00 00 00 00 00 4E 20 4E 20 02 02        0    0     3000        0        0        0        0        0
   0.950937 CANFD   1 Rx        32B                                   1 0 A 16 FA 0D 1C 0D 11 13 0D 06 00 0D 30 00 1E F9 C4 00        0    0     3000        0        0        0        0        0
   0.951088 CANFD   1 Rx        41F                                   1 0 A 16 00 0E 00 00 01 00 00 00 E9 0E 00 00 00 00 5E 00        0    0     3000        0        0        0        0        0
   0.951201 CANFD   1 Rx        181                                   1 0 8  8 48 0E A0 00 00 00 03 E8        0    0     3000        0        0        0        0        0
   0.951311 CANFD   1 Rx        191                                   1 0 8  8 9A 0E 8A 13 88 00 00 00        0    0     3000        0        0        0        0        0
   0.951423 CANFD   1 Rx        233                                   1 0 8  8 00 00 02 C4 00 00 00 00        0    0     3000        0        0        0        0        0
   0.951573 CANFD   1 Rx        171                                   1 0 A 16 2B 0E 00 00 00 00 00 00 00 00 00 00 00 00 00 00        0    0     3000        0        0        0        0        0
   0.951936 CANFD   1 Rx        555                                   1 0 F 64 12 A4 00 01 00 00 00 00 E9 E9 EA EA 00 00 00 00 00 00 00 00 5A A5 5A A5 17 17 17 17 17 17 17 17 FB FA FA F9 FC F9 FB FB FA FA 17 00 00 00 00 00 00 00 00 00 00 00 00 00 00 00 13 87 00 FF FF FF        0    0     3000        0        0        0        0        0
   0.952048 CANFD   1 Rx        2B4                                   1 0 8  8 00 00 FE FE FE FE 00 00        0    0     3000        0        0        0        0        0
   0.952198 CANFD   1 Rx        27E                                   1 0 A 16 70 05 00 00 00 00 00 00 49 05 00 03 C0 00 00 00        0    0     3000        0        0        0        0        0
   0.952671 CANFD   1 Rx        448                                   1 0 D 32 00 00 01 20 00 00 00 14 00 00 00 00 00 00 00 00 00 00 08 00 00 00 00 00 00 00 00 00 00 00 00 00        0    0     3000        0        0        0        0        0
   0.953304 CANFD   1 Rx        4A0                                   1 0 F 64 00 0D 23 1F 00 00 00 00 00 0D 28 06 0D 00 00 00 00 0D 00 01 01 0A 00 00 00 0D 00 00 64 00 00 00 00 0D 1D 00 03 00 00 03 00 0D 00 00 1B 00 3C 0A 00 0D 04 00 00 00 00 00 00 0D F5 20 A5 20 A5 20        0    0     3000        0        0        0        0        0
   0.953838 CANFD   1 Rx        201                                   1 0 8  8 DD 04 00 00 00 00 00 00        0    0     3000        0        0        0        0        0
   0.956436 CANFD   1 Rx         21                                   1 0 8  8 F4 00 07 DA 00 00 00 00        0    0     3000        0        0        0        0        0
   0.956823 CANFD   1 Rx        23B                                   1 0 8  8 45 05 03 81 7F 00 00 00        0    0     3000        0        0        0        0        0
   0.956936 CANFD   1 Rx        35B                                   1 0 8  8 00 00 06 00 00 00 00 00        0    0     3000        0        0        0        0        0
   0.959932 CANFD   1 Rx        284                                   1 0 8  8 00 00 64 00 00 00 00 00        0    0     3000        0        0        0        0        0
   0.960372 CANFD   1 Rx        102                                   1 0 E 48 58 16 0F AA 4F F6 39 20 00 06 92 40 00 02 00 00 D6 06 A0 00 A0 00 00 00 1B 06 A0 00 4E 20 01 00 8F 06 00 00 5E 00 00 AD C3 06 64 00 93 4C A0 00        0    0     3000        0        0        0        0        0
   0.960483 CANFD   1 Rx        119                                   1 0 8  8 01 00 2C C9 BF 00 00 00        0    0     3000        0        0        0        0        0
   0.960772 CANFD   1 Rx        20B                                   1 0 E 48 A9 0A 9B F0 00 05 00 84 6F 0A FF E0 05 32 0B 31 F8 0A 01 90 16 40 00 00 00 0A 9B F0 32 64 32 32 AC 0A 99 00 00 00 23 A0 00 0A 00 12 CC F9 BA F0        0    0     3000        0        0        0        0        0
   0.960921 CANFD   1 Rx        4C8                                   1 0 A 16 00 00 1C 0D 11 13 0D 06 00 00 30 00 00 00 00 00        0    0     3000        0        0        0        0        0
   0.961285 CANFD   1 Rx        555                                   1 0 F 64 12 A4 00 01 00 00 00 00 E9 E9 EA EA 00 00 00 00 00 00 00 00 5A A5 5A A5 17 17 17 17 17 17 17 17 FB FA FA F9 FC F9 FB FB FA FA 17 00 00 00 00 00 00 00 00 00 00 00 00 00 00 00 13 87 00 FF FF FF        0    0     3000        0        0        0        0        0
   0.961398 CANFD   1 Rx        181                                   1 0 8  8 49 00 A0 00 00 00 03 E8        0    0     3000        0        0        0        0        0
   0.961508 CANFD   1 Rx        191                                   1 0 8  8 9B 00 8A 13 88 00 00 00        0    0     3000        0        0        0        0        0
   0.961625 CANFD   1 Rx          0                                   1 0 8  8 00 00 00 00 00 00 00 00        0    0     3000        0        0        0        0        0
   0.961742 CANFD   1 Rx          0                                   1 0 8  8 00 00 00 00 00 00 00 00        0    0     3000        0        0        0        0        0
   0.961859 CANFD   1 Rx          0                                   1 0 8  8 00 00 00 00 00 00 00 00        0    0     3000        0        0        0        0        0
   0.961977 CANFD   1 Rx          0                                   1 0 8  8 00 00 00 00 00 00 00 00        0    0     3000        0        0        0        0        0
   0.962094 CANFD   1 Rx          0                                   1 0 8  8 00 00 00 00 00 00 00 00        0    0     3000        0        0        0        0        0
   0.962211 CANFD   1 Rx          0                                   1 0 8  8 00 00 00 00 00 00 00 00        0    0     3000        0        0        0        0        0
   0.962362 CANFD   1 Rx        171                                   1 0 A 16 2A 00 00 00 00 00 00 00 00 00 00 00 00 00 00 00        0    0     3000        0        0        0        0        0
   0.962750 CANFD   1 Rx          0                                   1 0 F 64 00 00 00 00 00 00 00 00 00 00 00 00 00 00 00 00 00 00 00 00 00 00 00 00 00 00 00 00 00 00 00 00 00 00 00 00 00 00 00 00 00 00 00 00 00 00 00 00 00 00 00 00 00 00 00 00 00 00 00 00 00 00 00 00        0    0     3000        0        0        0        0        0
   0.963139 CANFD   1 Rx          0                                   1 0 F 64 00 00 00 00 00 00 00 00 00 00 00 00 00 00 00 00 00 00 00 00 00 00 00 00 00 00 00 00 00 00 00 00 00 00 00 00 00 00 00 00 00 00 00 00 00 00 00 00 00 00 00 00 00 00 00 00 00 00 00 00 00 00 00 00        0    0     3000        0        0        0        0        0
   0.963527 CANFD   1 Rx          0                                   1 0 F 64 00 00 00 00 00 00 00 00 00 00 00 00 00 00 00 00 00 00 00 00 00 00 00 00 00 00 00 00 00 00 00 00 00 00 00 00 00 00 00 00 00 00 00 00 00 00 00 00 00 00 00 00 00 00 00 00 00 00 00 00 00 00 00 00        0    0     3000        0        0        0        0        0
   0.963915 CANFD   1 Rx          0                                   1 0 F 64 00 00 00 00 00 00 00 00 00 00 00 00 00 00 00 00 00 00 00 00 00 00 00 00 00 00 00 00 00 00 00 00 00 00 00 00 00 00 00 00 00 00 00 00 00 00 00 00 00 00 00 00 00 00 00 00 00 00 00 00 00 00 00 00        0    0     3000        0        0        0        0        0
   0.964033 CANFD   1 Rx          0                                   1 0 8  8 00 00 00 00 00 00 00 00        0    0     3000        0        0        0        0        0
   0.964150 CANFD   1 Rx          0                                   1 0 8  8 00 00 00 00 00 00 00 00        0    0     3000        0        0        0        0        0
   0.964267 CANFD   1 Rx          0                                   1 0 8  8 00 00 00 00 00 00 00 00        0    0     3000        0        0        0        0        0
   0.964384 CANFD   1 Rx          0                                   1 0 8  8 00 00 00 00 00 00 00 00        0    0     3000        0        0        0        0        0
   0.964497 CANFD   1 Rx        462                                   1 0 8  8 00 00 00 04 00 00 0A 00        0    0     3000        0        0        0        0        0
   0.964608 CANFD   1 Rx        2AB                                   1 0 8  8 E2 06 00 00 00 00 00 3C        0    0     3000        0        0        0        0        0
   0.964802 CANFD   1 Rx        3DF                                   1 0 C 24 00 00 00 00 00 00 02 00 00 00 00 00 00 00 00 00 00 00 00 00 00 00 00 00        0    0     3000        0        0        0        0        0
   0.966490 CANFD   1 Rx         21                                   1 0 8  8 A9 01 07 DA 00 00 00 00        0    0     3000        0        0        0        0        0
   0.966809 CANFD   1 Rx        49D                                   1 0 8  8 2E 0D 80 00 00 00 00 00        0    0     3000        0        0        0        0        0
   0.966930 CANFD   1 Rx        2FF                                   1 0 8  8 00 00 00 00 00 00 00 00        0    0     3000        0        0        0        0        0
   0.969862 CANFD   1 Rx        457                                   1 0 A 16 00 00 00 00 13 00 11 11 00 00 00 08 00 13 00 08        0    0     3000        0        0        0        0        0
   0.970372 CANFD   1 Rx        102                                   1 0 E 48 64 17 0F AC 4F F6 39 20 00 07 92 40 00 02 00 00 8B 07 A0 00 A0 00 00 00 46 07 A0 00 4E 20 01 00 D2 07 00 00 5E 00 00 AD 9E 07 64 00 93 4C A0 00        0    0     3000        0        0        0        0        0
   0.970483 CANFD   1 Rx        119                                   1 0 8  8 01 00 2C C9 BF 00 00 00        0    0     3000        0        0        0        0        0
   0.970778 CANFD   1 Rx        208                                   1 0 E 48 BF 0B 00 00 00 0D 9C 40 95 0B 00 00 00 12 12 FC 6C 0B FC 15 15 14 02 00 B1 0B 00 00 00 00 00 02 6F 0B 00 0C 00 00 00 00 00 00 4E 20 4E 20 02 02        0    0     3000        0        0        0        0        0
   0.971124 CANFD   1 Rx        33B                                   1 0 F 64 0D 09 0D 09 0D 09 0D 08 0D 07 0D 08 0D 08 0D 07 0D 07 0D 0D 0D 08 0D 08 0D 09 0D 08 0D 09 0D 08 0D 08 0D 07 0D 06 0D 10 0D 09 0D 07 0D 06 0D 07 0D 07 0D 09 0D 08 0D 11 0D 08 0D 08 00 01 1E FF        0    0     3000        0        0        0        0        0
   0.971238 CANFD   1 Rx        181                                   1 0 8  8 14 01 A0 00 00 00 03 E8        0    0     3000        0        0        0        0        0